shrid2,state_name,district_name,land_area_sq_km,total_population,total_consumption,per_capita_consumption,poverty_rate,total_firms_count,total_employment,manufacturing_employment,services_employment,distance_to_town_km,commercial_bank_availability,cooperative_bank_availability,all_weather_road_access,commercial_power_supply,local_market_availability,subdistrict_name,village_name
11-17-297-01985-277436,Meghalaya,Ri Bhoi,2.4852216,233,90669.90625,12700.8427734375,0.579766511917114,9,24,0,14,,0,0,0,0,0,umling,paham birlum
11-17-297-01985-277437,Meghalaya,Ri Bhoi,1.5061128,324,77658.78125,15023.275390625,0.372023820877075,4,8,0,8,,0,0,0,0,0,umling,paham birthem
11-17-297-01985-277438,Meghalaya,Ri Bhoi,0.8167443,391,88667.921875,14439.5595703125,0.40966922044754,5,24,0,24,,0,0,0,0,0,umling,mawphrew
11-17-297-01985-277439,Meghalaya,Ri Bhoi,43.841114,123,63733.7578125,14105.0126953125,0.3360655605793,7,24,0,24,,0,0,0,0,0,umling,umsohma
11-17-297-01985-277441,Meghalaya,Ri Bhoi,0.68571925,301,50094.1484375,9661.0146484375,0.846428573131561,24,68,0,54,,0,0,0,0,0,umling,nongrabil
11-17-297-01985-277443,Meghalaya,Ri Bhoi,0.48341566,136,50366.4597120098,9917.72010361366,0.714285723030797,21,51,0,31,,0,0,1,0,0,umling,tagongbari
11-17-297-01985-277444,Meghalaya,Ri Bhoi,0.52317286,242,56575.2890625,12413.1435546875,0.582278490066528,59,173,0,173,,0,0,0,0,0,umling,nongspung b
11-17-297-01985-277445,Meghalaya,Ri Bhoi,1.0387193,183,50291.5669899425,9701.477482764,0.73170733914407,35,93,2,69,,0,0,0,0,0,umling,nongspung a
11-17-297-01985-277448,Meghalaya,Ri Bhoi,2.376929,304,59994.79296875,12433.1318359375,0.575657904148102,26,55,0,55,,0,0,0,0,0,umling,chibra
11-17-297-01985-277449,Meghalaya,Ri Bhoi,1.10343,842,75358.7578125,15288.87109375,0.374549806118012,86,175,7,168,,0,0,0,0,0,umling,umtyrnga
11-17-297-01985-277450,Meghalaya,Ri Bhoi,2.946568,412,,,,,,,,,0,0,0,0,0,umling,mawiong
11-17-297-01985-277451,Meghalaya,Ri Bhoi,2.8050587,204,55077.78515625,13405.1748046875,0.269841283559799,6,13,0,13,,0,0,0,0,0,umling,barapathar
11-17-297-01985-277452,Meghalaya,Ri Bhoi,1.3691875,881,129024.571982347,26722.8765887475,0.088537551939723,31,109,0,93,,0,0,0,0,0,umling,pillangkata a
11-17-297-01985-277455,Meghalaya,Ri Bhoi,1.3330096,1100,90175.7109375,19832.458984375,0.245131731033325,32,68,0,51,,0,0,0,0,0,umling,patharkushi
11-17-297-01985-277456,Meghalaya,Ri Bhoi,0.98270184,203,63835.37890625,11544.6962890625,0.624113500118256,3,50,44,6,,0,0,0,0,0,umling,hatimara
11-17-297-01985-277457,Meghalaya,Ri Bhoi,0.9308574,650,116940.796875,24094.373046875,0.191829487681389,64,292,41,91,,0,0,0,0,0,umling,maikhuli
11-17-297-01985-277458,Meghalaya,Ri Bhoi,1.2417849,34,149462.8125,25518.041015625,0.414634138345718,,,,,,0,0,0,0,0,umling,koinadhara
11-17-297-01985-277459,Meghalaya,Ri Bhoi,1.8532709,357,56969.01171875,10185.3681640625,0.669696986675263,17,70,7,20,,0,0,0,0,0,umling,lalmati
11-17-297-01985-277460,Meghalaya,Ri Bhoi,2.7038538,1646,99510.40625,21542.1484375,0.166775673627853,244,678,28,609,,1,0,0,1,1,umling,khanapara
11-17-297-01985-277463,Meghalaya,Ri Bhoi,0.54785174,1320,96326.046875,19418.513671875,0.204244032502174,41,90,0,85,,0,0,0,0,1,umling,baridua
11-17-297-01985-277465,Meghalaya,Ri Bhoi,0.6949994,131,56208.85078125,13115.3984277344,0.503333318829536,22,74,0,62,,0,0,0,0,0,umling,gambalbari a
11-17-297-01985-277468,Meghalaya,Ri Bhoi,0.8972256,1531,73249.703125,12268.169921875,0.498248070478439,73,492,246,246,,1,0,0,1,0,umling,mawsmai
11-17-297-01985-277469,Meghalaya,Ri Bhoi,1.1167152,554,73184.4375,13765.9794921875,0.443378120660782,8,19,0,19,,0,0,0,0,1,umling,nongthymmai garo
11-17-297-01985-277470,Meghalaya,Ri Bhoi,0.86357903,435,87191.6640625,17438.33203125,0.229508191347122,31,123,45,76,,0,0,0,0,0,umling,khasi killing
11-17-297-01985-277471,Meghalaya,Ri Bhoi,0.96978736,145,65729.6796875,11867.859375,0.527777791023254,2,3,0,3,,0,0,0,0,0,umling,umdem
11-17-297-01985-277472,Meghalaya,Ri Bhoi,0.48465398,190,70890.1328125,14030.337890625,0.401041656732559,7,17,0,17,,0,0,0,0,0,umling,umnowe
11-17-297-01985-277474,Meghalaya,Ri Bhoi,3.4080608,367,63541.08203125,12497,0.487534612417221,4,9,0,9,,0,0,0,0,0,umling,umduba
11-17-297-01985-277475,Meghalaya,Ri Bhoi,2.7724597,123,71485.0234375,12009.4833984375,0.53600001335144,7,8,0,8,,0,0,0,0,0,umling,chota killing
11-17-297-01985-277476,Meghalaya,Ri Bhoi,1.1245577,146,62857.0078125,12753.595703125,0.637681186199188,5,16,0,11,,0,0,0,0,0,umling,woksikathem chotte killing
11-17-297-01985-277477,Meghalaya,Ri Bhoi,1.5019029,387,63759.5234375,12751.904296875,0.58947366476059,29,72,6,62,,0,0,0,0,0,umling,bara killing
11-17-297-01985-277478,Meghalaya,Ri Bhoi,0.584749,341,85449.5625,16224.6005859375,0.320675104856491,42,120,5,115,,1,0,0,1,0,umling,jorabat
11-17-297-01985-277480,Meghalaya,Ri Bhoi,0.24582918,424,83503.3518342391,16443.2971091075,0.361301364249563,31,63,4,47,,0,0,0,0,0,umling,upper jorbil
11-17-297-01985-277481,Meghalaya,Ri Bhoi,0.41735497,244,62454.4921875,11825.703125,0.576923072338104,11,19,0,17,,0,0,0,0,0,umling,model
11-17-297-01985-277482,Meghalaya,Ri Bhoi,0.25712553,200,51273.265625,9687.5751953125,0.658986151218414,,,,,,0,0,0,0,0,umling,matchogre
11-17-297-01985-277483,Meghalaya,Ri Bhoi,0.5275522,509,84211.125,17387.72265625,0.238866403698921,14,51,16,35,,0,0,1,1,1,umling,ampher
11-17-297-01985-277484,Meghalaya,Ri Bhoi,0.56969005,267,51805.50390625,9859.1787109375,0.698961913585663,,,,,,0,0,0,0,0,umling,amphrangiri
11-17-297-01985-277485,Meghalaya,Ri Bhoi,0.96867216,862,99135.3203125,19171.82421875,0.260709911584854,141,473,221,252,,0,0,0,1,1,umling,15th mile nongthymmai
11-17-297-01985-277486,Meghalaya,Ri Bhoi,0.6490724,244,85295.875,16671.466796875,0.204545453190804,4,5,0,5,,0,0,0,0,0,umling,nongkylla khasi
11-17-297-01985-277487,Meghalaya,Ri Bhoi,0.97870094,716,66324.546875,13621.8974609375,0.470254957675934,18,78,37,41,,0,0,0,0,1,umling,rangsakuna
11-17-297-01985-277488,Meghalaya,Ri Bhoi,1.9163287,455,90794.875,19921.982421875,0.246601939201355,77,218,62,156,,1,1,0,1,1,umling,borbhuin
11-17-297-01985-277489,Meghalaya,Ri Bhoi,0.3329752,169,90264.4964292561,18695.18798642,0.193138499347803,53,237,161,76,,1,0,0,1,1,umling,amjok
11-17-297-01985-277491,Meghalaya,Ri Bhoi,0.9773185,531,72867.5625,14409.7646484375,0.307865172624588,39,313,196,117,,0,0,0,1,1,umling,tamuli kuchi
11-17-297-01985-277493,Meghalaya,Ri Bhoi,0.95725083,298,87229.2360839844,18164.8736103579,0.211496750486776,127,247,24,223,,1,0,1,1,1,umling,lumnongrim
11-17-297-01985-277495,Meghalaya,Ri Bhoi,2.7630477,242,68325.4138439685,13365.9839568549,0.533515748100307,102,877,601,276,,0,0,0,1,1,umling,balian
11-17-297-01985-277497,Meghalaya,Ri Bhoi,1.6955088,189,61166.74609375,11062.0712890625,0.734042525291443,1,1,0,1,,0,0,0,0,0,umling,kongkhatkhuli
11-17-297-01985-277498,Meghalaya,Ri Bhoi,3.4562263,184,65339.93359375,15016.009765625,0.229813665151596,3,6,0,6,,0,0,0,0,0,umling,bolbalu
11-17-297-01985-277499,Meghalaya,Ri Bhoi,0.9032705,319,62562.37890625,11861.98046875,0.568807363510132,6,17,0,17,,0,0,0,0,0,umling,santipur
11-17-297-01985-277500,Meghalaya,Ri Bhoi,1.6257544,103,,,,29,73,8,45,,0,0,0,0,0,umling,umsarang
11-17-297-01985-277501,Meghalaya,Ri Bhoi,5.9656024,85,61861.60546875,12689.5595703125,0.589743614196777,4,8,0,8,,0,0,0,0,0,umling,rubber khuli
11-17-297-01985-277502,Meghalaya,Ri Bhoi,3.5032215,202,64434.88671875,13955.943359375,0.3087557554245,8,13,0,13,,0,0,0,0,0,umling,panitola damsite
11-17-297-01985-277504,Meghalaya,Ri Bhoi,2.88788,61,76974.5625,19956.369140625,0.0740740746259689,13,33,2,31,,0,0,0,0,0,umling,pamsohbar
11-17-297-01985-277506,Meghalaya,Ri Bhoi,0.29730958,353,49592.5,9666.3349609375,0.810734450817108,5,14,0,14,,0,0,0,0,0,umling,upper norbong
11-17-297-01985-277507,Meghalaya,Ri Bhoi,2.266882,488,63259.8125,12483.6435546875,0.558758318424225,18,169,133,36,,0,0,0,0,0,umling,jojwabil
11-17-297-01985-277508,Meghalaya,Ri Bhoi,0.66733974,199,68269.3549804688,13320.850186976,0.57317074061167,38,183,88,74,,0,0,0,0,1,umling,nerbong
11-17-297-01985-277511,Meghalaya,Ri Bhoi,1.1981127,254,61904.515625,14318.05078125,0.459183663129807,19,40,0,40,,0,0,0,0,0,umling,upper bagan
11-17-297-01985-277512,Meghalaya,Ri Bhoi,1.8464491,526,67168.7421875,13045.1689453125,0.497933894395828,6,7,0,7,,0,0,0,0,0,umling,dehal
11-17-297-01985-277513,Meghalaya,Ri Bhoi,0.9525744,79,74359.3125,14871.8623046875,0.214285716414452,3,4,1,3,,0,0,0,0,0,umling,nongkylla mikir
11-17-297-01985-277514,Meghalaya,Ri Bhoi,1.8300889,212,92464.9453125,17536.455078125,0.366379320621491,13,226,0,226,,0,0,0,0,0,umling,pahamlang-17th mile
11-17-297-01985-277515,Meghalaya,Ri Bhoi,1.0555043,707,70377.4609375,13977.74609375,0.466666668653488,96,157,0,157,,0,0,0,0,0,umling,umdoh-18th mile
11-17-297-01985-277517,Meghalaya,Ri Bhoi,4.109473,473,92253.7109375,18644.9609375,0.214736849069595,40,152,45,107,,0,0,0,1,0,umling,harli bagan
11-17-297-01985-277518,Meghalaya,Ri Bhoi,1.0328755,555,68014.2890625,13675.4716796875,0.553380787372589,16,75,0,75,,0,0,0,0,0,umling,nniangbarithem
11-17-297-01985-277519,Meghalaya,Ri Bhoi,5.258807,374,67125.109375,14747.18359375,0.368686854839325,2,8,0,8,,0,0,0,0,0,umling,niangbarilum
11-17-297-01985-277520,Meghalaya,Ri Bhoi,1.172561,131,,,,3,8,0,8,,0,0,0,0,0,umling,umsarang
11-17-297-01985-277521,Meghalaya,Ri Bhoi,3.8260741,272,57934.55078125,11893.8486328125,0.589403986930847,4,15,6,9,,0,0,0,0,0,umling,kongripara
11-17-297-01985-277522,Meghalaya,Ri Bhoi,1.9381261,520,54259.8349231699,9752.76060108537,0.764647469442438,89,208,0,208,,0,0,0,0,0,umling,sohkhwai
11-17-297-01985-277525,Meghalaya,Ri Bhoi,2.7762764,425,89977.3828125,15243.2275390625,0.400000005960465,3,14,0,14,,0,0,1,0,0,umling,umdu
11-17-297-01985-277526,Meghalaya,Ri Bhoi,5.5097294,115,66451.2578125,16175.634765625,0.243421047925949,1,1,1,0,,0,0,0,0,0,umling,umladoh
11-17-297-01985-277528,Meghalaya,Ri Bhoi,10.796642,1296,78605,16556.9921875,0.428867399692535,149,371,50,306,,0,0,1,0,0,umling,umling
11-17-297-01985-277529,Meghalaya,Ri Bhoi,3.3878627,64,59555.3203125,13922.0234375,0.311688303947449,23,54,17,15,,0,0,0,0,0,umling,sohkpu
11-17-297-01985-277530,Meghalaya,Ri Bhoi,1.2305489,539,82386.7578125,15644.6533203125,0.339969366788864,24,46,0,46,,0,0,0,0,0,umling,paham mawlein-20th mile
11-17-297-01985-277531,Meghalaya,Ri Bhoi,1.5415448,530,80092.8046875,13803.8740234375,0.473484843969345,,,,,,0,0,0,0,0,umling,narang
11-17-297-01985-277532,Meghalaya,Ri Bhoi,1.0510117,151,69691.7109375,12277.296875,0.533678770065308,14,38,10,25,,0,0,0,0,0,umling,umdap rangi
11-17-297-01985-277533,Meghalaya,Ri Bhoi,0.5913508,210,59910.50390625,9091.4775390625,0.735408544540405,37,82,3,79,,0,0,0,0,0,umling,umjong
11-17-297-01985-277534,Meghalaya,Ri Bhoi,2.013729,180,85799.390625,17159.876953125,0.0764705911278724,38,44,0,38,,0,0,0,0,0,umling,ranghona
11-17-297-01985-277535,Meghalaya,Ri Bhoi,0.85633975,276,103609.0078125,19454.966796875,0.253275096416473,19,38,4,34,,0,0,0,0,0,umling,lum nongthymmai byrnihat
11-17-297-01985-277537,Meghalaya,Ri Bhoi,4.9593296,288,51408.5234375,10130.5029296875,0.729411780834198,74,165,11,130,,0,0,0,0,1,umling,shakoi kuna
11-17-297-01985-277538,Meghalaya,Ri Bhoi,1.3310901,223,63752.0625,12432.974609375,0.54356849193573,66,163,5,148,,0,0,0,0,0,umling,umdap dummu
11-17-297-01985-277540,Meghalaya,Ri Bhoi,3.356322,57,78795.0625,18910.814453125,0.140000000596046,11,22,0,22,,0,0,0,0,0,umling,dendral
11-17-297-01985-277541,Meghalaya,Ri Bhoi,2.029238,100,72867.4140625,11923.7587890625,0.47272726893425,4,6,1,5,,0,0,0,0,0,umling,umpyrling
11-17-297-01985-277542,Meghalaya,Ri Bhoi,28.854883,199,64494.11328125,10597.6240234375,0.65727698802948,7,16,0,16,,0,0,0,0,0,umling,rongsahep
11-17-297-01985-277543,Meghalaya,Ri Bhoi,13.459044,165,79589.0625,15392.2255859375,0.216981127858162,19,31,0,31,,0,0,0,0,0,umling,rongbeta
11-17-297-01985-277544,Meghalaya,Ri Bhoi,12.091966,484,83801.8046875,14257.396484375,0.342155009508133,50,153,0,153,,0,0,0,0,0,umling,marmain
11-17-297-01985-277545,Meghalaya,Ri Bhoi,2.098796,114,52441.70703125,13110.4267578125,0.651785731315613,2,3,0,3,,0,0,0,0,0,umling,khongwing
11-17-297-01985-277546,Meghalaya,Ri Bhoi,2.114205,117,62458.191875,12135.659321365,0.590673563239488,61,129,0,129,,0,0,0,0,0,umling,belkuri
11-17-297-01985-277548,Meghalaya,Ri Bhoi,4.5872173,268,67019.9609375,13631.177734375,0.535593211650848,3,5,0,5,,0,0,0,0,0,umling,jowe
11-17-297-01985-277549,Meghalaya,Ri Bhoi,8.293155,193,69628.8020647321,13280.6978031335,0.531335138738643,104,155,0,148,,0,0,0,0,0,umling,khuswai
11-17-297-01985-277551,Meghalaya,Ri Bhoi,14.801657,45,78144.6171875,17908.142578125,0.20833332836628,1,1,0,1,,0,0,0,0,0,umling,margang
11-17-297-01985-277552,Meghalaya,Ri Bhoi,2.7919195,272,56595.03125,13264.4609375,0.51171875,39,80,0,75,,0,0,0,0,0,umling,pahamjri
11-17-297-01985-277553,Meghalaya,Ri Bhoi,13.793426,470,66907.265625,11277.9296875,0.670454561710358,24,55,0,51,,0,0,0,0,0,umling,korstep nongtluh
11-17-297-01985-277554,Meghalaya,Ri Bhoi,1.5443037,326,75325.5546875,13171.681640625,0.483606547117233,,,,,,0,0,0,0,0,umling,manipur
11-17-297-01985-277555,Meghalaya,Ri Bhoi,2.8747222,193,65639.7734375,12531.2294921875,0.540909111499786,3,13,7,6,,0,0,0,0,0,umling,langphadur
11-17-297-01985-277556,Meghalaya,Ri Bhoi,3.4785042,193,76800.375,13087.05859375,0.614349782466888,6,13,6,7,,0,0,0,0,0,umling,bleishiah
11-17-297-01985-277557,Meghalaya,Ri Bhoi,5.233491,302,92698.1171875,16905.431640625,0.34042552113533,10,69,38,31,,0,0,0,0,0,umling,khulia
11-17-297-01985-277560,Meghalaya,Ri Bhoi,6.147215,161,72094.6002301357,11178.1292114258,0.644230774603784,79,140,38,100,,0,0,0,0,0,umling,umrang nongbah
11-17-297-01985-277562,Meghalaya,Ri Bhoi,6.4359016,266,97278.1953125,16156.9326171875,0.252595156431198,6,16,0,16,,0,0,0,0,0,umling,umsohkhar
11-17-297-01985-277563,Meghalaya,Ri Bhoi,2.5971918,118,89304.7265625,19440.484375,0.170068025588989,34,104,58,39,,0,0,1,0,0,umling,kynton phanram
11-17-297-01985-277565,Meghalaya,Ri Bhoi,11.898932,210,61961.984375,11238.203125,0.563725471496582,1,3,0,3,,0,0,0,0,0,umling,umsehkhlieng
11-17-297-01985-277566,Meghalaya,Ri Bhoi,25.263094,339,84239.4453125,15684.220703125,0.41141140460968,61,117,25,73,,0,0,0,0,0,umling,umling lambrang
11-17-297-01985-277567,Meghalaya,Ri Bhoi,11.469975,249,67557.1015625,12696.9013671875,0.578014194965363,3,6,0,6,,0,0,0,0,0,umling,pahamshken
11-17-297-01985-277568,Meghalaya,Ri Bhoi,2.969171,501,86785.7734375,15632.2197265625,0.327122151851654,8,23,4,19,,0,0,1,0,1,umling,rongjari
11-17-297-01985-277569,Meghalaya,Ri Bhoi,3.3955002,132,57432.60546875,10792.7041015625,0.59060400724411,65,108,4,100,,0,0,0,0,0,umling,rongskong
11-17-297-01985-277570,Meghalaya,Ri Bhoi,2.092359,299,83005.234375,12280.2265625,0.646575331687927,92,154,3,96,,0,0,1,0,0,umling,plasha
11-17-297-01985-277571,Meghalaya,Ri Bhoi,6.6943674,186,85397.703125,14232.951171875,0.388888895511627,79,310,136,161,,0,0,0,0,0,umling,umshit
11-17-297-01985-277573,Meghalaya,Ri Bhoi,2.68696,548,76129.0740870787,13430.1042840994,0.412289395116129,31,96,15,81,,0,0,0,0,1,umling,umden nongtluh
11-17-297-01985-277574,Meghalaya,Ri Bhoi,2.0942929,1305,102590.375,19336.404296875,0.209424078464508,194,572,24,494,,0,0,0,1,0,umling,diwon
11-17-297-01985-277575,Meghalaya,Ri Bhoi,1.8557776,301,78857.8125,12524.4755859375,0.526470601558685,3,7,0,7,,0,0,0,0,0,umling,jermanai
11-17-297-01985-277576,Meghalaya,Ri Bhoi,2.1307347,119,90484.578125,16240.8212890625,0.333333343267441,1,10,0,10,,0,0,1,0,0,umling,pisamhuru
11-17-297-01985-277577,Meghalaya,Ri Bhoi,1.8396899,218,84635.03125,14105.8388671875,0.463963955640793,38,118,60,58,,0,0,0,0,1,umling,lumdieng
11-17-297-01985-277578,Meghalaya,Ri Bhoi,4.983642,277,77202.375,13378.0283203125,0.433212995529175,57,173,123,41,,0,0,0,0,0,umling,umpyrdong
11-17-297-01985-277579,Meghalaya,Ri Bhoi,1.324111,280,79028.8984375,17237.84765625,0.261744976043701,4,22,0,22,,0,0,0,0,0,umling,pahammardaloi
11-17-297-01985-277580,Meghalaya,Ri Bhoi,13.174653,201,96151.9140625,17297.169921875,0.322751313447952,1,2,0,2,,0,0,0,1,0,umling,nalapara
11-17-297-01985-277581,Meghalaya,Ri Bhoi,1.8537624,204,83559.0111860795,13566.7767671817,0.498154984629022,6.44607843137255,20.6274509803922,0,16.7598039215686,,0,0,0,0,0,umling,nongtyrlaw
11-17-297-01985-277583,Meghalaya,Ri Bhoi,0.8144261,447,67130.03125,10607.1259765625,0.729437232017517,9,23,4,19,,0,0,0,0,0,umling,purdua
11-17-297-01985-277586,Meghalaya,Ri Bhoi,2.8837874,281,93964.296875,16389.12109375,0.104651160538197,7,21,3,18,,0,0,0,0,0,umling,himpala
11-17-297-01985-277587,Meghalaya,Ri Bhoi,1.3849801,283,96008.515625,15615.84375,0.406626492738724,2,2,0,2,,0,0,0,0,0,umling,lalumpam
11-17-297-01985-277588,Meghalaya,Ri Bhoi,6.4758706,361,88318.75,11889.0625,0.586538434028626,12,43,0,43,,0,0,0,0,0,umling,tapempoanglong
11-17-297-01985-277589,Meghalaya,Ri Bhoi,1.0448011,112,100037.1875,17279.150390625,0.290909081697464,30,44,9,35,,0,0,0,0,0,umling,nangagang
11-17-297-01985-277591,Meghalaya,Ri Bhoi,1.0214807,297,98301.15625,16783.123046875,0.27526131272316,20,65,0,65,,0,0,0,0,0,umling,borgang
11-17-297-01985-277592,Meghalaya,Ri Bhoi,1.5752627,534,94006.59375,16340.990234375,0.267578125,16,44,0,44,,0,0,0,0,0,umling,umtham
11-17-297-01985-277594,Meghalaya,Ri Bhoi,4.0562716,286,92189.4127420775,14015.9490911904,0.496788027072106,25,51,0,51,,0,0,0,0,0,umling,umwangthem
11-17-297-01985-277595,Meghalaya,Ri Bhoi,2.3425317,247,81551.3125,13023.404296875,0.463878333568573,2,4,0,4,,0,0,0,0,0,umling,mawryngkang
11-17-297-01985-277596,Meghalaya,Ri Bhoi,3.3733573,149,92575.75,16302.6484375,0.289308190345764,32,34,0,34,,0,0,0,1,0,umling,parangang
11-17-297-01985-277597,Meghalaya,Ri Bhoi,11.955134,386,103087.5625,17823.55078125,0.257009357213974,7,18,0,18,,0,0,0,0,0,umling,barkhatsari
11-17-297-01985-277598,Meghalaya,Ri Bhoi,1.7752297,639,100330.625,17129.619140625,0.287456452846527,67,110,10,100,,0,0,0,0,0,umling,sarikushi
11-17-297-01985-277599,Meghalaya,Ri Bhoi,1.1014702,229,89135.328125,15313.9990234375,0.273127764463425,1,5,0,5,,0,0,0,0,0,umling,borkushi
11-17-297-01985-277602,Meghalaya,Ri Bhoi,4.783795,406,69236.703125,10998.5380859375,0.643229186534882,2,6,3,3,,0,0,0,0,0,umling,umshakait
11-17-297-01985-277603,Meghalaya,Ri Bhoi,2.0051568,132,74086.2109375,12434.0498046875,0.580419600009918,1,2,0,2,,0,0,0,0,0,umling,khmar
11-17-297-01985-277605,Meghalaya,Ri Bhoi,1.598863,147,77894.296875,16691.634765625,0.422619044780731,4,32,0,32,,0,0,0,0,0,umling,nongrim jyrmi
11-17-297-01985-277606,Meghalaya,Ri Bhoi,42.776352,48,74403.3984375,11904.5439453125,0.600000023841858,,,,,,0,0,0,0,0,umling,iewsier
11-17-297-01985-277607,Meghalaya,Ri Bhoi,1.7623336,408,66999.0234375,15120.40234375,0.461089491844177,16,25,1,23,,0,0,0,0,0,umling,pahamrinai
11-17-297-01985-277608,Meghalaya,Ri Bhoi,3.8239763,179,67761.640625,14280.3466796875,0.384297519922256,8,19,3,16,,0,0,0,0,0,umling,dulongnar
11-17-297-01985-277610,Meghalaya,Ri Bhoi,5.438416,80,87037.5859375,17583.349609375,0.171717166900635,25,41,0,38,,0,0,0,0,0,umling,ingjal b
11-17-297-01985-277611,Meghalaya,Ri Bhoi,1.7573817,102,109602.6875,18437.8359375,0.112149529159069,3,6,2,4,,0,0,0,0,0,umling,nongthymmai mathan
11-17-297-01985-277612,Meghalaya,Ri Bhoi,1.4499906,209,79864.203125,14912.4033203125,0.24896265566349,55,78,0,69,,0,0,0,0,0,umling,ingjal a
11-17-297-01985-277613,Meghalaya,Ri Bhoi,1.427638,426,69291.84375,14225.4775390625,0.362030893564224,8,16,0,16,,0,0,0,0,0,umling,pamkroh
11-17-297-01985-277614,Meghalaya,Ri Bhoi,2.3818686,937,90257.921875,15333.7470703125,0.262461841106415,15,33,4,29,,0,0,0,0,0,umling,mawphru
11-17-297-01985-277615,Meghalaya,Ri Bhoi,2.7765305,209,79513.4765625,13517.2900390625,0.465000003576279,4,8,0,8,,0,0,0,0,0,umling,umbimathan
11-17-297-01985-277616,Meghalaya,Ri Bhoi,1.6176878,587,68648.7734375,11729.556640625,0.627697825431824,6,17,0,17,,0,0,0,0,0,umling,umjari
11-17-297-01985-277617,Meghalaya,Ri Bhoi,1.9418496,969,88809.03125,15153.5576171875,0.368148922920227,87,157,24,48,,0,0,0,0,0,umling,umshaken
11-17-297-01985-277618,Meghalaya,Ri Bhoi,1.6975485,619,66644.4765625,11004.56640625,0.688271582126617,12,27,14,13,,0,0,0,0,0,umling,umpathaw
11-17-297-01985-277619,Meghalaya,Ri Bhoi,1.1805993,436,68743.1415327905,11904.3004299257,0.585365877136952,9,14,3,11,,0,0,0,0,0,umling,umlakhar
11-17-297-01985-277621,Meghalaya,Ri Bhoi,1.9479393,146,71096.2752130682,11560.3699179774,0.609756078860184,169,342,2,89,,0,0,1,0,0,umling,mawlong
11-17-297-01985-277625,Meghalaya,Ri Bhoi,0.8455556,807,76647.3046875,13592.6259765625,0.46921181678772,38,96,25,71,,0,0,0,1,0,umling,umkon
11-17-297-01985-277626,Meghalaya,Ri Bhoi,2.6774793,228,71897.71875,12687.83203125,0.529411792755127,6,15,1,14,,0,0,0,0,0,umling,sohtad
11-17-297-01985-277627,Meghalaya,Ri Bhoi,1.7398562,678,59645.0723597515,9842.0298501957,0.704771359090066,12,35,3,32,,0,0,0,0,0,umling,umdohkha
11-17-297-01985-277629,Meghalaya,Ri Bhoi,2.178742,175,73404.1171875,13482.3896484375,0.484693884849548,4,9,4,5,,0,0,0,0,0,umling,mawpdang
11-17-297-01985-277630,Meghalaya,Ri Bhoi,1.2795148,1224,58971.3984375,9768.8955078125,0.755420625209808,15,42,4,38,,0,0,0,0,0,umling,umsaw nongbri
11-17-297-01985-277631,Meghalaya,Ri Bhoi,1.7086598,334,58333.58203125,9408.642578125,0.83284455537796,5,13,4,9,,0,0,0,0,0,umling,umphing
11-17-297-01985-277632,Meghalaya,Ri Bhoi,1.1993032,661,88451.75,14996.529296875,0.368916809558868,7,25,0,25,,0,0,0,0,0,umling,umthangiong
11-17-297-01985-277633,Meghalaya,Ri Bhoi,2.3594894,622,66296.7265625,11742.2109375,0.615987479686737,5,25,14,11,,0,0,0,0,0,umling,kbet nongbri
11-17-297-01985-277634,Meghalaya,Ri Bhoi,4.4475927,131,64901.015625,12606.671875,0.582733809947968,3,6,0,6,,0,0,0,0,0,umling,umtathymmai
11-17-297-01985-277635,Meghalaya,Ri Bhoi,5.7335424,291,66876.328125,11537.7685546875,0.645367383956909,7,19,5,14,,0,0,0,0,0,umling,umtarim
11-17-297-01985-277636,Meghalaya,Ri Bhoi,3.5034392,232,84612.4375,16227.0419921875,0.365296810865402,12,68,38,28,,0,0,0,0,0,umling,mawsyntai
11-17-297-01985-277638,Meghalaya,Ri Bhoi,2.7875664,564,64632.05859375,10252.876953125,0.775100409984589,13,34,17,17,,0,0,0,0,0,umling,mawkangi
11-17-297-01985-277639,Meghalaya,Ri Bhoi,2.3132,336,55495.3125,9302.6826171875,0.768786132335663,5,19,0,19,,0,0,0,0,0,umling,lumkya
11-17-297-01985-277640,Meghalaya,Ri Bhoi,3.1129024,447,77505.3046875,11583.2109375,0.672527492046356,9,24,2,22,,0,0,0,1,0,umling,umkyrpiang
11-17-297-01985-277641,Meghalaya,Ri Bhoi,1.957747,114,55740,9768.8662109375,0.742268025875092,2,5,0,5,,0,0,0,0,0,umling,ryndhi
11-17-297-01985-277642,Meghalaya,Ri Bhoi,1.8220314,912,66836.2109375,11019.33203125,0.635775864124298,10,22,2,20,,0,0,0,0,0,umling,umkaduh
11-17-297-01985-277643,Meghalaya,Ri Bhoi,4.0096145,195,90390,12406.470703125,0.558823525905609,3,5,0,5,,0,0,0,1,0,umling,umsawnoldhi
11-17-297-01985-277644,Meghalaya,Ri Bhoi,2.493511,421,80810.078125,14181.15625,0.465181052684784,5,15,5,10,,0,0,0,0,0,umling,sohlaitrim
11-17-297-01985-277645,Meghalaya,Ri Bhoi,4.7770667,159,57739.15625,11478.265625,0.560240983963013,2,9,0,9,,0,0,0,0,0,umling,sohlaitthymmai
11-17-297-01985-277646,Meghalaya,Ri Bhoi,2.3790674,399,80794.7890625,13152.6396484375,0.462532311677933,4,12,4,8,,0,0,0,0,0,umling,nartap
11-17-297-01985-277647,Meghalaya,Ri Bhoi,1.7884501,763,76629.9453125,14462.5537109375,0.464788734912872,8,32,11,21,,0,0,0,0,0,umling,umdihar
11-17-297-01985-277648,Meghalaya,Ri Bhoi,2.0144315,382,74400.1328125,17249.19140625,0.301675975322723,6,16,0,16,,0,0,0,0,0,umling,erpakon
11-17-297-01985-277649,Meghalaya,Ri Bhoi,1.6669695,345,74076.8046875,15093.3974609375,0.471849858760834,13,35,9,23,,0,0,0,0,0,umling,jyntru
11-17-297-01985-277650,Meghalaya,Ri Bhoi,1.1714923,408,70847.796875,16046.72265625,0.378205120563507,12,29,0,28,,0,0,0,0,0,umling,quinine nongladew
11-17-297-01985-277652,Meghalaya,Ri Bhoi,1.176225,222,67143.021382914,14341.2282528606,0.511789184750862,24,43,8,33,,0,0,0,0,0,umling,umsawnongkharai
11-17-297-01985-277653,Meghalaya,Ri Bhoi,1.3556162,419,58580.1015625,9307.119140625,0.764018714427948,3,8,0,8,,0,0,0,0,0,umling,pahampdem
11-17-297-01985-277654,Meghalaya,Ri Bhoi,2.978477,216,56114.82421875,9268.966796875,0.758928596973419,4,9,0,9,,0,0,0,0,0,umling,pamhamdummu
11-17-297-01985-277655,Meghalaya,Ri Bhoi,1.0985357,480,53508.9375,9482.5966796875,0.827004194259644,5,13,0,13,,0,0,0,0,0,umling,pahamingding
11-17-297-01985-277656,Meghalaya,Ri Bhoi,1.0018063,145,99164.1875,17614.69140625,0.269736856222153,6,11,0,11,,0,0,0,0,0,umling,mawkhla
11-17-297-01985-277657,Meghalaya,Ri Bhoi,2.837144,101,53799.22265625,14010.2138671875,0.354166656732559,,,,,,0,0,0,0,0,umling,jolsyiem
11-17-297-01985-277658,Meghalaya,Ri Bhoi,2.9008708,356,,,,,,,,,0,0,0,0,0,umling,mawiong
11-17-297-01986-277659,Meghalaya,Ri Bhoi,7.0436406,118,47560.75390625,9270.31640625,0.864406764507294,3,7,0,7,,0,0,0,0,0,jirang,nongkyllang
11-17-297-01986-277660,Meghalaya,Ri Bhoi,5.533199,356,73094.28125,14618.85546875,0.379104465246201,3,8,0,8,,0,0,0,0,0,jirang,gonopati
11-17-297-01986-277661,Meghalaya,Ri Bhoi,15.794267,232,44616.9609375,8526.796875,0.866666674613953,2,6,0,6,,0,0,0,0,0,jirang,umsaliang
11-17-297-01986-277662,Meghalaya,Ri Bhoi,8.95127,179,53628.125,12644.029296875,0.512195110321045,11,33,0,33,,0,0,0,0,0,jirang,mairapur
11-17-297-01986-277663,Meghalaya,Ri Bhoi,8.898079,46,64762.19921875,12952.4404296875,0.46000000834465,3,11,0,11,,0,0,1,0,0,jirang,io muroh sakurbaria
11-17-297-01986-277664,Meghalaya,Ri Bhoi,2.596365,696,60009.27734375,14072.255859375,0.495956867933273,4,9,0,9,,0,0,0,0,0,jirang,umshru
11-17-297-01986-277665,Meghalaya,Ri Bhoi,0.92247653,280,63882.27734375,13437.306640625,0.568965494632721,3,12,0,12,,0,0,0,0,0,jirang,pahamushru
11-17-297-01986-277666,Meghalaya,Ri Bhoi,14.335166,107,50476.9481770833,10122.3825670538,0.735294108722299,14,47,13,34,,0,0,0,0,0,jirang,umkrem dykhong
11-17-297-01986-277668,Meghalaya,Ri Bhoi,4.459656,244,52553.2074191046,10263.1608108985,0.70914127126625,24,70,0,70,,0,0,0,0,0,jirang,nongrim jirang
11-17-297-01986-277671,Meghalaya,Ri Bhoi,11.150147,505,70937.046875,13230.322265625,0.545634925365448,17,40,2,38,,0,0,1,0,0,jirang,patgaon
11-17-297-01986-277672,Meghalaya,Ri Bhoi,2.2713802,51,61226.3984375,15017.7958984375,0.471698105335236,,,,,,0,0,0,0,0,jirang,sokunijira
11-17-297-01986-277673,Meghalaya,Ri Bhoi,2.8394082,359,47193.45703125,9330.51171875,0.787965595722199,3,7,0,7,,0,0,0,0,0,jirang,umiong
11-17-297-01986-277674,Meghalaya,Ri Bhoi,7.850267,219,67759.9140625,13192.1953125,0.610619485378265,5,11,0,11,,0,0,1,0,0,jirang,bilpara
11-17-297-01986-277675,Meghalaya,Ri Bhoi,5.2713733,427,60658.953125,12512.6083984375,0.587443947792053,16,37,10,27,,0,0,0,0,0,jirang,bakhlapara
11-17-297-01986-277676,Meghalaya,Ri Bhoi,11.123771,186,72470.5518535539,12855.6462567935,0.537391328397005,34,72,13,59,,0,0,1,0,1,jirang,umlakro
11-17-297-01986-277678,Meghalaya,Ri Bhoi,12.206104,49,75087.3203125,16856.337890625,0.102040819823742,1,2,0,2,,0,0,0,0,0,jirang,halher
11-17-297-01986-277679,Meghalaya,Ri Bhoi,10.338953,277,46732.2421875,9346.4482421875,0.800000011920929,5,13,0,13,,0,0,0,0,0,jirang,nongsier
11-17-297-01986-277680,Meghalaya,Ri Bhoi,1.1244149,552,65339.56640625,11181.1015625,0.711229920387268,16,39,7,32,,0,0,0,0,0,jirang,mynnar jirang
11-17-297-01986-277681,Meghalaya,Ri Bhoi,0.63890684,204,57479.984375,9836.1474609375,0.721925139427185,3,7,0,7,,0,0,0,0,0,jirang,nongthtmmai
11-17-297-01986-277682,Meghalaya,Ri Bhoi,4.28057,295,61029.23828125,11704.2373046875,0.640410959720612,7,24,0,19,,0,0,0,0,0,jirang,iosohksang
11-17-297-01986-277683,Meghalaya,Ri Bhoi,1.7429942,64,70391.298828125,14736.1230359229,0.46168225624851,13,24,0,24,,0,0,0,0,0,jirang,umsohpanan
11-17-297-01986-277685,Meghalaya,Ri Bhoi,0.67748266,236,74422.8137826493,15680.2784861439,0.314465418036254,3,26,0,26,,0,0,0,0,1,jirang,centre
11-17-297-01986-277687,Meghalaya,Ri Bhoi,1.6353192,709,69455.9765625,12303.6298828125,0.604285717010498,8,28,0,28,,0,0,0,0,1,jirang,wahsynon
11-17-297-01986-277688,Meghalaya,Ri Bhoi,0.7034951,1215,93189.046875,17458.3984375,0.401332229375839,83,259,35,224,,0,0,1,1,1,jirang,pathar khmah
11-17-297-01986-277689,Meghalaya,Ri Bhoi,1.1653975,560,73627.640625,15480.015625,0.340989410877228,21,50,14,36,,0,0,0,0,0,jirang,barigaon
11-17-297-01986-277690,Meghalaya,Ri Bhoi,4.447722,416,74531.5625,14455.7431640625,0.380352646112442,57,85,2,83,,0,0,0,0,0,jirang,umsaw
11-17-297-01986-277691,Meghalaya,Ri Bhoi,4.2185645,885,57679.1328125,11101.6826171875,0.723655939102173,14,31,0,31,,0,0,0,0,0,jirang,umkynsier
11-17-297-01986-277692,Meghalaya,Ri Bhoi,5.5586853,418,59403.60546875,10916.6533203125,0.627684950828552,5,7,0,7,,0,0,0,0,0,jirang,pathardharo umjyrha
11-17-297-01986-277693,Meghalaya,Ri Bhoi,7.815416,266,79848.734375,13407.4365234375,0.563432812690735,11,30,0,30,,0,0,1,0,0,jirang,ranibari
11-17-297-01986-277694,Meghalaya,Ri Bhoi,9.048397,313,58808.4852089185,14378.9975478623,0.395604407005421,8,19,0,19,,0,0,0,0,0,jirang,balakhowa
11-17-297-01986-277696,Meghalaya,Ri Bhoi,4.7153125,24,58223.765625,10586.1396484375,0.681818187236786,,,,,,0,0,0,0,0,jirang,rajabala
11-17-297-01986-277697,Meghalaya,Ri Bhoi,3.3609588,134,61161.0859375,13210.7939453125,0.472000002861023,3,8,0,8,,0,0,0,0,0,jirang,mawden kperblang
11-17-297-01986-277698,Meghalaya,Ri Bhoi,2.312166,205,69651.9765625,12950.3671875,0.462311565876007,8,8,0,8,,0,0,0,0,0,jirang,mawdendomphlang
11-17-297-01986-277699,Meghalaya,Ri Bhoi,4.954047,284,58787.859375,13340.322265625,0.473076909780502,3,4,0,4,,0,0,0,0,0,jirang,mawden mawshohshrieh
11-17-297-01986-277700,Meghalaya,Ri Bhoi,6.9175367,231,65382.125,16872.806640625,0.221198156476021,6,8,1,7,,0,0,0,0,0,jirang,rajakhumai
11-17-297-01986-277702,Meghalaya,Ri Bhoi,3.2600644,263,64182.921875,12919.9384765625,0.467532455921173,2,3,0,3,,0,0,0,0,0,jirang,bernongsai nongspung
11-17-297-01986-277703,Meghalaya,Ri Bhoi,2.4373932,140,75782.5234375,16474.4609375,0.231884062290192,4,9,0,9,,0,0,0,0,0,jirang,bernongsai nongkhlaw
11-17-297-01986-277704,Meghalaya,Ri Bhoi,5.9199347,351,63853.3046875,15203.16796875,0.363095223903656,6,10,0,10,,0,0,0,0,0,jirang,belahari
11-17-297-01986-277705,Meghalaya,Ri Bhoi,3.3691087,71,72876.71875,12317.19140625,0.366197168827057,1,4,0,4,,0,0,1,0,0,jirang,akhoinijira
11-17-297-01986-277706,Meghalaya,Ri Bhoi,3.4296517,732,61257.921875,11515.849609375,0.667101800441742,8,16,4,12,,0,0,0,0,0,jirang,umsohbar
11-17-297-01986-277707,Meghalaya,Ri Bhoi,2.1522064,257,57632.16015625,11614.0849609375,0.608364999294281,9,24,0,24,,0,0,0,0,0,jirang,lyngkhung
11-17-297-01986-277708,Meghalaya,Ri Bhoi,2.2076783,162,73935.515625,15613.7119140625,0.385093182325363,4,8,0,8,,0,0,0,0,0,jirang,hawla
11-17-297-01986-277709,Meghalaya,Ri Bhoi,5.9574447,390,51922.390625,11825.2568359375,0.575916230678558,3,10,0,10,,0,0,0,0,0,jirang,jumbari gaon
11-17-297-01986-277710,Meghalaya,Ri Bhoi,6.927557,1249,61418.1720990143,11974.6121163358,0.547868651164153,28,76,7,69,,0,0,1,0,0,jirang,warmawsaw
11-17-297-01986-277712,Meghalaya,Ri Bhoi,5.171149,368,59788.98046875,10570.427734375,0.698895037174225,8,20,0,20,,0,0,0,0,0,jirang,nongdom mawpliang
11-17-297-01986-277713,Meghalaya,Ri Bhoi,4.96031,135,53300.3046875,10809.1533203125,0.636363625526428,2,5,0,5,,0,0,0,0,0,jirang,umtasen
11-17-297-01986-277714,Meghalaya,Ri Bhoi,1.8603915,80,54266.078125,11330.2802734375,0.747252762317658,3,6,0,6,,0,0,0,0,0,jirang,umtar
11-17-297-01986-277715,Meghalaya,Ri Bhoi,4.109531,481,68145.875,14404.8193359375,0.485772371292114,18,30,1,29,,0,0,0,0,0,jirang,umshohphria
11-17-297-01986-277716,Meghalaya,Ri Bhoi,9.807474,196,58188.296875,10603.201171875,0.777777791023254,6,13,2,11,,0,0,0,0,0,jirang,umlur
11-17-297-01986-277717,Meghalaya,Ri Bhoi,8.875263,780,55260.359375,10765.982421875,0.68119889497757,16,34,1,33,,0,0,0,0,0,jirang,umrit
11-17-297-01986-277718,Meghalaya,Ri Bhoi,4.716008,285,55220.3203125,9713.0205078125,0.71009773015976,2,2,0,2,,0,0,0,0,0,jirang,mawskeilum
11-17-297-01986-277719,Meghalaya,Ri Bhoi,5.829646,75,44424.953125,8759.849609375,0.816901385784149,2,3,0,3,,0,0,0,0,0,jirang,umiapkhla
11-17-297-01986-277720,Meghalaya,Ri Bhoi,5.7766633,482,75411.453125,13725.1923828125,0.488752543926239,9,17,7,10,,0,0,0,0,0,jirang,mawskeithem
11-17-297-01986-277721,Meghalaya,Ri Bhoi,1.3849306,749,65072.46484375,12106.505859375,0.612403094768524,29,79,1,78,,0,0,0,0,0,jirang,umkadhor
11-17-297-01986-277722,Meghalaya,Ri Bhoi,2.7312293,427,68575.2421875,12376.99609375,0.67804878950119,11,19,2,17,,0,0,0,0,0,jirang,sohkyrbam domphlang
11-17-297-01986-277723,Meghalaya,Ri Bhoi,10.14791,490,61263.08203125,10570.4384765625,0.671614110469818,13,29,1,28,,0,0,0,0,0,jirang,sohkyrbam rim
11-17-297-01986-277724,Meghalaya,Ri Bhoi,20.857397,613,55857.3413552136,11377.2882838488,0.618219037565995,10,25,0,25,,0,0,0,0,0,jirang,nongwah mawlein
11-17-297-01986-277726,Meghalaya,Ri Bhoi,4.77678,260,69101.7376019022,13272.150184711,0.482254703196703,31,58,0,30,,0,0,0,0,0,jirang,nongwah mawtamur
11-17-297-01986-277729,Meghalaya,Ri Bhoi,19.174927,500,51005.83203125,8724.681640625,0.796992480754852,5,10,1,9,,0,0,0,0,0,jirang,nongbirlum
11-17-297-01986-277730,Meghalaya,Ri Bhoi,13.6536,672,59404.609375,11193.232421875,0.666256129741669,9,19,3,16,,0,0,0,0,0,jirang,umtngar
11-17-297-01986-277731,Meghalaya,Ri Bhoi,9.187439,531,57022.8828125,10174.6708984375,0.688235282897949,10,32,2,30,,0,0,0,0,0,jirang,nongbirthem
11-17-297-01986-277732,Meghalaya,Ri Bhoi,13.6297865,313,42970.4453125,7545.4052734375,0.898809552192688,1,3,0,3,,0,0,0,0,0,jirang,ummar
11-17-297-01986-277733,Meghalaya,Ri Bhoi,5.9974146,815,63880.2265625,11586.498046875,0.645707368850708,10,24,5,19,,0,0,0,0,0,jirang,umsong
11-17-297-01986-277734,Meghalaya,Ri Bhoi,3.690126,225,81854.203125,14528.2353515625,0.199134200811386,3,9,2,7,,0,0,0,0,0,jirang,nongkynrih
11-17-297-01986-277735,Meghalaya,Ri Bhoi,4.961215,788,56892.24609375,9517.291015625,0.763320922851563,12,32,0,29,,0,0,0,0,0,jirang,nongladew
11-17-297-01986-277736,Meghalaya,Ri Bhoi,8.848088,280,46607.6328125,8263.7646484375,0.851063847541809,10,23,2,19,,0,0,0,0,0,jirang,jalilum
11-17-297-01986-277737,Meghalaya,Ri Bhoi,6.3467917,195,54045.91015625,10115.544921875,0.668449223041534,2,5,3,2,,0,0,0,0,0,jirang,jalithem
11-17-297-01986-277738,Meghalaya,Ri Bhoi,8.842786,165,90316.4453125,21450.154296875,0.1875,7,15,0,15,,0,0,0,0,0,jirang,lailad
11-17-297-01986-277739,Meghalaya,Ri Bhoi,13.660073,356,55970.671875,10883.1865234375,0.629629611968994,8,19,0,17,,0,0,0,0,0,jirang,tasku rim
11-17-297-01986-277740,Meghalaya,Ri Bhoi,5.1078067,198,51122.37890625,9007.2763671875,0.790476202964783,1,3,0,3,,0,0,0,0,0,jirang,kynthem nongmali
11-17-297-01986-277741,Meghalaya,Ri Bhoi,4.3518114,127,73416.453125,13390.421875,0.622641503810883,11,28,0,28,,0,0,0,0,0,jirang,ulubari
11-17-297-01986-277742,Meghalaya,Ri Bhoi,1.5545583,127,83230.0703125,16129.8583984375,0.2945736348629,7,16,0,16,,0,0,0,0,0,jirang,umsohpai
11-17-297-01986-277743,Meghalaya,Ri Bhoi,6.739971,77,45779.78515625,8112.87353515625,0.898734152317047,1,2,0,2,,0,0,0,0,0,jirang,nongterih
11-17-297-01986-277744,Meghalaya,Ri Bhoi,3.232796,198,44913.35546875,8931.6337890625,0.835227251052856,2,2,0,2,,0,0,0,0,0,jirang,dummu paham
11-17-297-01986-277745,Meghalaya,Ri Bhoi,4.5461936,119,55881.30078125,9751.099609375,0.724832236766815,3,9,0,9,,0,0,0,0,0,jirang,jaluk paham
11-17-297-01986-277746,Meghalaya,Ri Bhoi,1.9222327,39,40377.9453125,8972.876953125,0.722222208976746,,,,,,0,0,0,0,0,jirang,umtyrlad
11-17-297-01986-277747,Meghalaya,Ri Bhoi,1.3470752,164,54872.51953125,10390.0625,0.639053225517273,0,0,0,0,,0,0,0,0,0,jirang,mawtyngkong
11-17-297-01986-277748,Meghalaya,Ri Bhoi,1.768649,95,75805.71875,17138.685546875,0,14,23,8,15,,0,0,0,0,0,jirang,pynker a
11-17-297-01986-277749,Meghalaya,Ri Bhoi,1.9902469,204,71929.5625,14531.2255859375,0.292929291725159,30,47,5,41,,0,0,0,0,0,jirang,pynker b
11-17-297-01986-277750,Meghalaya,Ri Bhoi,1.9813309,96,75349.5625,14920.705078125,0.326732665300369,1,2,0,2,,0,0,0,0,0,jirang,pynker c
11-17-297-01986-277752,Meghalaya,Ri Bhoi,1.1263583,35,50945.0390625,9905.98046875,0.75,,,,,,0,0,0,0,0,jirang,pahamjula
11-17-297-01986-277754,Meghalaya,Ri Bhoi,1.0825847,196,63996.671875,12098.873046875,0.746268630027771,6,22,9,13,,0,0,0,0,0,jirang,umsen
11-17-297-01986-277755,Meghalaya,Ri Bhoi,0.9820782,57,89230.3203125,17846.064453125,0.215384617447853,,,,,,0,0,0,0,0,jirang,lyngkaduh
11-17-297-01986-277756,Meghalaya,Ri Bhoi,0.8405426,179,42397.2265625,8243.9052734375,0.888888895511627,3,7,0,7,,0,0,0,0,0,jirang,garo bhanga amreng
11-17-297-01986-277757,Meghalaya,Ri Bhoi,0.90876275,143,58601.6328125,9494.119140625,0.877094984054565,,,,,,0,0,0,0,0,jirang,garo bhanga rim
11-17-297-01986-277758,Meghalaya,Ri Bhoi,0.8438829,131,49782.578125,9357.626953125,0.789473712444305,2,3,0,3,,0,0,0,0,0,jirang,garo bhanga thymmai
11-17-297-01986-277759,Meghalaya,Ri Bhoi,0.37481418,142,67188.40625,17916.908203125,0.393939405679703,6,16,3,13,,0,0,0,0,0,jirang,umlathu
11-17-297-01986-277760,Meghalaya,Ri Bhoi,0.37638962,229,62956.12890625,10891.14453125,0.645569622516632,2,7,0,7,,0,0,0,0,0,jirang,pilangku a
11-17-297-01986-277761,Meghalaya,Ri Bhoi,1.6111099,186,57861.6875,11468.08203125,0.567567586898804,0,0,0,0,,0,0,0,0,0,jirang,pilangku b
11-17-297-01986-277762,Meghalaya,Ri Bhoi,0.31408995,158,68199.21875,13351.169921875,0.45502644777298,5,13,0,13,,0,0,0,0,0,jirang,jyrmang
11-17-297-01986-277763,Meghalaya,Ri Bhoi,1.0181192,44,40572.7578125,7694.83349609375,0.948275864124298,,,,,,0,0,0,0,0,jirang,daka pathar
11-17-297-01986-277764,Meghalaya,Ri Bhoi,1.6149416,110,59499.05078125,16333.0732421875,0.2843137383461,,,,,,0,0,0,0,0,jirang,rani jirang
11-17-297-01986-277765,Meghalaya,Ri Bhoi,2.1603832,180,66173.3671875,12456.1630859375,0.505882382392883,,,,,,0,0,0,0,0,jirang,umlyngkdait
11-17-297-01987-277767,Meghalaya,Ri Bhoi,8.197888,233,100108.6953125,18854.552734375,0.269058287143707,2,7,0,7,,0,0,0,0,0,umsning,makdoh
11-17-297-01987-277768,Meghalaya,Ri Bhoi,14.80454,57,97458.6484375,19251.091796875,0.197530865669251,2,7,0,7,,0,0,0,0,0,umsning,nongthymmai makdoh
11-17-297-01987-277769,Meghalaya,Ri Bhoi,13.637922,95,91344.4921875,23681.904296875,0.185185179114342,2,7,0,7,,0,0,0,0,0,umsning,maska
11-17-297-01987-277770,Meghalaya,Ri Bhoi,8.404172,456,55429.38671875,8703.7880859375,0.861570239067078,3,9,0,9,,0,0,0,0,0,umsning,amjong
11-17-297-01987-277771,Meghalaya,Ri Bhoi,6.2468843,121,86365.1015625,15335.859375,0.42990654706955,1,5,0,5,,0,0,0,0,0,umsning,markhangduba
11-17-297-01987-277772,Meghalaya,Ri Bhoi,8.400024,215,85547.6796875,19465.939453125,0.317365258932114,3,5,0,5,,0,0,0,0,0,umsning,amdubighat
11-17-297-01987-277773,Meghalaya,Ri Bhoi,13.869317,222,53816.03125,11415.521484375,0.562770545482636,2,4,0,4,,0,0,0,0,0,umsning,amphreng
11-17-297-01987-277774,Meghalaya,Ri Bhoi,6.9716363,146,53639.7820971386,10377.8598598667,0.650349666188647,3.07352941176471,9.22058823529412,0,9.22058823529412,,0,0,0,0,0,umsning,lymphuid
11-17-297-01987-277776,Meghalaya,Ri Bhoi,1.2920852,175,84812.921875,14334.578125,0.5,1,2,0,2,,0,0,0,0,0,umsning,amkhang
11-17-297-01987-277778,Meghalaya,Ri Bhoi,2.3928216,338,99797.421875,19829.455078125,0.104234524071217,3,14,0,14,,0,0,0,0,0,umsning,maiong
11-17-297-01987-277779,Meghalaya,Ri Bhoi,3.8617833,403,83926.609375,14343.1162109375,0.34642031788826,2,6,0,3,,0,0,0,0,0,umsning,umsiang mawpdeng
11-17-297-01987-277780,Meghalaya,Ri Bhoi,11.320118,516,74198.734375,14133.0927734375,0.315476179122925,6,19,0,19,,0,0,0,0,0,umsning,mawker
11-17-297-01987-277781,Meghalaya,Ri Bhoi,3.5228908,282,89270.8828125,18549.794921875,0.242424249649048,3,13,0,13,,0,0,0,0,0,umsning,mawshang mawksiew
11-17-297-01987-277782,Meghalaya,Ri Bhoi,2.174418,693,48434.37890625,8404.7890625,0.876470565795898,9,33,1,32,,0,0,0,0,0,umsning,umtrai
11-17-297-01987-277783,Meghalaya,Ri Bhoi,3.012245,932,,,,13,38,1,37,,0,0,0,0,0,umsning,umlaper
11-17-297-01987-277784,Meghalaya,Ri Bhoi,11.691189,223,55349.43359375,9575.2177734375,0.75105482339859,5,7,0,7,,0,0,0,0,0,umsning,umlamphlang
11-17-297-01987-277785,Meghalaya,Ri Bhoi,7.6940513,839,62322.8828125,9650.4697265625,0.776595771312714,47,64,1,63,,0,0,0,0,0,umsning,korhadem
11-17-297-01987-277786,Meghalaya,Ri Bhoi,5.6261077,64,64884.08984375,8463.142578125,0.811594188213348,3,3,0,3,,0,0,0,0,0,umsning,sngahtyrkhang
11-17-297-01987-277787,Meghalaya,Ri Bhoi,6.1324973,520,57148.484375,11148.0615234375,0.636550307273865,4,6,0,6,,0,0,0,0,0,umsning,pamlatar
11-17-297-01987-277788,Meghalaya,Ri Bhoi,5.8177423,284,,,,3,5,0,5,,0,0,0,0,0,umsning,umtyrkhang
11-17-297-01987-277789,Meghalaya,Ri Bhoi,8.5213785,436,102438.1484375,21689.7109375,0.0663265287876129,13,24,1,20,,0,0,0,0,0,umsning,mawalaho
11-17-297-01987-277790,Meghalaya,Ri Bhoi,2.698506,378,81617.109375,12373.4404296875,0.553935885429382,14,19,2,16,,0,0,0,0,0,umsning,iamkhon
11-17-297-01987-277792,Meghalaya,Ri Bhoi,4.0798903,900,69591.9140625,11586.1943359375,0.655209481716156,35,53,3,45,,0,0,0,0,0,umsning,mawtari
11-17-297-01987-277793,Meghalaya,Ri Bhoi,3.6466107,94,82887.75,15541.4541015625,0.19791667163372,9,16,0,16,,0,0,0,0,0,umsning,mawshunam
11-17-297-01987-277794,Meghalaya,Ri Bhoi,14.68087,804,51581.6640625,8795.8994140625,0.794153451919556,15,35,0,28,,0,0,0,0,0,umsning,lamalong
11-17-297-01987-277796,Meghalaya,Ri Bhoi,4.726043,130,75948.53125,12822.4794921875,0.493506491184235,8,12,0,12,,0,0,1,0,0,umsning,mawpat
11-17-297-01987-277797,Meghalaya,Ri Bhoi,5.222187,573,85849.296875,14354.22265625,0.413183271884918,8,10,3,7,,0,0,0,0,0,umsning,pamlaban
11-17-297-01987-277798,Meghalaya,Ri Bhoi,3.4847898,157,86658.6875,11062.810546875,0.751773059368134,10,20,4,16,,0,0,0,0,0,umsning,pamphlang
11-17-297-01987-277799,Meghalaya,Ri Bhoi,10.453022,901,53279.3203125,8553.7626953125,0.769150078296661,13,23,6,17,,0,0,0,0,0,umsning,nongsangu
11-17-297-01987-277800,Meghalaya,Ri Bhoi,6.1444435,221,43267.3359375,8232.2802734375,0.787610590457916,6,8,1,4,,0,0,0,0,0,umsning,shyntorbulia
11-17-297-01987-277801,Meghalaya,Ri Bhoi,1.8831091,356,96747.2578125,22177.021484375,0.117478512227535,37,39,32,7,,0,0,0,0,0,umsning,pdengnongrim
11-17-297-01987-277802,Meghalaya,Ri Bhoi,10.542525,1362,63124.95703125,11871.921875,0.613333344459534,60,115,7,108,,0,0,0,0,0,umsning,umsohlait
11-17-297-01987-277803,Meghalaya,Ri Bhoi,3.827273,525,63778.27734375,10498.482421875,0.722222208976746,12,22,5,16,,0,0,0,0,0,umsning,jair
11-17-297-01987-277805,Meghalaya,Ri Bhoi,3.1970954,47,77223.4616909899,12121.9296960595,0.649402380417068,48,91,13,76,,0,0,1,0,0,umsning,sonidan
11-17-297-01987-277807,Meghalaya,Ri Bhoi,4.960949,154,104253.578125,24358.3125,0.401869148015976,6,7,0,7,,0,0,0,0,0,umsning,syntiewmaw
11-17-297-01987-277808,Meghalaya,Ri Bhoi,3.850822,604,104097.359375,20681.595703125,0.0695364251732826,6,14,2,12,,0,0,0,0,0,umsning,umkra
11-17-297-01987-277809,Meghalaya,Ri Bhoi,5.8012805,147,75308.25,11320.84765625,0.725490212440491,4,5,0,5,,0,0,1,0,0,umsning,mawlyngngai
11-17-297-01987-277810,Meghalaya,Ri Bhoi,8.822267,886,81625.703125,13724.6767578125,0.483407080173492,16,32,6,25,,0,0,0,0,0,umsning,umkei
11-17-297-01987-277812,Meghalaya,Ri Bhoi,5.6401963,528,91328.7734375,16928.216796875,0.32951945066452,8,14,1,10,,0,0,0,0,0,umsning,pamrinai
11-17-297-01987-277813,Meghalaya,Ri Bhoi,5.578387,440,84304.5625,19369.7578125,0.203501090407372,33,57,4,51,,0,0,0,0,0,umsning,mawhati
11-17-297-01987-277814,Meghalaya,Ri Bhoi,5.45305,390,67620.84375,12732.6787109375,0.541984736919403,9,23,1,22,,0,0,0,0,0,umsning,jatah
11-17-297-01987-277815,Meghalaya,Ri Bhoi,8.250469,181,88210.4609375,15991.3701171875,0.309941530227661,2,2,0,2,,0,0,0,0,0,umsning,umjapung
11-17-297-01987-277816,Meghalaya,Ri Bhoi,5.3776207,549,104829.765625,22976.38671875,0.200913235545158,13,20,2,18,,0,0,0,0,0,umsning,lumniwar
11-17-297-01987-277817,Meghalaya,Ri Bhoi,6.456651,570,74612.2578125,12766.9853515625,0.555555582046509,15,50,6,44,,0,0,0,0,0,umsning,shilliang umdoh
11-17-297-01987-277818,Meghalaya,Ri Bhoi,3.529897,648,73103.7109375,12713.6884765625,0.492753624916077,7,16,0,16,,0,0,0,0,0,umsning,umwiehsnieh
11-17-297-01987-277819,Meghalaya,Ri Bhoi,3.6561315,465,80281.828125,15566.62890625,0.427015244960785,11,41,8,33,,0,0,0,0,0,umsning,tyrso nongkyllep
11-17-297-01987-277820,Meghalaya,Ri Bhoi,8.055426,334,63820.6328125,12691.6025390625,0.460227280855179,4,7,0,7,,0,0,0,0,0,umsning,mawtynrah
11-17-297-01987-277821,Meghalaya,Ri Bhoi,4.960419,1260,83531.4375,14106.3017578125,0.458609282970428,21,59,0,59,,0,0,0,0,0,umsning,mawrong
11-17-297-01987-277822,Meghalaya,Ri Bhoi,8.108916,1384,65688.484375,11070.54296875,0.660700976848602,16,36,9,27,,0,0,0,0,0,umsning,umtasor mawdkhar
11-17-297-01987-277823,Meghalaya,Ri Bhoi,7.2107563,207,70107.421875,12000.3701171875,0.486486494541168,3,6,0,6,,0,0,0,0,0,umsning,umtasor nongjyrmi
11-17-297-01987-277824,Meghalaya,Ri Bhoi,3.3135161,495,59309.8515625,10947.66015625,0.683569967746735,14,18,1,14,,0,0,0,0,0,umsning,mawiapbang
11-17-297-01987-277825,Meghalaya,Ri Bhoi,1.938214,257,68639.2600070225,12915.2097503469,0.541226234672942,33,56,3,53,,0,0,1,0,0,umsning,rongpharkong
11-17-297-01987-277827,Meghalaya,Ri Bhoi,0.97054833,231,66653.59375,14238.693359375,0.439628481864929,3,7,0,7,,0,0,1,0,0,umsning,umsaw
11-17-297-01987-277828,Meghalaya,Ri Bhoi,6.9753337,1281,54580.16015625,9046.90625,0.762314319610596,13,28,1,27,,0,0,0,0,0,umsning,syngku
11-17-297-01987-277829,Meghalaya,Ri Bhoi,5.8732386,230,53441.21875,10460.8349609375,0.748936176300049,5,11,0,10,,0,0,0,0,0,umsning,jokiang
11-17-297-01987-277830,Meghalaya,Ri Bhoi,6.9625864,45,72960.8046875,16519.427734375,0.433962255716324,1,1,0,1,,0,0,0,0,0,umsning,umjarain
11-17-297-01987-277831,Meghalaya,Ri Bhoi,4.386345,133,95709.0546875,14980.546875,0.304347813129425,5,7,0,7,,0,0,0,0,0,umsning,umlatar
11-17-297-01987-277832,Meghalaya,Ri Bhoi,3.2152648,530,71871.9765625,13044.8271484375,0.547993004322052,12,15,1,14,,0,0,0,0,0,umsning,kdohati
11-17-297-01987-277833,Meghalaya,Ri Bhoi,2.7726517,150,85222.171875,15339.9912109375,0.426666676998138,2,4,0,4,,0,0,0,0,0,umsning,prangdngiem
11-17-297-01987-277834,Meghalaya,Ri Bhoi,4.9197125,645,65685.7421875,11296.2744140625,0.684713363647461,19,27,0,25,,0,0,0,0,0,umsning,laitsyiar
11-17-297-01987-277835,Meghalaya,Ri Bhoi,1.4065081,220,70141.78125,13818.9782124534,0.441791038904617,11,38,0,38,,0,0,0,0,0,umsning,umshyngktot
11-17-297-01987-277836,Meghalaya,Ri Bhoi,0.85151386,349,64918.6796875,11368.248046875,0.601382493972778,4,18,0,18,,0,0,0,0,0,umsning,pdengtleit
11-17-297-01987-277837,Meghalaya,Ri Bhoi,8.742644,142,90281.5,18534.611328125,0.231788083910942,3,5,0,5,,0,0,0,0,0,umsning,umlatara
11-17-297-01987-277838,Meghalaya,Ri Bhoi,1.8316933,497,96408.8828125,17765.232421875,0.406741559505463,8,13,4,9,,0,0,0,0,0,umsning,sohphoh
11-17-297-01987-277839,Meghalaya,Ri Bhoi,2.8108168,890,68452.3046875,13156.5712890625,0.679665744304657,19,34,0,34,,0,0,0,0,0,umsning,ingsaw
11-17-297-01987-277840,Meghalaya,Ri Bhoi,4.0244136,467,94763.4453125,16189.654296875,0.380410015583038,9,17,6,8,,0,0,0,0,0,umsning,birsiej
11-17-297-01987-277841,Meghalaya,Ri Bhoi,6.0333695,59,88637.3671875,15087.2109375,0.234042555093765,3,5,0,5,,0,0,0,0,0,umsning,umsynrem
11-17-297-01987-277842,Meghalaya,Ri Bhoi,5.2562695,325,91102.546875,16775.255859375,0.249291777610779,7,12,2,10,,0,0,0,0,0,umsning,mawrathud
11-17-297-01987-277844,Meghalaya,Ri Bhoi,6.464151,176,66445.65625,13289.130859375,0.580952405929565,5,10,0,10,,0,0,0,0,0,umsning,mawdiengngan
11-17-297-01987-277845,Meghalaya,Ri Bhoi,3.1848736,133,81214.3046875,16014.087890625,0.387323945760727,2,6,0,6,,0,0,0,0,0,umsning,ksehkynjoin
11-17-297-01987-277846,Meghalaya,Ri Bhoi,1.5478055,365,66607.5703125,12710.140625,0.490338176488876,3,5,0,5,,0,0,0,0,0,umsning,sohliya mawthoh
11-17-297-01987-277848,Meghalaya,Ri Bhoi,4.4991117,304,80482.7735389611,17885.0598366477,0.307359305671369,6,15,0,15,,0,0,0,0,0,umsning,paitklong
11-17-297-01987-277851,Meghalaya,Ri Bhoi,6.643488,640,60461.03125,11650.7060546875,0.640973627567291,13,30,0,27,,0,0,0,0,0,umsning,kynjoin umran
11-17-297-01987-277852,Meghalaya,Ri Bhoi,5.7907424,285,56906.71484375,12602.1787109375,0.674740493297577,8,17,0,14,,0,0,0,0,0,umsning,maweitnar
11-17-297-01987-277853,Meghalaya,Ri Bhoi,7.2745724,463,69835.6015625,14677.8369140625,0.420353978872299,11,20,0,20,,0,0,0,0,0,umsning,nongrim umksih
11-17-297-01987-277854,Meghalaya,Ri Bhoi,5.1937785,485,61024.53125,11227.45703125,0.655844151973724,24,46,4,39,,0,0,0,0,0,umsning,nongmahir
11-17-297-01987-277855,Meghalaya,Ri Bhoi,8.23671,262,108661.3828125,20106.6328125,0.251968502998352,14,27,0,27,,0,0,0,0,0,umsning,mawpyrhut
11-17-297-01987-277856,Meghalaya,Ri Bhoi,7.274063,615,70591.3515625,13520.0390625,0.515254259109497,9,32,0,32,,0,0,0,0,0,umsning,umdiker
11-17-297-01987-277857,Meghalaya,Ri Bhoi,4.5376587,903,76121.15625,13497.25390625,0.484581500291824,17,36,0,36,,0,0,0,0,0,umsning,myrdon nongbah
11-17-297-01987-277858,Meghalaya,Ri Bhoi,1.9337914,222,67200.915602993,12589.0897252226,0.651715030456281,11,36,18,18,,0,0,0,0,0,umsning,nongdewsaw
11-17-297-01987-277860,Meghalaya,Ri Bhoi,3.5987203,650,77850.9453125,12051.23046875,0.645510852336884,9,23,0,23,,0,0,0,0,0,umsning,myrdon mawtari
11-17-297-01987-277862,Meghalaya,Ri Bhoi,6.5930796,324,62036.8828125,11609.2412109375,0.581871330738068,12,16,3,13,,0,0,0,0,0,umsning,nongmawlong
11-17-297-01987-277863,Meghalaya,Ri Bhoi,7.7989535,821,58327.5078125,11327.779296875,0.629674315452576,31,73,8,65,,0,0,1,1,0,umsning,umsamlem
11-17-297-01987-277864,Meghalaya,Ri Bhoi,4.0606265,717,82461.515625,14887.26953125,0.492242604494095,17,31,0,31,,0,0,1,0,0,umsning,mawlyngkhung
11-17-297-01987-277865,Meghalaya,Ri Bhoi,1.0061762,374,52280.1328125,10583.5390625,0.714634120464325,12,25,0,25,,0,0,0,0,0,umsning,sohpdok
11-17-297-01987-277866,Meghalaya,Ri Bhoi,5.6782856,178,82045.0546875,18801.9921875,0.260416656732559,11,20,0,20,,0,0,0,0,0,umsning,lyngsaw
11-17-297-01987-277870,Meghalaya,Ri Bhoi,1.6704223,177,65995.8902361425,12014.0789390702,0.632619432847229,57,105,0,105,,0,0,0,0,0,umsning,ladmawrong
11-17-297-01987-277872,Meghalaya,Ri Bhoi,1.4011055,480,82291.6328125,15358.94921875,0.442043215036392,9,16,0,16,,0,0,0,0,0,umsning,tdohumsiang
11-17-297-01987-277873,Meghalaya,Ri Bhoi,0.8656131,500,88469.65625,16424.74609375,0.333333343267441,2,4,0,4,,0,0,0,0,0,umsning,tihwieh
11-17-297-01987-277874,Meghalaya,Ri Bhoi,2.2944064,942,108803.4921875,20909.720703125,0.0837988853454589,12,32,3,29,,0,0,0,0,0,umsning,laiphew diengngan
11-17-297-01987-277875,Meghalaya,Ri Bhoi,4.7780256,601,69073.546875,11950.44140625,0.60207611322403,9,13,2,11,,0,0,0,0,0,umsning,umlaiteng
11-17-297-01987-277876,Meghalaya,Ri Bhoi,4.009375,484,59009.58984375,10999.845703125,0.660194158554077,8,13,0,10,,0,0,0,0,0,umsning,itsopaiar including madanjyllud
11-17-297-01987-277877,Meghalaya,Ri Bhoi,3.7189097,365,103931.375,17271.39453125,0.204081639647484,8,19,6,13,,0,0,1,0,0,umsning,moiambei
11-17-297-01987-277878,Meghalaya,Ri Bhoi,1.3366263,72,66019.96875,14325.087890625,0.405660390853882,2,2,0,2,,0,0,0,0,0,umsning,umru
11-17-297-01987-277879,Meghalaya,Ri Bhoi,1.6973768,644,72233.703125,18058.42578125,0.112275451421738,7,8,0,8,,0,0,0,0,0,umsning,laru
11-17-297-01987-277880,Meghalaya,Ri Bhoi,1.6770071,96,73855.9609375,14617.3251953125,0.1875,3,4,0,4,,0,0,0,0,0,umsning,mawsladieng
11-17-297-01987-277881,Meghalaya,Ri Bhoi,5.8819194,43,65725.2734375,11598.578125,0.607843160629273,1,3,0,3,,0,0,0,0,0,umsning,umsder
11-17-297-01987-277883,Meghalaya,Ri Bhoi,1.1880175,168,,,,5,23,0,23,,0,0,0,0,0,umsning,umlaper
11-17-297-01987-277884,Meghalaya,Ri Bhoi,1.0836719,278,58204.7734375,10901.228515625,0.60869562625885,8,34,0,34,,0,0,0,0,0,umsning,ummat
11-17-297-01987-277885,Meghalaya,Ri Bhoi,1.2268676,597,95631.328125,16357.990234375,0.323308259248734,32,48,4,41,,0,0,0,0,0,umsning,umtngam
11-17-297-01987-277886,Meghalaya,Ri Bhoi,1.1539648,575,64761.8208280457,11220.8255843915,0.668425662850956,10,28,0,28,,0,0,0,0,0,umsning,tyrsopdeng
11-17-297-01987-277888,Meghalaya,Ri Bhoi,0.81149054,138,49601.83984375,10129.953125,0.753521144390106,3,6,0,6,,0,0,1,0,0,umsning,umdihdkhar mawshrieh
11-17-297-01987-277890,Meghalaya,Ri Bhoi,2.6882641,264,67057.1328125,12686.484375,0.574324309825897,6,23,0,23,,0,0,0,0,0,umsning,umsohmatan
11-17-297-01987-277891,Meghalaya,Ri Bhoi,1.9420161,555,104658.21875,17477.306640625,0.296660125255585,8,28,0,28,,0,0,1,0,0,umsning,sohliya iapngar
11-17-297-01987-277892,Meghalaya,Ri Bhoi,1.0154152,532,65730.84375,11646.80859375,0.710794270038605,5,15,0,15,,0,0,1,0,0,umsning,mawshut
11-17-297-01987-277893,Meghalaya,Ri Bhoi,2.10982,157,52223.8828125,10307.345703125,0.75,2,3,1,0,,0,0,1,0,0,umsning,mawdwar
11-17-297-01987-277894,Meghalaya,Ri Bhoi,1.5151885,258,60102.0859375,11130.015625,0.670033693313599,6,8,1,6,,0,0,1,0,0,umsning,lumblei
11-17-297-01987-277896,Meghalaya,Ri Bhoi,1.3562145,254,82955.7206503378,15713.4556613961,0.319112634902928,46,92,2,79,,0,0,1,0,0,umsning,liarbang thiahmiet
11-17-297-01987-277897,Meghalaya,Ri Bhoi,1.9017726,400,100344.5234375,14577.8974609375,0.375302672386169,6,16,0,16,,0,0,0,0,0,umsning,umdohthli
11-17-297-01987-277899,Meghalaya,Ri Bhoi,1.9480873,556,72455.8203125,13153.8564453125,0.512859284877777,13,19,1,18,,0,0,0,0,0,umsning,banbudai
11-17-297-01987-277900,Meghalaya,Ri Bhoi,3.3803284,286,56761.6575983503,12180.8790796484,0.533769071783895,16,38,0,38,,0,0,1,1,0,umsning,umsohlang
11-17-297-01987-277901,Meghalaya,Ri Bhoi,2.0337083,594,108322.109375,22558.638671875,0.0900562852621078,10,19,0,17,,0,0,0,0,0,umsning,mynri umsning
11-17-297-01987-277902,Meghalaya,Ri Bhoi,2.6717374,1057,99396.78125,17664.173828125,0.27089336514473,16,24,1,23,,0,0,0,0,0,umsning,umsiaw
11-17-297-01987-277903,Meghalaya,Ri Bhoi,2.0761986,224,99213.7769097222,20141.1433074875,0.157894735684371,6,10,0,10,,0,0,0,0,0,umsning,mawkynrong
11-17-297-01987-277905,Meghalaya,Ri Bhoi,1.7204808,220,97390.2421875,21593.3125,0.203619912266731,3,5,0,5,,0,0,0,0,0,umsning,tdohumshiaw
11-17-297-01987-277906,Meghalaya,Ri Bhoi,2.1977303,1095,77607.734375,15263.5703125,0.445983380079269,20,41,3,38,,0,0,0,0,0,umsning,raitong
11-17-297-01987-277907,Meghalaya,Ri Bhoi,4.4778247,517,53244.453125,10525.06640625,0.693798422813416,8,13,0,13,,0,0,0,0,0,umsning,khlieh umtrew
11-17-297-01987-277908,Meghalaya,Ri Bhoi,3.1460974,247,47725.0703125,9648.3896484375,0.765342950820923,9,20,0,20,,0,0,0,0,0,umsning,umrnong
11-17-297-01987-277909,Meghalaya,Ri Bhoi,3.3421774,468,61745.8359375,11972.50390625,0.623093664646149,11,20,3,17,,0,0,0,0,0,umsning,rilong
11-17-297-01987-277910,Meghalaya,Ri Bhoi,4.2587085,216,56753.78515625,11400.3232421875,0.689956307411194,14,22,0,22,,0,0,0,0,0,umsning,mawkhap
11-17-297-01987-277911,Meghalaya,Ri Bhoi,1.4071302,677,68353.3203125,11062.9658203125,0.674855470657349,16,32,4,28,,0,0,1,0,0,umsning,rtiang
11-17-297-01987-277912,Meghalaya,Ri Bhoi,2.1292193,176,63660.234375,11699.71875,0.605405390262604,3,5,0,4,,0,0,0,0,0,umsning,bir
11-17-297-01987-277913,Meghalaya,Ri Bhoi,1.16394,1370,72620.90625,14402.779296875,0.430091172456741,23,106,56,50,,0,0,1,1,0,umsning,umran dairy
11-17-297-01987-277915,Meghalaya,Ri Bhoi,1.8746495,1301,88349.5,16110.287109375,0.329776912927628,75,212,42,167,,0,0,0,0,0,umsning,nongthymmai umsning
11-17-297-01987-277916,Meghalaya,Ri Bhoi,1.5756675,685,70080.4592857143,15234.8830672554,0.450931680498656,36,155,5,147,,0,0,1,1,0,umsning,umran niangbyrnai
11-17-297-01987-277918,Meghalaya,Ri Bhoi,1.4972346,851,66797.6015625,12908.08984375,0.554382264614105,7,7,1,6,,0,0,0,0,0,umsning,lum umpih
11-17-297-01987-277919,Meghalaya,Ri Bhoi,3.309679,174,45725.4140625,8872.095703125,0.843283593654633,10,26,0,19,,0,0,0,0,0,umsning,lad umpih
11-17-297-01987-277920,Meghalaya,Ri Bhoi,7.7475486,424,75788.4522675305,14754.6365648,0.529914526574858,43,77,6,71,,0,0,0,1,0,umsning,mawser
11-17-297-01987-277923,Meghalaya,Ri Bhoi,3.1348825,269,62195.59765625,14029.08203125,0.556391000747681,2,11,0,11,,0,0,0,0,0,umsning,umshorshor
11-17-297-01987-277925,Meghalaya,Ri Bhoi,1.3561417,286,61802.05078125,11902.6171875,0.562962949275971,8,14,5,9,,0,0,1,0,0,umsning,umtham
11-17-297-01987-277926,Meghalaya,Ri Bhoi,1.7443844,391,76007.0468195922,15009.7945389093,0.48599438456928,19,29,1,28,,0,0,0,0,0,umsning,kyrdem kulai-6th mile
11-17-297-01987-277928,Meghalaya,Ri Bhoi,2.0434458,1339,97222.9453125,18173.89453125,0.234042555093765,97,281,38,232,,0,0,0,0,0,umsning,lum nongrim
11-17-297-01987-277929,Meghalaya,Ri Bhoi,1.2083869,1231,102519.3671875,20390.591796875,0.279926329851151,124,253,11,242,,0,0,1,0,0,umsning,umsning patarim
11-17-297-01987-277930,Meghalaya,Ri Bhoi,0.67741597,1176,107783.484375,21303.775390625,0.150722026824951,196,600,102,498,,1,1,1,0,1,umsning,umsning khliehiew
11-17-297-01987-277931,Meghalaya,Ri Bhoi,0.8335339,148,54772.5703125,11042.857421875,0.620967745780945,1,2,0,2,,0,0,0,0,0,umsning,mawknor
11-17-297-01987-277932,Meghalaya,Ri Bhoi,1.5094811,708,78471.2734375,14402.955078125,0.52025318145752,26,67,7,60,,0,0,0,0,0,umsning,umsning umsohlang jagiroad
11-17-297-01987-277933,Meghalaya,Ri Bhoi,2.1060565,496,76641.6875,16743.791015625,0.448198199272156,41,121,8,113,,0,0,1,0,0,umsning,lumroman
11-17-297-01987-277934,Meghalaya,Ri Bhoi,1.4542135,637,76943.8046875,14924.4443359375,0.415229886770248,9,17,0,17,,0,0,1,0,0,umsning,syadheh syadlyngdoh
11-17-297-01987-277935,Meghalaya,Ri Bhoi,1.9411198,772,77031.5703125,15309.4189453125,0.396226406097412,32,62,4,54,,0,0,1,0,0,umsning,syadrit
11-17-297-01987-277936,Meghalaya,Ri Bhoi,4.059993,897,68210.9921875,13429.294921875,0.529411792755127,10,28,0,26,,0,0,1,0,0,umsning,nongjri
11-17-297-01987-277937,Meghalaya,Ri Bhoi,1.8516339,714,56597.1328125,11007.166015625,0.685517251491547,15,39,3,36,,0,0,1,0,0,umsning,nongkya
11-17-297-01987-277939,Meghalaya,Ri Bhoi,6.699316,660,61230.83203125,9713.46875,0.749706208705902,12,26,0,26,,0,0,0,0,0,umsning,thad
11-17-297-01987-277940,Meghalaya,Ri Bhoi,4.619705,625,75354.25,12898.474609375,0.546546518802643,6,12,0,12,,0,0,0,0,0,umsning,mawthei
11-17-297-01987-277941,Meghalaya,Ri Bhoi,2.3891964,310,68692.8359375,12135.01171875,0.596214532852173,3,4,0,4,,0,0,0,0,0,umsning,syllei u lar
11-17-297-01987-277942,Meghalaya,Ri Bhoi,1.130893,138,101155.2734375,20804.984375,0.13475176692009,6,10,2,7,,0,0,0,0,0,umsning,madan rtiang
11-17-297-01987-277943,Meghalaya,Ri Bhoi,2.1174316,551,78950.1484375,14150.1943359375,0.477386921644211,11,19,0,18,,0,0,0,0,0,umsning,khweng
11-17-297-01987-277944,Meghalaya,Ri Bhoi,1.4817001,252,92018.9921875,17496.568359375,0.204225346446037,12,24,0,23,,0,0,0,0,0,umsning,kdonghulu
11-17-297-01987-277945,Meghalaya,Ri Bhoi,1.6133363,139,87100.6953125,15172.37890625,0.393548399209976,3,9,0,9,,0,0,0,0,0,umsning,liarsluid
11-17-297-01987-277946,Meghalaya,Ri Bhoi,1.4168464,454,76706.0546875,14545.0595703125,0.447105795145035,13,21,3,15,,0,0,0,0,0,umsning,liarkhla
11-17-297-01987-277947,Meghalaya,Ri Bhoi,1.2290068,622,101112.171875,18019.990234375,0.283828377723694,20,37,4,33,,0,0,0,0,0,umsning,thadnongiaw
11-17-297-01987-277948,Meghalaya,Ri Bhoi,2.607765,218,107955.1328125,29237.84765625,0,6,13,0,13,,0,0,0,0,0,umsning,jatalong
11-17-297-01987-277949,Meghalaya,Ri Bhoi,1.2143432,401,115125.7265625,23527.0546875,0.0217983648180961,12,22,2,20,,0,0,0,0,0,umsning,kalapangti
11-17-297-01987-277950,Meghalaya,Ri Bhoi,4.100786,195,98435.578125,17897.37890625,0.151515156030655,2,5,0,5,,0,0,1,0,0,umsning,khlaw blei
11-17-297-01987-277951,Meghalaya,Ri Bhoi,7.6121664,357,63595.57421875,12303.2314453125,0.594005465507507,9,38,0,38,,0,0,0,0,0,umsning,madanumwang
11-17-297-01987-277952,Meghalaya,Ri Bhoi,2.7940032,278,52288.07421875,11106.9443359375,0.741830050945282,3,9,0,9,,0,0,0,0,0,umsning,sabuda
11-17-297-01987-277953,Meghalaya,Ri Bhoi,4.7556095,425,67737.7719726563,13547.5543457031,0.520833326876164,9,35,1,34,,0,0,0,0,0,umsning,khliehumwang
11-17-297-01987-277954,Meghalaya,Ri Bhoi,5.3139663,735,64176.98046875,11740.6591796875,0.579728066921234,10,43,0,43,,0,0,0,0,0,umsning,umtlieh
11-17-297-01987-277955,Meghalaya,Ri Bhoi,1.9547979,100,47254.3203125,10500.9599609375,0.674603164196014,3,7,0,7,,0,0,1,0,0,umsning,itpatung
11-17-297-01987-277956,Meghalaya,Ri Bhoi,15.248072,986,46975.92578125,9759.412109375,0.805168986320496,21,44,2,42,,0,0,1,0,0,umsning,thadrang
11-17-297-01987-277957,Meghalaya,Ri Bhoi,2.8257995,521,60307.44140625,10230.7265625,0.773214280605316,7,19,0,19,,0,0,0,0,0,umsning,umraling
11-17-297-01987-277958,Meghalaya,Ri Bhoi,3.2874885,1055,61360.0859375,13019.681640625,0.556722700595856,26,53,4,49,,0,0,1,0,0,umsning,khyndewso
11-17-297-01987-277959,Meghalaya,Ri Bhoi,2.7118666,1229,53797.47265625,10211.556640625,0.754629611968994,68,180,38,142,,0,0,1,1,0,umsning,mawlasnai
11-17-297-01987-277960,Meghalaya,Ri Bhoi,0.98578554,125,64773.62109375,13157.1416015625,0.46875,3,6,0,6,,0,0,0,0,0,umsning,lapudui
11-17-297-01987-277961,Meghalaya,Ri Bhoi,1.8935955,153,90108.9556370579,18220.9916134997,0.318595578654225,25,77,0,77,,0,0,1,0,0,umsning,umpohwin pdeng
11-17-297-01987-277965,Meghalaya,Ri Bhoi,1.436511,191,62254.03515625,11561.462890625,0.69523811340332,1,2,0,2,,0,0,0,0,0,umsning,tyrsha
11-17-297-01987-277966,Meghalaya,Ri Bhoi,1.5703348,468,80875.328125,14938.7548828125,0.403397023677826,15,51,6,45,,0,0,1,0,0,umsning,khlieh umstem
11-17-297-01987-277967,Meghalaya,Ri Bhoi,2.4968317,714,87938.5569234914,14391.7504067173,0.465011286580805,44,110,7,103,,0,0,1,0,0,umsning,mawbri
11-17-297-01987-277968,Meghalaya,Ri Bhoi,1.988485,751,78050.203125,12685.578125,0.517369747161865,13,20,9,11,,0,0,0,0,0,umsning,nongrimladew
11-17-297-01987-277969,Meghalaya,Ri Bhoi,0.9319706,430,62418.19140625,11869.2314453125,0.693512320518494,5,8,0,8,,0,0,0,0,0,umsning,umlangling
11-17-297-01987-277970,Meghalaya,Ri Bhoi,1.2453573,844,66855.5625,11484.857421875,0.681456208229065,30,55,6,49,,0,0,0,0,0,umsning,pynthor
11-17-297-01987-277971,Meghalaya,Ri Bhoi,2.076669,599,61131.171875,11124.0361328125,0.712854743003845,21,32,3,29,,0,0,0,0,0,umsning,mynsain
11-17-297-01987-277972,Meghalaya,Ri Bhoi,3.2876031,870,90185.921875,17178.26953125,0.34554335474968,8,19,0,19,,0,0,0,0,0,umsning,nonglum
11-17-297-01987-277974,Meghalaya,Ri Bhoi,1.7855544,310,70334.5859375,14147.76171875,0.531609177589417,5,5,0,5,,0,0,0,0,0,umsning,umsawriang
11-17-297-01987-277975,Meghalaya,Ri Bhoi,3.4723082,1066,65503.8515625,12488.1435546875,0.580035984516144,28,53,1,52,,0,0,0,0,0,umsning,umktieh
11-17-297-01987-277976,Meghalaya,Ri Bhoi,3.4518373,836,143241.640625,36950.87109375,0.0414012745022773,33,96,8,88,,0,0,1,1,0,umsning,icar
11-17-297-01987-277982,Meghalaya,Ri Bhoi,1.4584316,1543,78010.703125,14235.91015625,0.48128342628479,72,113,7,106,,0,0,1,0,0,umsning,mawlein mawkhan
11-17-297-01987-277983,Meghalaya,Ri Bhoi,3.8828309,477,80074.5078125,17103.29296875,0.281553387641907,20,36,10,25,,0,0,0,0,0,umsning,umiarong
11-17-297-01987-277984,Meghalaya,Ri Bhoi,2.2402759,809,64047.83984375,12430.9599609375,0.534975349903107,39,71,11,58,,0,0,0,0,0,umsning,umtrew
11-17-297-01987-277985,Meghalaya,Ri Bhoi,2.218022,662,74761.3608669705,15490.1231016749,0.474820160222568,25,72,40,32,,0,0,0,0,0,umsning,lawbyrwa
11-17-297-01987-277987,Meghalaya,Ri Bhoi,7.3104777,853,82862.84375,16901.82421875,0.316556304693222,29,76,0,75,,0,0,0,0,0,umsning,byrwa
11-17-297-01987-277988,Meghalaya,Ri Bhoi,2.560606,673,101078.3671875,29043.62109375,0.099025972187519,27,79,37,42,,0,0,0,0,0,umsning,sumer-4 no
11-17-297-01987-277989,Meghalaya,Ri Bhoi,3.8830845,891,87807.2890625,16479.23828125,0.417366951704025,57,110,27,83,,0,0,0,1,0,umsning,pyllun
11-17-297-01987-277990,Meghalaya,Ri Bhoi,5.737399,757,84597.3046875,18799.40234375,0.275862067937851,30,70,33,37,,0,0,1,0,0,umsning,umiet
11-17-297-01987-277992,Meghalaya,Ri Bhoi,4.2359695,653,98404.7120501161,18874.5377287151,0.253562943324128,56,162,7,155,,0,0,0,0,0,umsning,umden arka
11-17-297-01987-277995,Meghalaya,Ri Bhoi,3.3596654,797,62198.12890625,12456.345703125,0.620967745780945,31,60,0,60,,0,0,0,0,0,umsning,umtung
11-17-297-01987-277996,Meghalaya,Ri Bhoi,4.485342,269,97356.6143946256,18694.637987013,0.359925794855783,55,96,12,84,,0,0,0,0,0,umsning,mawtneng
11-17-297-01987-278000,Meghalaya,Ri Bhoi,0.7761885,994,88910.6313882373,16044.3462190448,0.406386072343251,265,604,83,521,,0,0,0,0,0,umsning,lumdaitkhla a
11-17-297-01987-278002,Meghalaya,Ri Bhoi,2.5770967,1067,84210.546875,16466.169921875,0.358035713434219,32,165,1,164,,0,0,1,0,0,umsning,bhoilymbong lumsohpieng
11-17-297-01987-278003,Meghalaya,Ri Bhoi,2.1235173,941,54242.98828125,9595.1298828125,0.777096092700958,21,44,1,32,,0,0,0,0,0,umsning,umket
11-17-297-01987-278004,Meghalaya,Ri Bhoi,2.6813016,434,56882.48828125,9480.4150390625,0.727477490901947,9,16,4,12,,0,0,0,0,0,umsning,palwi
11-17-297-01987-278005,Meghalaya,Ri Bhoi,1.6745933,1034,83442,14294.845703125,0.529880464076996,52,142,4,138,,0,0,0,0,0,umsning,kyrdem
11-17-297-01987-278006,Meghalaya,Ri Bhoi,1.8123567,431,65838.6875,12429.3603515625,0.620560765266419,12,16,2,14,,0,0,1,0,0,umsning,sohriewblei
11-17-297-01987-278007,Meghalaya,Ri Bhoi,2.052191,827,76744.6484375,12886.5341796875,0.601069509983063,94,193,44,149,,0,0,0,0,0,umsning,nongthymmai kyrdem
11-17-297-01987-278010,Meghalaya,Ri Bhoi,2.498123,289,69011.2848135965,13448.3523938301,0.565811953789149,21,85,8,69,,0,0,0,0,0,umsning,mawblang
11-17-297-01987-278011,Meghalaya,Ri Bhoi,2.04435,540,77213.6796875,15127.041015625,0.505962550640106,10,41,0,41,,0,0,0,0,0,umsning,mawkyrdep
11-17-297-01987-278012,Meghalaya,Ri Bhoi,1.7971048,909,81918.34375,18752.392578125,0.303614467382431,33,56,8,48,,0,0,0,0,0,umsning,mawpun
11-17-297-01987-278013,Meghalaya,Ri Bhoi,3.5028417,267,57447.19140625,11065.6474609375,0.684426248073578,6,9,0,9,,0,0,0,0,0,umsning,umsarang
11-17-297-01987-278014,Meghalaya,Ri Bhoi,3.0851998,968,58729.8203125,11839.2783203125,0.645481646060944,26,55,2,53,,0,0,0,0,0,umsning,nongtraw
11-17-297-01987-278015,Meghalaya,Ri Bhoi,3.2439535,248,62666.49609375,12956.3642578125,0.569620251655579,7,27,0,27,,0,0,0,0,0,umsning,lumshyiap
11-17-297-01987-278020,Meghalaya,Ri Bhoi,1.829129,516,115286.0546875,25259.3046875,0.0842696651816368,8,19,4,15,,0,0,0,0,0,umsning,mawpun kshaid
11-17-297-01987-278021,Meghalaya,Ri Bhoi,2.68376,787,86503.5546875,18454.091796875,0.282962948083878,38,77,14,63,,0,0,0,0,0,umsning,sumer latara
11-17-297-01987-278022,Meghalaya,Ri Bhoi,1.3367826,267,89531.0546875,16388.736328125,0.43389829993248,8,61,19,42,,0,0,0,0,0,umsning,umbang adda
11-17-297-01987-278023,Meghalaya,Ri Bhoi,1.1952366,706,121426.109375,21201.384765625,0.173160180449486,17,40,0,40,,0,0,1,0,0,umsning,umsawlum a
11-17-297-01987-278025,Meghalaya,Ri Bhoi,3.014859,1028,82815.40625,15381.16015625,0.393939405679703,45,237,2,235,,0,0,1,0,0,umsning,umbir
11-17-297-01987-278026,Meghalaya,Ri Bhoi,2.0784786,88,57232.2421875,13028.478515625,0.53658539056778,1,1,0,1,,0,0,0,0,0,umsning,umranblei
11-17-297-01987-278027,Meghalaya,Ri Bhoi,1.565744,391,57209.515625,10842.701171875,0.665835440158844,7,14,0,14,,0,0,0,0,0,umsning,mairung heh
11-17-297-01987-278028,Meghalaya,Ri Bhoi,3.812814,268,80200.09375,17551.388671875,0.376899689435959,7,12,1,11,,0,0,0,0,0,umsning,lumsohpetbneng lawnongthroh
11-17-297-01987-278029,Meghalaya,Ri Bhoi,2.3216505,145,55754.8046875,11826.7763671875,0.612121224403381,2,4,0,4,,0,0,0,0,0,umsning,mairungpdeng
11-17-297-01987-278030,Meghalaya,Ri Bhoi,2.9517448,193,54986.76171875,12120.7373046875,0.672043025493622,4,6,2,3,,0,0,0,0,0,umsning,umtring
11-17-297-01987-278031,Meghalaya,Ri Bhoi,1.9026906,89,65397.80859375,16978.27734375,0.403846144676209,3,7,0,7,,0,0,0,0,0,umsning,niangdai
11-17-297-01987-278032,Meghalaya,Ri Bhoi,2.1793537,387,39282.4765625,7467.7626953125,0.890625,18,20,1,19,,0,0,0,0,0,umsning,mawlang
11-17-297-01987-278034,Meghalaya,Ri Bhoi,4.941115,20,70401.359375,11116.00390625,0.736842095851898,,,,,,0,0,0,0,0,umsning,wahskuin
11-17-297-01987-278035,Meghalaya,Ri Bhoi,3.628726,94,37401.234375,7402.32763671875,0.875,2,5,0,5,,0,0,0,0,0,umsning,mawkorblang madan sohkhar
11-17-297-01987-278036,Meghalaya,Ri Bhoi,1.6334015,113,58432.55859375,12194.6201171875,0.669565200805664,2,5,0,5,,0,0,0,0,0,umsning,wahpipa
11-17-297-01987-278037,Meghalaya,Ri Bhoi,2.0247188,132,51966.6015625,8439.0205078125,0.811965823173523,2,5,0,5,,0,0,0,0,0,umsning,lawhuleng
11-17-297-01987-278038,Meghalaya,Ri Bhoi,2.2064276,78,52800.30078125,9125.9775390625,0.790123462677002,2,4,0,4,,0,0,0,0,0,umsning,mawtnen
11-17-297-01987-278039,Meghalaya,Ri Bhoi,2.7944207,22,48586.79296875,8097.798828125,0.916666686534882,,,,,,0,0,0,0,0,umsning,umpung
11-17-297-01987-278040,Meghalaya,Ri Bhoi,2.911376,48,60049.23046875,7931.0302734375,1,,,,,,0,0,0,0,0,umsning,nongtrawsiej
11-17-297-01987-278041,Meghalaya,Ri Bhoi,1.8770391,79,54032.48046875,9876.9052734375,0.860215067863464,3,4,0,4,,0,0,0,0,0,umsning,patharan
11-17-297-01987-278042,Meghalaya,Ri Bhoi,2.4864318,107,52479.5859375,11807.90625,0.574999988079071,4,8,0,8,,0,0,0,0,0,umsning,nongtrawsoh
11-17-297-01987-278043,Meghalaya,Ri Bhoi,4.7298026,98,55091.16015625,10680.939453125,0.714285731315613,1,2,0,2,,0,0,0,0,0,umsning,umsohpieng
11-17-297-01987-278044,Meghalaya,Ri Bhoi,4.196724,8,32489.79296875,4641.39892578125,1,,,,,,0,0,0,0,0,umsning,sain
11-17-297-01987-278045,Meghalaya,Ri Bhoi,2.627319,81,39030.8515625,5575.83642578125,0.952380955219269,,,,,,0,0,0,0,0,umsning,umnongkrem
11-17-297-01987-278046,Meghalaya,Ri Bhoi,2.5414917,18,34688.3046875,8161.95361328125,0.882352948188782,,,,,,0,0,0,0,0,umsning,urbania
11-17-297-01987-278047,Meghalaya,Ri Bhoi,6.0279326,292,45353.140625,9249.6533203125,0.79276317358017,5,7,3,4,,0,0,0,0,0,umsning,nongkyndong
11-17-297-01987-278048,Meghalaya,Ri Bhoi,6.7302537,716,56579.328125,12090.7421875,0.612750887870789,30,61,8,53,,0,0,0,0,0,umsning,mawlyndep
11-17-297-01987-278049,Meghalaya,Ri Bhoi,2.9774065,63,,,,1,2,0,2,,0,0,0,0,0,umsning,umtyrkhang
11-17-297-01987-278050,Meghalaya,Ri Bhoi,2.6001837,676,54674.953125,11587.826171875,0.544776141643524,22,38,5,33,,0,0,0,0,0,umsning,umrleng
11-17-297-01987-278051,Meghalaya,Ri Bhoi,1.942547,455,91342.0390625,17309.107421875,0.292237430810928,18,125,0,125,,0,0,1,0,0,umsning,umnuih
11-17-297-01987-278052,Meghalaya,Ri Bhoi,2.2816682,1261,91257.71875,18032.962890625,0.326347291469574,26,30,0,30,,0,0,1,0,0,umsning,umsaw madan
11-17-297-01987-278053,Meghalaya,Ri Bhoi,1.1240386,261,118510.4609375,20819.404296875,0.103603601455688,1,1,0,1,,0,0,1,1,0,umsning,umiam hydel project a
11-17-297-01987-278054,Meghalaya,Ri Bhoi,1.5230278,335,80197.1328125,14454.134765625,0.415697664022446,99,1761,1543,208,,0,0,1,1,0,umsning,umiam hydel project b
11-17-297-01987-278055,Meghalaya,Ri Bhoi,3.2419527,308,123081.40625,26898.5859375,0.096026487648487,8,69,0,69,,0,0,1,1,0,umsning,umiam hydel project c
11-17-297-01987-278056,Meghalaya,Ri Bhoi,0.5417272,820,85236.671875,17025.3671875,0.408505141735077,15,170,161,9,,0,0,1,1,0,umsning,umiam hydel project d
11-17-297-01987-278057,Meghalaya,Ri Bhoi,2.9247305,2879,99247.1403219857,19909.8619452491,0.273342357225041,108,243,26,217,,0,0,0,0,0,umsning,nongsder
11-17-297-01987-278058,Meghalaya,Ri Bhoi,8.000783,663,65409.71484375,13436.072265625,0.520700633525848,6,23,0,23,,0,0,0,0,0,umsning,madan nonglakhiat
11-17-297-01987-278060,Meghalaya,Ri Bhoi,1.4074304,129,90800.375,21583.6953125,0.172131150960922,5,26,0,6,,0,0,0,0,0,umsning,wahmyntait
11-17-297-01987-278061,Meghalaya,Ri Bhoi,3.5864294,208,74423.03125,16777.4453125,0.346820801496506,9,19,1,18,,0,0,0,0,0,umsning,mahmawdkuk
11-17-297-01987-278062,Meghalaya,Ri Bhoi,2.4971893,369,88873.3036388423,21531.9058117378,0.151219509844858,29,58,0,53,,0,1,1,0,0,umsning,lumdiengngan
11-17-297-01987-278063,Meghalaya,Ri Bhoi,2.463457,290,94336.1015625,21216.15234375,0.244979918003082,6,13,0,13,,0,0,0,0,0,umsning,kyrdeng
11-17-297-01987-278064,Meghalaya,Ri Bhoi,1.1472995,414,81476.125,15363.0830078125,0.313559323549271,20,33,2,31,,0,0,0,0,0,umsning,nongpyrdet
11-17-297-01987-278065,Meghalaya,Ri Bhoi,5.00499,2042,78972.1171875,14917.41015625,0.440581202507019,36,65,0,65,,0,0,0,0,0,umsning,mawbsein
11-17-297-01987-278067,Meghalaya,Ri Bhoi,7.93069,351,78226.8671875,15357.421875,0.4570552110672,10,17,1,16,,0,0,0,0,0,umsning,mawlwai
11-17-297-01987-278068,Meghalaya,Ri Bhoi,4.2811403,1356,63057.64453125,11788.224609375,0.578635036945343,34,70,3,67,,0,0,0,0,0,umsning,klew
11-17-297-01987-278069,Meghalaya,Ri Bhoi,6.895603,368,107021.1328125,23570.130859375,0.136904761195183,16,22,1,21,,0,0,0,0,0,umsning,lumrit
11-17-297-01987-278070,Meghalaya,Ri Bhoi,4.1744356,286,64566.89453125,11483.3740234375,0.694630861282349,10,26,3,23,,0,0,0,0,0,umsning,mawnohsynrum
11-18-321-02116-302343,Assam,Kamrup,1.3127,1170,69400.6875,12602.0185546875,0.478485375642777,46,67,7,54,65,0,0,1,0,0,rangia part,khepnikuchi khopanikuchi
11-18-321-02116-302344,Assam,Kamrup,2.5413,1459,66060.4921875,14383.3828125,0.41702127456665,39,52,2,47,75,0,0,1,0,0,rangia part,jaljali
11-18-321-02116-302345,Assam,Kamrup,8.0454,7214,72396.734375,15020.9521484375,0.328383296728134,533,1516,176,1325,75,1,1,1,0,1,rangia part,tulsibari
11-18-321-02116-302346,Assam,Kamrup,2.9796,2472,66338.9765625,13129.033203125,0.451729685068131,72,93,4,89,70,0,0,1,0,0,rangia part,ichapur
11-18-321-02116-302347,Assam,Kamrup,2.9029999,1185,69141.4140625,14923.021484375,0.375,44,63,2,57,62,0,0,1,0,0,rangia part,halikuchi
11-18-321-02116-302348,Assam,Kamrup,3.8392,2756,81586.015625,17446.06640625,0.277099519968033,121,244,23,221,70,0,0,1,1,0,rangia part,bichennala
11-18-321-02116-302349,Assam,Kamrup,4.5722,3541,77309.2890625,15848.0712890625,0.283089280128479,171,361,22,304,55,0,0,1,0,0,rangia part,tarani
11-18-321-02116-302350,Assam,Kamrup,3.0923998,1080,100059.7421875,21827.705078125,0.197876453399658,29,111,0,111,70,0,0,1,1,0,rangia part,hairandhab hairandeb
11-18-321-02116-302351,Assam,Kamrup,1.0538,432,115576.7734375,22666.99609375,0.0818965509533882,23,37,4,33,60,0,0,1,0,1,rangia part,kothra
11-18-321-02116-302352,Assam,Kamrup,0.9632,939,97963.4296875,20561.5546875,0.218681320548058,81,103,6,97,72,0,0,1,0,0,rangia part,batakuchi
11-18-321-02116-302353,Assam,Kamrup,1.5242,1550,82031.1171875,17343.720703125,0.253333330154419,73,150,8,141,65,0,0,1,0,1,rangia part,jamtala
11-18-321-02116-302354,Assam,Kamrup,3.0432,2063,95662.90625,18219.263671875,0.231299206614494,74,145,51,92,61,0,0,1,1,1,rangia part,kararagar bhitor
11-18-321-02116-302355,Assam,Kamrup,0.66510004,323,81529.0546875,14724.310546875,0.381270915269852,7,8,0,8,60,0,0,1,0,0,rangia part,doloi gaon
11-18-321-02116-302356,Assam,Kamrup,0.6293,876,73966.25,14638.2568359375,0.438882410526276,52,105,3,81,65,0,0,1,1,0,rangia part,bala gaon
11-18-321-02116-302357,Assam,Kamrup,1.0587001,1226,96284.8515625,19054.755859375,0.0977382883429527,151,191,20,157,67,0,0,1,0,0,rangia part,tatarkuchi
11-18-321-02116-302358,Assam,Kamrup,1.1881,571,112893.984375,23120.35546875,0.110701106488705,6,7,0,7,65,0,0,1,0,0,rangia part,pub sitara
11-18-321-02116-302359,Assam,Kamrup,1.5553,1153,102052.6875,22262.458984375,0.150579154491425,17,17,1,16,65,0,0,1,0,0,rangia part,pachim sitara
11-18-321-02116-302360,Assam,Kamrup,0.4914,92,61221.30859375,12494.14453125,0.244897961616516,3,6,0,6,54,0,0,0,0,0,rangia part,telerana kuchi
11-18-321-02116-302361,Assam,Kamrup,1.7472,1490,95655.546875,19894.3515625,0.159581422805786,74,119,5,114,55,0,0,1,0,0,rangia part,goriakoth
11-18-321-02116-302362,Assam,Kamrup,0.9928,243,116256.2265625,23745.953125,0.059574469923973,13,16,0,16,56,0,0,1,1,0,rangia part,alagdia
11-18-321-02116-302363,Assam,Kamrup,2.1097,848,84907.8515625,19166.765625,0.239912763237953,21,31,0,31,60,0,0,1,1,1,rangia part,kekohati
11-18-321-02116-302364,Assam,Kamrup,1.6258999,213,99930.078125,19310.16015625,0.154589369893074,6,10,0,10,70,0,0,1,1,0,rangia part,bhatkuchi
11-18-321-02116-302365,Assam,Kamrup,0.95449996,1049,83637.5390625,16946.71875,0.290322571992874,44,90,8,82,65,0,0,1,0,1,rangia part,gorkuchi gurkuchi
11-18-321-02116-302366,Assam,Kamrup,0.56810004,109,94584.9921875,22039.220703125,0.0776699036359787,24,53,6,47,66,0,0,1,0,0,rangia part,dakshin sitara
11-18-321-02116-302367,Assam,Kamrup,1.2515,436,58114.8203125,12118.73046875,0.616113722324371,61,74,1,73,66,0,0,1,0,0,rangia part,gogmalacha
11-18-321-02116-302368,Assam,Kamrup,1.4491,1464,67074.2734375,13933.3037109375,0.391304343938828,122,135,0,124,61,0,0,1,0,1,rangia part,barhampur hat bajali
11-18-321-02116-302369,Assam,Kamrup,4.3499,2018,76996.1875,15299.29296875,0.298052906990051,62,110,6,85,62,0,0,1,0,0,rangia part,borkukuria
11-18-321-02116-302370,Assam,Kamrup,4.4121,3952,85360.375,18202.162109375,0.195553302764893,241,448,21,413,60,0,0,1,0,0,rangia part,pitambar hat bajali
11-18-321-02116-302371,Assam,Kamrup,2.5395,1103,82411.2578125,17438.810546875,0.25446429848671,14,37,0,37,58,0,0,1,0,0,rangia part,barmurah
11-18-321-02116-302372,Assam,Kamrup,0.9096,510,103426.6796875,23007.59765625,0.0810810774564743,18,35,8,27,60,0,0,1,0,0,rangia part,makhuli mahkhuli
11-18-321-02116-302373,Assam,Kamrup,2.2516,1391,89387.515625,20455.25,0.218077480792999,22,35,1,34,60,0,0,1,0,0,rangia part,dahara
11-18-321-02116-302374,Assam,Kamrup,2.2499,2258,97053.5703125,21330.455078125,0.165293037891388,106,211,11,200,63,0,0,1,0,0,rangia part,bangaon
11-18-321-02116-302375,Assam,Kamrup,1.36,1478,103822.9296875,22263.673828125,0.169406712055206,43,53,10,43,65,0,0,1,0,0,rangia part,sahan
11-18-321-02116-302376,Assam,Kamrup,0.81,1772,110847.0078125,23403.623046875,0.119747899472713,41,84,5,79,65,0,0,1,0,0,rangia part,chepti
11-18-321-02116-302377,Assam,Kamrup,0.9929,894,105363.140625,21310.73828125,0.157062143087387,20,47,0,47,65,0,0,1,0,0,rangia part,bengali kuchi bangali kuchi
11-18-321-02116-302378,Assam,Kamrup,0.71019995,574,75872.703125,15952.03515625,0.25971731543541,122,671,117,549,61,0,0,1,0,1,rangia part,pachim par baghbari
11-18-321-02116-302379,Assam,Kamrup,3.3848999,1256,73480.609375,15882.5283203125,0.288194447755814,42,106,4,95,56,0,0,1,0,0,rangia part,sundhia
11-18-321-02116-302380,Assam,Kamrup,0.99230003,145,88732.078125,18096.673828125,0.230263158679008,9,11,0,7,62,0,0,1,0,0,rangia part,balikuchi
11-18-321-02116-302381,Assam,Kamrup,2.0943,1340,81235.515625,18732.248046875,0.239815533161163,80,134,6,128,62,0,0,1,0,0,rangia part,kanikuchi
11-18-321-02116-302382,Assam,Kamrup,3.3377,2745,84367.8203125,20342.494140625,0.20558375120163,82,135,8,127,62,0,0,1,0,1,rangia part,niz berigog niz barigog
11-18-321-02116-302383,Assam,Kamrup,2.0182002,1900,86721.7578125,17299.185546875,0.300000011920929,66,157,3,152,50,0,0,1,0,0,rangia part,ischadagharia
11-18-321-02116-302384,Assam,Kamrup,1.4361,1194,84744.84375,18981.767578125,0.249404296278954,27,42,8,34,60,0,0,1,0,0,rangia part,chanmaguri
11-18-321-02116-302385,Assam,Kamrup,3.1783,2696,80366.4375,17359.380859375,0.252960175275803,171,291,68,146,60,0,0,1,0,0,rangia part,debok no-1 dobok no 1
11-18-321-02116-302386,Assam,Kamrup,1.5794001,1051,86113.8046875,18328.53125,0.15391381084919,29,116,0,116,60,0,0,1,0,0,rangia part,dimu no-1
11-18-321-02116-302387,Assam,Kamrup,0.8903,1272,82680.1171875,17263.607421875,0.328799992799759,71,207,11,196,60,0,0,1,1,0,rangia part,khudra dimu
11-18-321-02116-302388,Assam,Kamrup,1.7603,1136,98363.7734375,21643.1328125,0.086750790476799,300,554,70,480,60,0,0,1,0,0,rangia part,dimu no-2
11-18-321-02116-302389,Assam,Kamrup,1.0248001,928,94733.265625,19589.904296875,0.168724283576012,17,23,1,22,60,0,0,1,0,0,rangia part,naburka satra
11-18-321-02116-302390,Assam,Kamrup,1.6503999,1717,93734.09375,19613.9609375,0.258259922266006,213,343,33,302,50,0,0,1,0,0,rangia part,debok no-2
11-18-321-02116-302391,Assam,Kamrup,1.6679,2022,86453.6953125,20165.5859375,0.220240965485573,145,374,14,354,55,0,0,1,0,0,rangia part,kaniha dagharia
11-18-321-02116-302392,Assam,Kamrup,1.9550999,1925,63640.32421875,15383.7939453125,0.46921119093895,145,366,36,308,55,0,0,1,0,1,rangia part,kumarpata
11-18-321-02116-302393,Assam,Kamrup,1.0832,821,77974.0703125,16537.259765625,0.303306728601456,40,217,176,40,60,0,0,1,0,0,rangia part,borsil barsil
11-18-321-02116-302394,Assam,Kamrup,0.4982,422,89268.2734375,19931.6328125,0.187648460268974,32,202,146,53,60,0,0,1,0,1,rangia part,chotsil
11-18-321-02116-302395,Assam,Kamrup,1.3547,1481,84196.875,18222.970703125,0.240480959415436,85,183,13,170,60,0,0,1,0,1,rangia part,moranjana
11-18-321-02116-302396,Assam,Kamrup,1.8686999,763,67515.5546875,14635.6298828125,0.37935483455658,18,47,7,38,60,0,0,1,0,1,rangia part,bhoira bhaira
11-18-321-02116-302397,Assam,Kamrup,1.723,954,80177.2421875,17157.271484375,0.292181074619293,29,99,52,31,56,0,0,1,0,1,rangia part,na kuchi
11-18-321-02116-302398,Assam,Kamrup,2.2954,1531,85570.203125,19003.1796875,0.199216201901436,,,,,63,0,0,1,0,1,rangia part,kekeni kuchi
11-18-321-02116-302399,Assam,Kamrup,3.2001998,3428,99038.90625,21520.88671875,0.132972970604897,112,233,19,214,63,0,0,1,1,0,rangia part,makul nakul
11-18-321-02116-302400,Assam,Kamrup,2.1421,1161,107158.8828125,25041.337890625,0.144210532307625,131,283,31,252,68,0,0,1,1,1,rangia part,garka
11-18-321-02116-302401,Assam,Kamrup,0.4148,550,87880.625,20169.32421875,0.253187626600266,43,68,0,68,60,0,0,1,0,1,rangia part,chapania
11-18-321-02116-302402,Assam,Kamrup,1.8747001,3730,128555.75,27644.3203125,0.105563908815384,274,553,115,438,65,0,0,1,0,1,rangia part,murara
11-18-321-02116-302403,Assam,Kamrup,3.3235998,2668,99639.296875,20980.798828125,0.209784731268883,122,214,37,171,70,0,0,1,1,1,rangia part,kachari solmari
11-18-321-02116-302404,Assam,Kamrup,3.4596,1135,74240.75,14265.1396484375,0.40016707777977,26,67,0,67,70,0,0,1,0,1,rangia part,hiragata
11-18-321-02116-302405,Assam,Kamrup,0.5256,681,81891.4453125,18436.88671875,0.256906092166901,14,24,1,23,72,0,0,1,0,1,rangia part,uttar bordol
11-18-321-02116-302406,Assam,Kamrup,2.8711998,1380,68712.34375,13522.1083984375,0.457725942134857,27,37,1,36,70,0,0,1,1,1,rangia part,gosai solmari
11-18-321-02116-302407,Assam,Kamrup,1.4844,1070,71615.125,15093.771484375,0.356950670480728,28,49,0,49,70,0,0,1,1,0,rangia part,dakhin bordol
11-18-321-02116-302408,Assam,Kamrup,3.3516,1709,88488.2734375,18278.5625,0.258630454540253,165,448,73,375,62,0,0,1,0,1,rangia part,titkuri no-1
11-18-321-02116-302409,Assam,Kamrup,3.4416,2320,73903.4609375,15368.2099609375,0.390794992446899,79,129,5,124,63,0,0,1,0,1,rangia part,barkuriha
11-18-321-02116-302410,Assam,Kamrup,1.7733,1541,85941.8828125,18225.23828125,0.240671634674072,94,168,22,146,62,0,0,1,0,1,rangia part,titkuri no-2
11-18-321-02116-302411,Assam,Kamrup,1.531,733,55786.828125,11172.6708984375,0.724279820919037,30,42,7,35,62,0,0,1,0,0,rangia part,titkuri no-3
11-18-321-02116-302412,Assam,Kamrup,1.4042,1164,53367.21484375,10859.361328125,0.706254959106445,26,56,0,56,60,0,0,1,0,0,rangia part,niz hassang no-1
11-18-321-02116-302413,Assam,Kamrup,4.0435,2697,89846.8046875,20428.7421875,0.096026487648487,66,159,5,154,50,0,0,1,1,0,rangia part,madhukuchi
11-18-321-02116-302414,Assam,Kamrup,3.2770002,1889,85085.34375,18384.59375,0.151144221425056,136,288,33,243,60,0,0,1,1,0,rangia part,kalmani
11-18-321-02116-302415,Assam,Kamrup,2.7886999,510,78231.4375,16122.966796875,0.288530468940735,16,31,0,31,60,0,0,1,0,0,rangia part,niz hassang no-2
11-18-321-02116-302416,Assam,Kamrup,2.1675,1581,57843.71484375,13271.5009765625,0.542980849742889,35,62,2,52,60,0,0,1,0,1,rangia part,niz hassang no-3
11-18-321-02116-302417,Assam,Kamrup,4.494,1903,67000.578125,14047.958984375,0.484478384256363,67,128,10,118,60,0,0,1,0,1,rangia part,jajikona
11-18-321-02116-302418,Assam,Kamrup,1.021,203,64494.55078125,13385.6611328125,0.457547158002853,9,15,2,13,60,0,0,1,0,1,rangia part,dhankunda dhankhanda
11-18-321-02116-302419,Assam,Kamrup,2.4935,1493,72791.5078125,16638.05859375,0.289795905351639,24,59,0,59,50,0,0,1,0,1,rangia part,panara
11-18-321-02116-302420,Assam,Kamrup,1.9445,1144,94343.9609375,21279.984375,0.107204116880894,23,49,1,48,50,0,0,1,0,0,rangia part,koroibari
11-18-321-02116-302421,Assam,Kamrup,4.0202,2154,77957.4453125,16733.380859375,0.296637505292892,134,339,126,177,50,0,0,1,0,1,rangia part,barlessakona
11-18-321-02116-302422,Assam,Kamrup,2.3731,860,96518.7421875,21281.4140625,0.0757238343358039,,,,,55,0,0,1,0,1,rangia part,soula
11-18-321-02116-302423,Assam,Kamrup,0.8787,589,74227.2421875,16714.2890625,0.246453896164894,17,40,8,32,55,0,0,1,0,0,rangia part,nagaon
11-18-321-02116-302424,Assam,Kamrup,2.7048998,3044,97279.8046875,20400.42578125,0.127184465527534,172,333,23,277,50,0,0,1,0,0,rangia part,athara
11-18-321-02116-302425,Assam,Kamrup,3.9945002,2260,94484.6640625,19656.18359375,0.155803576111794,92,193,29,150,45,0,0,1,0,0,rangia part,dagaon
11-18-321-02117-302427,Assam,Kamrup,1.6312,1218,86044.765625,16859.177734375,0.19349592924118,61,106,17,82,50,0,0,1,0,0,koya,gopalpur
11-18-321-02117-302428,Assam,Kamrup,1.5564,548,66777.8203125,12755.3134765625,0.492134839296341,37,49,2,41,70,0,0,0,0,1,koya,dodatia
11-18-321-02117-302429,Assam,Kamrup,2.1239,236,73626.1328125,12683.4931640625,0.466386556625366,8,9,0,6,70,0,0,0,0,0,koya,nitani
11-18-321-02117-302430,Assam,Kamrup,1.4804,476,84131.890625,18434.494140625,0.170163169503212,,,,,65,0,0,0,0,1,koya,kumtibari
11-18-321-02117-302431,Assam,Kamrup,0.16620001,66,99433.90625,19585.466796875,0.0909090936183929,10,10,0,5,45,0,0,0,0,1,koya,hurmabori
11-18-321-02117-302432,Assam,Kamrup,0.4745,105,71542.0625,14433.9248046875,0.140350878238678,12,30,0,18,45,0,0,0,0,1,koya,satma bathan
11-18-321-02117-302433,Assam,Kamrup,1.0949,1099,76815.4140625,14343.73046875,0.445497632026672,24,47,7,36,45,0,0,1,0,1,koya,larmagourhati
11-18-321-02117-302434,Assam,Kamrup,2.8241,1557,63496.09765625,13103.0234375,0.488643735647202,115,192,20,152,49,0,0,1,0,0,koya,bardangabatakuchi
11-18-321-02117-302435,Assam,Kamrup,3.701,4905,77626.703125,15163.779296875,0.388074696063995,291,502,63,413,40,0,0,1,0,1,koya,no-2 dhuhi
11-18-321-02117-302436,Assam,Kamrup,5.5602,2508,72486.546875,16175.3984375,0.344868749380112,163,257,47,209,40,0,0,1,0,0,koya,no-1 dhuhi
11-18-321-02117-302437,Assam,Kamrup,0.8687,575,86157.2734375,19083.6953125,0.197068408131599,18,43,5,38,56,0,0,1,0,1,koya,diplang
11-18-321-02117-302438,Assam,Kamrup,0.8147,614,76998.9453125,14609.4423828125,0.452566087245941,16,49,1,48,57,0,0,1,0,0,koya,koya
11-18-321-02117-302439,Assam,Kamrup,0.6026,923,68813.78125,16619.978515625,0.352517992258072,81,121,12,106,57,0,0,1,0,1,koya,barpulla
11-18-321-02117-302440,Assam,Kamrup,0.86120003,518,78992.78125,18441.328125,0.246323525905609,46,105,3,102,57,0,0,1,0,0,koya,daisapra
11-18-321-02117-302441,Assam,Kamrup,1.1374,880,71423.796875,14899.6669921875,0.362030893564224,38,53,11,42,47,0,0,1,0,0,koya,purnakhumdum
11-18-321-02117-302442,Assam,Kamrup,2.0737,691,78405.6796875,16868.154296875,0.240371853113174,24,40,2,38,57,0,0,1,0,0,koya,garamsung
11-18-321-02117-302443,Assam,Kamrup,2.18,885,72497.1328125,14798.546875,0.370249718427658,38,64,6,58,17,0,0,1,0,1,koya,garpot
11-18-321-02117-302444,Assam,Kamrup,5.6642,2916,81471.5,16801.62109375,0.283896893262863,180,382,13,367,57,0,0,1,0,0,koya,baranghati
11-18-321-02117-302445,Assam,Kamrup,0.9473,673,86016.484375,17158.4375,0.249022170901299,16,32,0,32,57,0,0,1,0,0,koya,palapara
11-18-321-02117-302446,Assam,Kamrup,2.2175999,552,72966.5703125,14097.2978515625,0.477638632059097,39,68,0,68,58,0,0,0,0,0,koya,balajuptali balajupteli
11-18-321-02117-302447,Assam,Kamrup,0.6069,314,94966.015625,18216.751953125,0.213836476206779,11,15,2,13,62,0,0,1,0,1,koya,sadaikuchi
11-18-321-02117-302448,Assam,Kamrup,4.6505,2141,75039.234375,15939.041015625,0.319746375083923,109,189,13,157,62,0,0,1,0,1,koya,souramuri
11-18-321-02117-302449,Assam,Kamrup,0.4783,415,79709.015625,17291.375,0.22751322388649,16,32,2,30,62,0,0,0,0,1,koya,dudlong
11-18-321-02117-302450,Assam,Kamrup,5.3465996,1685,77132.9609375,15417.654296875,0.410196989774704,60,110,7,98,50,0,0,1,0,1,koya,simalua
11-18-321-02117-302451,Assam,Kamrup,1.984,1132,76024.109375,15249.021484375,0.29748061299324,40,61,6,53,52,0,0,1,0,1,koya,lachibishnupur
11-18-321-02117-302452,Assam,Kamrup,0.79370004,94,83709.5390625,16920.013671875,0.319148927927017,4,6,0,6,51,0,0,0,0,1,koya,ghorathal
11-18-321-02117-302453,Assam,Kamrup,1.4783,377,88426.75,17915.03125,0.220779225230217,31,65,0,65,54,0,0,1,0,0,koya,hemdol
11-18-321-02117-302454,Assam,Kamrup,2.6174,4247,97875.9765625,20215.306640625,0.176725178956985,141,228,18,210,57,0,0,1,0,1,koya,balisatra
11-18-321-02118-302455,Assam,Kamrup,2.2368,1132,86908.2890625,19755.298828125,0.140017285943031,44,56,4,52,47,0,0,1,0,1,kamalpur,lochakona
11-18-321-02118-302456,Assam,Kamrup,1.8916,1589,101287.3515625,22039.693359375,0.136333107948303,78,121,6,115,50,0,0,1,0,0,kamalpur,hahara
11-18-321-02118-302457,Assam,Kamrup,1.8668,1006,90122.6171875,18702.96484375,0.17497456073761,67,112,8,104,46,0,0,1,0,1,kamalpur,maukuchi
11-18-321-02118-302458,Assam,Kamrup,2.2491999,2119,81553.6640625,18755.140625,0.149864986538887,144,341,31,285,46,0,0,1,0,1,kamalpur,bamungaon
11-18-321-02118-302459,Assam,Kamrup,1.2915,971,97632.1328125,21394.697265625,0.0977366268634796,212,388,56,332,45,0,0,1,0,0,kamalpur,kendukona
11-18-321-02118-302460,Assam,Kamrup,1.033,514,92657.75,20530.05078125,0.105882354080677,25,52,1,51,47,0,0,1,0,1,kamalpur,laukuri
11-18-321-02118-302461,Assam,Kamrup,1.6319001,1603,96379.203125,21983.32421875,0.182100683450699,212,236,7,222,45,0,0,1,0,0,kamalpur,kacharua
11-18-321-02118-302462,Assam,Kamrup,1.103,719,84568.6953125,19038.474609375,0.243781089782715,32,49,5,44,45,0,0,1,0,0,kamalpur,dekarkuchi
11-18-321-02118-302463,Assam,Kamrup,1.7361,927,88414.1640625,21363.673828125,0.168410047888756,31,47,0,47,47,0,0,1,0,1,kamalpur,azara
11-18-321-02118-302464,Assam,Kamrup,1.264,1205,81633.5,18668.37890625,0.270119518041611,60,126,7,119,45,0,0,1,0,1,kamalpur,haberikura
11-18-321-02118-302465,Assam,Kamrup,1.1444,6,171820.765625,34364.15234375,0,4,17,4,7,47,0,0,0,0,1,kamalpur,dalma
11-18-321-02118-302466,Assam,Kamrup,0.88699996,646,104240.0078125,23667.181640625,0.150250419974327,133,245,9,232,42,0,0,1,0,1,kamalpur,dinkar
11-18-321-02118-302467,Assam,Kamrup,1.066,1206,97168.2734375,22890.603515625,0.173076927661896,276,433,33,380,42,1,0,1,1,1,kamalpur,kamalpur
11-18-321-02118-302468,Assam,Kamrup,2.4357002,1040,,,,11,25,3,22,47,0,0,1,0,1,kamalpur,alta
11-18-321-02118-302469,Assam,Kamrup,1.5610001,853,85206.59375,18733.36328125,0.135933801531792,107,243,11,232,45,1,0,1,1,1,kamalpur,soneswar
11-18-321-02118-302470,Assam,Kamrup,0.96239996,850,87294.4375,19111.2109375,0.228050172328949,95,181,16,165,44,0,0,1,0,1,kamalpur,barangabari
11-18-321-02118-302471,Assam,Kamrup,2.1381,2119,100834.3984375,21770.53515625,0.16643550992012,29,76,0,76,44,0,0,1,0,1,kamalpur,sundarisal
11-18-321-02118-302472,Assam,Kamrup,2.1704,1285,82637.640625,18778.083984375,0.18212765455246,8,26,0,26,49,0,0,1,0,1,kamalpur,ghopla
11-18-321-02118-302473,Assam,Kamrup,1.0151,747,85621.1015625,17648.91796875,0.199164345860481,26,41,2,39,36,0,0,1,0,1,kamalpur,maguri
11-18-321-02118-302474,Assam,Kamrup,0.6114,497,122174.875,25733.685546875,0.0275590550154447,16,20,1,19,48,0,0,1,0,1,kamalpur,dakhin singra
11-18-321-02118-302475,Assam,Kamrup,1.8411,1699,115872.0078125,24451.83203125,0.065144769847393,101,189,7,182,37,0,0,1,0,0,kamalpur,guiya
11-18-321-02118-302476,Assam,Kamrup,2.3352,1892,92801.625,19841.984375,0.107928387820721,68,102,9,86,36,0,0,1,0,1,kamalpur,chowrakara
11-18-321-02118-302477,Assam,Kamrup,4.5745997,3391,87240.984375,19330.21484375,0.280035078525543,101,246,8,238,32,0,0,1,0,0,kamalpur,degunpar
11-18-321-02118-302478,Assam,Kamrup,3.8559,2503,82989.375,18945.048828125,0.216969698667526,162,289,49,240,36,0,0,1,0,0,kamalpur,baruajani
11-18-321-02118-302479,Assam,Kamrup,1.6611,1400,91378.59375,19346.208984375,0.221594914793968,68,238,7,176,36,0,0,1,0,1,kamalpur,bardekpar
11-18-321-02118-302480,Assam,Kamrup,2.0581,1137,87060.9453125,19973.701171875,0.208406299352646,58,76,12,64,41,0,0,1,0,0,kamalpur,kusumpur
11-18-321-02118-302481,Assam,Kamrup,0.7719,424,59344.68359375,15030.53125,0.421397387981415,32,47,2,44,45,0,0,1,0,0,kamalpur,khudra sesha
11-18-321-02118-302482,Assam,Kamrup,1.0787001,852,101721.2109375,21427.6640625,0.057988166809082,27,58,2,56,45,0,0,1,0,1,kamalpur,singra
11-18-321-02118-302483,Assam,Kamrup,1.6794,561,95893.3046875,18524.84375,0.094155840575695,20,38,2,36,36,0,0,1,0,0,kamalpur,maihati
11-18-321-02118-302484,Assam,Kamrup,1.5169001,1433,95594.6875,20907.13671875,0.101265825331211,159,384,32,350,39,0,0,1,0,1,kamalpur,palara
11-18-321-02118-302485,Assam,Kamrup,1.2654,519,78530.15625,18348.166015625,0.20560747385025,19,47,2,45,45,0,0,1,0,1,kamalpur,barkha
11-18-321-02118-302486,Assam,Kamrup,5.2844,3738,78313.46875,17904.34375,0.22546698153019,148,322,6,316,33,0,0,1,0,1,kamalpur,athagaon
11-18-321-02118-302487,Assam,Kamrup,1.6294,410,80090.03125,17663.966796875,0.200501248240471,13,17,0,17,42,0,0,1,0,1,kamalpur,dhonaka dhonuka
11-18-321-02118-302488,Assam,Kamrup,2.9665,1627,80223.7578125,17145.1875,0.346601337194443,66,95,3,88,41,0,0,1,0,1,kamalpur,raipat
11-18-321-02118-302489,Assam,Kamrup,2.0413,1701,88330.671875,19170.525390625,0.243642821907997,61,113,17,96,40,0,0,1,0,1,kamalpur,sonapur
11-18-321-02118-302490,Assam,Kamrup,2.7160997,2522,90799.3046875,19687.32421875,0.160747662186623,88,237,3,234,36,0,0,1,0,1,kamalpur,panitama
11-18-321-02118-302491,Assam,Kamrup,2.7108,1610,90865.1640625,18264.02734375,0.283261805772781,131,361,4,357,39,0,0,1,0,1,kamalpur,dalang
11-18-321-02118-302492,Assam,Kamrup,2.9885,3050,96154.3984375,20791.01171875,0.24371437728405,184,377,31,346,35,0,0,1,0,0,kamalpur,borka
11-18-321-02118-302493,Assam,Kamrup,1.7637,864,104503.8671875,19780.662109375,0.161915615200996,31,51,2,49,36,0,0,1,0,0,kamalpur,chepti
11-18-321-02118-302494,Assam,Kamrup,2.877,1423,78560.65625,15793.4208984375,0.32594233751297,62,103,8,94,41,0,0,1,0,1,kamalpur,kalakuchi
11-18-321-02118-302495,Assam,Kamrup,2.7642002,1995,96558.703125,21938.453125,0.180336222052574,137,308,21,287,54,1,0,1,0,0,kamalpur,baihata
11-18-321-02118-302496,Assam,Kamrup,0.9953,707,77993.75,17272.34375,0.222833558917046,21,34,0,34,56,0,0,1,0,1,kamalpur,alegjar alekjari
11-18-321-02118-302497,Assam,Kamrup,1.4079,1991,78428.515625,17545.69921875,0.264522314071655,130,226,35,170,59,0,0,1,0,1,kamalpur,jalimura
11-18-321-02118-302498,Assam,Kamrup,2.3731,1533,88814.5234375,18877.58203125,0.246963560581207,56,86,5,81,27,0,0,1,0,0,kamalpur,niz madartola
11-18-321-02118-302499,Assam,Kamrup,1.5085001,2961,84887.3359375,18387.359375,0.267128020524979,191,298,3,293,36,0,0,1,0,0,kamalpur,pialikhata
11-18-321-02118-302500,Assam,Kamrup,3.0089998,987,78698.1796875,14834.4814453125,0.400425970554352,42,60,1,59,36,0,0,1,0,0,kamalpur,tahura
11-18-321-02118-302501,Assam,Kamrup,1.5153999,1118,81799.5234375,18177.671875,0.182601198554039,45,76,6,70,32,0,0,1,0,0,kamalpur,kokeria
11-18-321-02118-302502,Assam,Kamrup,2.3682,1764,87090.7265625,20621.482421875,0.15919540822506,88,125,2,123,52,0,0,1,0,0,kamalpur,bardaipakhia
11-18-321-02118-302503,Assam,Kamrup,1.6678,664,55409.97265625,12541.3515625,0.598079562187195,49,63,0,62,41,0,0,1,0,0,kamalpur,marai
11-18-321-02118-302504,Assam,Kamrup,1.8286,1623,68449.3828125,15056.333984375,0.395563781261444,75,115,5,110,35,0,0,1,0,0,kamalpur,barmarai
11-18-321-02118-302505,Assam,Kamrup,3.2533,2193,84895.96875,18329.8125,0.247272729873657,106,216,2,214,35,0,0,1,0,0,kamalpur,kharikat
11-18-321-02118-302506,Assam,Kamrup,1.7612,1254,111329.5390625,25650.75,0.102137766778469,67,268,1,213,35,0,0,1,0,0,kamalpur,deoduar
11-18-321-02118-302507,Assam,Kamrup,2.4706,1098,120116.3359375,26629.56640625,0.112264148890972,42,145,0,145,36,0,0,1,0,0,kamalpur,madanpur
11-18-321-02118-302508,Assam,Kamrup,1.4271001,920,90634.7421875,18937.197265625,0.198544695973396,44,136,22,105,55,0,0,1,0,1,kamalpur,katanipara
11-18-321-02118-302509,Assam,Kamrup,3.5442002,324,69583.2890625,14910.7041015625,0.353896111249924,12,38,0,22,55,0,0,1,0,1,kamalpur,gopeswar
11-18-321-02118-302510,Assam,Kamrup,5.3817997,84,66752.3515625,13500.4755859375,0.438202261924744,18,25,0,4,36,0,0,0,0,0,kamalpur,bhitarkhola n c
11-18-321-02118-302511,Assam,Kamrup,1.4271001,1487,83030.4296875,18038.38671875,0.198443576693535,111,148,23,106,56,0,0,1,0,0,kamalpur,bhitarkhola
11-18-321-02118-302512,Assam,Kamrup,1.4758,1140,76243.0859375,16667.716796875,0.22036874294281,31,63,14,49,30,0,0,1,0,0,kamalpur,mainasundari
11-18-321-02118-302513,Assam,Kamrup,1.8027999,1120,101674.3515625,22495.892578125,0.124564461410046,47,101,2,96,35,0,0,1,0,0,kamalpur,paikana
11-18-321-02118-302514,Assam,Kamrup,2.3231,2227,80589.171875,16614.44140625,0.326687812805176,137,355,55,300,36,0,0,1,0,0,kamalpur,bargaon
11-18-321-02118-302515,Assam,Kamrup,2.9326,1912,80844.703125,16548.609375,0.289943844079971,61,84,0,84,58,0,0,1,0,0,kamalpur,baregaon
11-18-321-02118-302516,Assam,Kamrup,3.5851002,1486,88653.59375,19563.71484375,0.16567263007164,98,213,57,152,35,0,0,1,0,0,kamalpur,maniari
11-18-321-02118-302517,Assam,Kamrup,2.5114,1890,72409.171875,16245.412109375,0.304699331521988,121,302,39,263,30,0,0,1,0,0,kamalpur,baro gaon bara gog
11-18-321-02118-302518,Assam,Kamrup,2.6759,2164,104863.1796875,22581.3046875,0.157217726111412,98,371,160,211,30,0,0,1,0,0,kamalpur,darakahara
11-18-321-02118-302519,Assam,Kamrup,7.7099,2503,63875.859375,13150.912109375,0.411764711141586,2,4,0,4,30,0,0,1,0,0,kamalpur,natuanacha
11-18-321-02118-302520,Assam,Kamrup,1.8931,121,63519.48046875,14913.26953125,0.452173918485642,2,6,0,6,36,0,0,1,0,0,kamalpur,bhitarkhala grant
11-18-321-02118-302521,Assam,Kamrup,2.0788,2326,94386.4296875,19730.49609375,0.147761836647987,92,191,13,178,58,0,0,1,1,0,kamalpur,sajee
11-18-321-02118-302522,Assam,Kamrup,3.2354002,1597,94472.2578125,21574.595703125,0.153619781136513,144,361,48,313,49,0,0,1,0,0,kamalpur,barpanara
11-18-321-02118-302523,Assam,Kamrup,2.9865,1486,89463.4296875,18599.5859375,0.216968908905983,77,145,4,141,58,0,0,1,0,0,kamalpur,barhata
11-18-321-02118-302524,Assam,Kamrup,2.4412,1223,98091.6875,20596.88671875,0.20434433221817,55,100,7,92,36,0,0,1,0,0,kamalpur,boro gaon bara gaon
11-18-321-02118-302525,Assam,Kamrup,3.0268,2273,94696.9921875,20463.830078125,0.165791779756546,138,323,17,306,55,0,0,1,0,0,kamalpur,nanara
11-18-321-02118-302526,Assam,Kamrup,2.5882998,3525,97606.421875,21882.775390625,0.141674056649208,418,1089,189,896,55,0,0,1,0,0,kamalpur,nagaon
11-18-321-02118-302527,Assam,Kamrup,1.2616,1517,99824.5859375,21344.921875,0.144702836871147,80,135,21,112,54,0,0,1,0,0,kamalpur,radhakuchi
11-18-321-02118-302528,Assam,Kamrup,2.0316,2706,94102.90625,20206.50390625,0.155631184577942,153,260,23,237,44,0,0,1,0,1,kamalpur,karara
11-18-321-02118-302529,Assam,Kamrup,1.7036,1265,92408.7109375,19635.025390625,0.151658773422241,57,97,6,91,35,0,0,1,0,0,kamalpur,bama gaon
11-18-321-02118-302530,Assam,Kamrup,3.0195,3530,88281.109375,20562.369140625,0.159232065081596,173,347,35,311,36,0,0,1,0,0,kamalpur,bihdia
11-18-321-02118-302531,Assam,Kamrup,1.4972,1038,67840.921875,14196.2197265625,0.447444558143616,55,113,1,112,36,0,0,1,0,0,kamalpur,tulsikharikata
11-18-321-02118-302532,Assam,Kamrup,2.4574,1669,86923.5390625,18637.56640625,0.142346635460854,37,82,4,78,41,0,0,1,0,1,kamalpur,pingeleswar pingaleswar
11-18-321-02118-302533,Assam,Kamrup,1.9225,1190,91352.375,20248.609375,0.087809033691883,21,61,11,50,46,0,0,1,0,1,kamalpur,maj gaon
11-18-321-02118-302534,Assam,Kamrup,0.42240003,298,104155.6953125,20459.154296875,0.182142853736877,5,10,0,10,48,0,0,1,0,0,kamalpur,sutarkuchi
11-18-321-02118-302535,Assam,Kamrup,0.42720002,428,88612.125,17562.763671875,0.236486479640007,16,60,4,56,52,0,0,1,0,1,kamalpur,khudrahazara
11-18-321-02118-302536,Assam,Kamrup,1.9360001,1951,90525.984375,19949.6953125,0.169436991214752,103,154,7,147,40,0,0,1,0,0,kamalpur,patrapur
11-18-321-02118-302537,Assam,Kamrup,1.4644,786,83576.21875,18624.2265625,0.188022285699844,20,23,2,21,45,0,0,1,0,1,kamalpur,barkharikata
11-18-321-02118-302538,Assam,Kamrup,1.3247,982,100977.6875,22891.126953125,0.0508474558591842,77,223,33,190,45,0,0,1,0,1,kamalpur,singrapara singar para
11-18-321-02118-302539,Assam,Kamrup,1.8948,1238,108108.9296875,22329.8046875,0.0503778345882892,88,159,123,36,40,0,0,1,0,0,kamalpur,baredala
11-18-321-02118-302540,Assam,Kamrup,1.2738,1092,80988.015625,17665.939453125,0.209631726145744,73,105,14,91,40,0,0,1,0,1,kamalpur,autala
11-18-321-02118-302541,Assam,Kamrup,1.8464999,617,80277.0703125,17106.224609375,0.184170469641685,51,70,28,42,41,0,0,1,0,1,kamalpur,kendua
11-18-321-02118-302542,Assam,Kamrup,0.5067,464,78180.734375,15904.00390625,0.203426122665405,27,61,9,52,41,0,0,0,0,0,kamalpur,jayantipur
11-18-321-02118-302543,Assam,Kamrup,1.9061,1331,99161.2265625,19816.0703125,0.209624797105789,66,102,8,94,40,0,0,1,0,1,kamalpur,sahan
11-18-321-02118-302544,Assam,Kamrup,0.7014,735,81398.7734375,17731.453125,0.221656054258347,70,87,9,76,40,0,0,1,0,1,kamalpur,haldha
11-18-321-02118-302545,Assam,Kamrup,3.8628,1827,81806.703125,18358.69921875,0.181298702955246,67,145,8,132,35,0,0,1,0,0,kamalpur,mallibari
11-18-321-02118-302546,Assam,Kamrup,2.2844,1162,76444.8671875,16352.2021484375,0.260563373565674,45,75,0,73,35,0,0,1,0,0,kamalpur,barhazara
11-18-321-02118-302547,Assam,Kamrup,2.3667,1322,93718.953125,19752.42578125,0.233183860778809,49,90,4,86,36,0,0,1,0,1,kamalpur,titkuchi
11-18-321-02118-302548,Assam,Kamrup,1.9984,786,69800.6015625,15567.650390625,0.329696983098984,45,91,27,64,35,0,0,1,0,0,kamalpur,hindumaizali
11-18-321-02118-302549,Assam,Kamrup,0.9235,401,78732.265625,18287.4453125,0.17603911459446,38,75,12,58,50,0,0,1,0,0,kamalpur,dumnichaki dumunichaki
11-18-321-02118-302550,Assam,Kamrup,3.1476998,1781,112534.5078125,26175.517578125,0.0040413113310933,99,197,29,160,45,0,0,1,0,1,kamalpur,bathan
11-18-321-02118-302551,Assam,Kamrup,2.0035,4126,105315.7265625,23729.767578125,0.164280325174332,594,1421,260,1161,41,0,0,1,1,0,kamalpur,agdola
11-18-321-02118-302552,Assam,Kamrup,3.5379,1730,88835.9375,18871.36328125,0.251977413892746,99,249,75,142,42,0,0,1,0,1,kamalpur,alipub
11-18-321-02118-302553,Assam,Kamrup,3.2333999,3315,95589.1015625,20814.703125,0.158783778548241,123,298,34,264,52,0,0,1,0,0,kamalpur,khudrapalha
11-18-321-02118-302554,Assam,Kamrup,2.1586,153,71133.921875,14482.35546875,0.34730538725853,6,17,0,17,41,0,0,1,0,0,kamalpur,barmola bormula
11-18-321-02118-302555,Assam,Kamrup,2.1433098,1848,99880.640625,21737.109375,0.173553720116615,67,161,0,161,45,0,0,1,0,0,kamalpur,gog
11-18-321-02118-302556,Assam,Kamrup,4.2723002,2466,75771.6953125,17003.638671875,0.362407863140106,101,200,1,199,40,1,0,1,0,0,kamalpur,barpalaha
11-18-321-02118-302557,Assam,Kamrup,1.526,415,61147.05859375,11909.8779296875,0.603325426578522,14,22,0,22,45,0,0,1,0,1,kamalpur,bamuni gaon
11-18-321-02118-302558,Assam,Kamrup,1.8484,1655,90735.140625,18403.0703125,0.243974134325981,99,172,50,122,43,0,0,1,0,0,kamalpur,khehenipara
11-18-321-02118-302559,Assam,Kamrup,3.2701998,2434,118436.453125,25762.162109375,0.0582564957439899,365,956,119,813,35,0,0,1,0,1,kamalpur,bezera
11-18-321-02118-302560,Assam,Kamrup,2.8434,2350,82426.953125,18462.224609375,0.252676665782928,38,92,2,90,35,0,0,1,0,0,kamalpur,bhomolahati
11-18-321-02118-302561,Assam,Kamrup,2.7838001,2220,80494.8203125,19241.3359375,0.258368700742722,79,144,22,122,41,0,0,1,0,0,kamalpur,salmara
11-18-321-02118-302562,Assam,Kamrup,3.1925,1886,95757.9609375,20696.23828125,0.119662627577782,65,137,19,118,42,0,0,1,0,0,kamalpur,saraighat salmara
11-18-321-02118-302563,Assam,Kamrup,1.6895,1649,,,,58,121,4,112,41,0,0,1,0,0,kamalpur,alta
11-18-321-02118-302564,Assam,Kamrup,0.516,82,92637.7578125,21655.580078125,0.142857149243355,2,2,0,2,41,0,0,0,0,0,kamalpur,khudra saraighat
11-18-321-02118-302565,Assam,Kamrup,3.5498998,1915,106009.4921875,21201.8984375,0.0920792073011398,37,69,5,61,41,0,0,1,0,1,kamalpur,mandakata
11-18-321-02118-302566,Assam,Kamrup,2.7351,2430,104012.375,21976.310546875,0.130250319838524,188,313,79,229,41,0,0,1,0,0,kamalpur,simelibari
11-18-321-02118-302567,Assam,Kamrup,2.8010998,3046,75761.53125,15866.4208984375,0.387321621179581,144,259,31,208,45,0,0,1,0,1,kamalpur,dakshin mandakata
11-18-321-02118-302568,Assam,Kamrup,2.5321,240,89761.71875,18311.390625,0.23199999332428,3,5,0,5,41,0,0,1,0,0,kamalpur,kumnagar
11-18-321-02118-302569,Assam,Kamrup,1.3528999,1295,68174.5859375,14578.546875,0.498444795608521,33,70,5,60,41,0,0,1,0,1,kamalpur,malara
11-18-321-02118-302570,Assam,Kamrup,1.4163,378,49216.68359375,11915.6181640625,0.718421041965485,15,33,0,33,40,0,0,1,1,0,kamalpur,mandakata grant
11-18-321-02119-302571,Assam,Kamrup,4.8425,4791,77425.3046875,14502.775390625,0.345578819513321,370,435,43,299,40,0,0,1,0,0,hajo,kamarpur
11-18-321-02119-302572,Assam,Kamrup,2.7038,976,73258.375,15719.1123046875,0.299401193857193,69,79,9,69,40,0,0,0,0,0,hajo,dakshin singra
11-18-321-02119-302573,Assam,Kamrup,3.8860002,2142,63526.59765625,12129.1142578125,0.560090720653534,96,167,10,147,30,0,0,1,0,1,hajo,dihina
11-18-321-02119-302574,Assam,Kamrup,0.2031,500,62837.83203125,12350.2021484375,0.553459107875824,30,33,1,29,30,0,0,0,0,0,hajo,hainadi
11-18-321-02119-302575,Assam,Kamrup,5.135,5076,69335.2109375,14144.5966796875,0.422632783651352,234,428,22,321,30,1,1,1,0,1,hajo,japia
11-18-321-02119-302576,Assam,Kamrup,1.5041001,1595,83075.9609375,17050.091796875,0.35336109995842,58,87,7,80,35,0,0,1,0,0,hajo,helesha
11-18-321-02119-302577,Assam,Kamrup,4.7809,3409,82543.2578125,15952.93359375,0.321532219648361,95,159,5,150,30,0,0,1,1,0,hajo,ukhura
11-18-321-02119-302578,Assam,Kamrup,2.2975,2381,89932.1484375,17169.904296875,0.272804409265518,202,373,68,286,30,1,0,1,0,1,hajo,mokhania
11-18-321-02119-302579,Assam,Kamrup,1.7939999,4926,84729.8359375,18308.375,0.213159427046776,473,612,65,420,30,0,0,1,0,0,hajo,no-1 bagta
11-18-321-02119-302580,Assam,Kamrup,6.0636997,495,69584.5390625,15851.3037109375,0.353281855583191,6,12,0,12,35,0,0,0,0,0,hajo,no-2 bagta
11-18-321-02119-302581,Assam,Kamrup,3.2954998,3932,71795.2109375,12643.9013671875,0.540569305419922,137,222,33,184,30,0,0,1,0,0,hajo,akadi
11-18-321-02119-302582,Assam,Kamrup,7.6778,2741,80872.578125,14909.4697265625,0.463314712047577,50,93,8,84,35,0,0,1,0,0,hajo,no-3 bagta
11-18-321-02119-302583,Assam,Kamrup,1.1168,1308,85851.7421875,17484.5234375,0.247414484620094,81,143,2,120,20,0,0,1,0,0,hajo,raja bazar
11-18-321-02119-302584,Assam,Kamrup,4.5783,3650,89566.4375,18479.365234375,0.204492032527924,414,604,71,514,40,0,0,1,1,0,hajo,kalita kuchi
11-18-321-02119-302585,Assam,Kamrup,1.0494,1491,52904.8671875,10232.775390625,0.718603074550629,14,26,6,20,30,0,0,1,0,0,hajo,hirajani
11-18-321-02119-302586,Assam,Kamrup,2.3931,479,85324.078125,18162.109375,0.303769409656525,42,108,9,99,40,0,0,1,0,0,hajo,saktibari
11-18-321-02119-302587,Assam,Kamrup,2.0264,1027,96385.5,20685.880859375,0.231267347931862,132,227,19,208,40,0,0,1,0,0,hajo,barsapari
11-18-321-02119-302588,Assam,Kamrup,1.1682,931,110401.8515625,25297.865234375,0.144605115056038,46,94,2,92,43,0,0,1,0,1,hajo,patni
11-18-321-02119-302589,Assam,Kamrup,1.222,2923,95626.828125,19780.99609375,0.166715502738953,98,108,1,96,25,0,0,1,0,0,hajo,no-4 bagta
11-18-321-02119-302590,Assam,Kamrup,1.6893,1370,88999.296875,16638.31640625,0.2433862388134,78,119,0,90,25,0,0,1,0,0,hajo,hadala
11-18-321-02119-302591,Assam,Kamrup,2.4403,1060,106146.8671875,22178.498046875,0.118613138794899,52,73,6,67,35,0,0,1,0,0,hajo,gerua
11-18-321-02119-302592,Assam,Kamrup,7.0633,6290,88435.4609375,18623.265625,0.237455487251282,,,,,40,1,1,1,0,1,hajo,manah kuchi
11-18-321-02119-302593,Assam,Kamrup,1.9353,1024,98759.8046875,21100.017578125,0.111770525574684,73,136,50,85,30,0,0,1,0,1,hajo,tetelia
11-18-321-02119-302594,Assam,Kamrup,3.3188,2526,85153.0625,17947.798828125,0.194885700941086,274,363,6,354,40,0,0,1,0,0,hajo,ketekibari
11-18-321-02119-302595,Assam,Kamrup,1.4199001,824,87608.1015625,17542.13671875,0.140515223145485,3,5,0,5,30,0,0,0,0,0,hajo,bausiloutoli
11-18-321-02119-302596,Assam,Kamrup,3.13,4501,98464.1484375,19817.666015625,0.166402533650398,285,520,84,416,20,0,0,1,0,0,hajo,bahana
11-18-321-02119-302597,Assam,Kamrup,2.4403,2994,107905.8515625,21849.99609375,0.155272305011749,138,201,11,186,20,0,0,1,0,1,hajo,bardadhi
11-18-321-02119-302598,Assam,Kamrup,3.8174,2987,90293.375,18425.408203125,0.277432024478912,52,68,5,61,30,0,0,1,0,1,hajo,abhoypur
11-18-321-02119-302599,Assam,Kamrup,9.1646,5927,103890.734375,21006.90234375,0.202667087316513,318,628,84,544,35,1,1,1,0,1,hajo,no-1 kulhati
11-18-321-02119-302600,Assam,Kamrup,5.2495003,373,67835.65625,14754.255859375,0.485000014305115,1,2,0,2,40,0,0,0,1,0,hajo,no-2 kulhati
11-18-321-02119-302601,Assam,Kamrup,3.6432002,3518,68511.859375,12679.458984375,0.493045687675476,173,297,32,201,30,0,0,1,0,0,hajo,hablakha
11-18-321-02119-302602,Assam,Kamrup,8.910999,6092,77018.75,14218.845703125,0.379064232110977,843,1064,63,819,20,1,1,1,0,1,hajo,sarabari
11-18-321-02119-302603,Assam,Kamrup,3.7834,5244,68498.8828125,12766.2958984375,0.506898760795593,437,640,79,487,40,1,1,1,0,1,hajo,khopani kuchi
11-18-321-02119-302604,Assam,Kamrup,6.8464003,10894,66939.3046875,13548.849609375,0.52778023481369,774,1234,134,1083,30,1,1,1,0,1,hajo,saniadi
11-18-321-02119-302605,Assam,Kamrup,2.5646,3289,72256.3359375,13490.759765625,0.448338359594345,105,181,23,158,25,0,0,1,0,1,hajo,dehar kuriha
11-18-321-02119-302606,Assam,Kamrup,2.4308,471,67321.703125,11764.9580078125,0.538834929466248,18,22,1,21,20,0,0,0,0,0,hajo,kismat kuriha
11-18-321-02119-302607,Assam,Kamrup,5.5727,7857,82073.9296875,14888.814453125,0.400258243083954,198,376,23,352,20,1,1,1,0,1,hajo,barni
11-18-321-02119-302608,Assam,Kamrup,1.887,695,61286.22265625,13257.8359375,0.559183657169342,13,57,8,49,40,0,0,0,0,0,hajo,bihdia
11-18-321-02119-302609,Assam,Kamrup,1.9103796,2879,61606.33203125,10770.9365234375,0.67257559299469,190,311,23,276,33,0,0,1,0,1,hajo,no-1 bhelkar
11-18-321-02119-302610,Assam,Kamrup,1.3435,2176,69379.0078125,12964.4072265625,0.50203663110733,33,69,2,65,40,0,0,1,0,1,hajo,no-2 bhelkar
11-18-321-02119-302611,Assam,Kamrup,1.5605,1025,65575.28125,10904.146484375,0.630733966827393,22,32,4,25,35,0,0,1,0,1,hajo,andhupara
11-18-321-02119-302612,Assam,Kamrup,2.5039,277,70427.875,13130.6201171875,0.538135588169098,,,,,35,0,0,0,0,0,hajo,no-1 khalihamari
11-18-321-02119-302613,Assam,Kamrup,1.7344999,459,63624.7734375,9788.4267578125,0.75549453496933,15,25,7,18,30,0,0,0,0,0,hajo,no-2 khalihamari
11-18-321-02119-302614,Assam,Kamrup,1.5583,424,63691.9140625,10445.4736328125,0.667999982833862,25,35,12,23,40,0,0,0,0,0,hajo,no-1 solmari
11-18-321-02119-302615,Assam,Kamrup,1.7733,767,58745.828125,11547.662109375,0.646438002586365,25,31,6,25,40,0,0,1,0,0,hajo,no-2 solmari
11-18-321-02119-302616,Assam,Kamrup,5.92,4264,69591.8828125,11753.9169921875,0.558902263641357,106,119,7,112,35,0,0,1,0,0,hajo,tapabari
11-18-321-02119-302617,Assam,Kamrup,2.3335001,2622,65897.8515625,11878.5830078125,0.603979706764221,92,221,16,198,30,0,0,1,0,0,hajo,bangalpara
11-18-321-02119-302618,Assam,Kamrup,2.9204001,1052,71314.8359375,13464.5654296875,0.437381416559219,22,67,7,49,40,0,0,1,0,1,hajo,satlabari
11-18-321-02119-302619,Assam,Kamrup,2.7661,1640,80500.3359375,16016.3212890625,0.384915471076965,47,69,4,38,35,0,0,1,0,1,hajo,gandheli tari
11-18-321-02119-302620,Assam,Kamrup,0.7543,429,110221.484375,22093.947265625,0.0923423394560813,11,27,0,27,36,0,0,0,0,0,hajo,sastar
11-18-321-02119-302621,Assam,Kamrup,0.925,330,103604.3046875,21718.748046875,0.0849858373403549,4,5,0,5,35,0,0,0,0,1,hajo,sarubakara
11-18-321-02119-302622,Assam,Kamrup,1.3897,42,77698.6328125,14799.740234375,0.333333343267441,0,0,0,0,35,0,0,0,0,0,hajo,barbakara
11-18-321-02119-302623,Assam,Kamrup,1.2787,3204,82778.96875,17916.193359375,0.280310064554215,368,950,40,909,35,0,0,1,0,0,hajo,bangal tola
11-18-321-02119-302624,Assam,Kamrup,0.73620003,2601,78281.3671875,16056.9384765625,0.340829789638519,83,154,12,142,35,0,0,1,0,0,hajo,ujankuri
11-18-321-02119-302625,Assam,Kamrup,2.9068,903,82476.578125,15222.1875,0.369127511978149,54,81,5,75,35,0,0,0,0,0,hajo,hahdia
11-18-321-02119-302626,Assam,Kamrup,3.0714002,485,82640.5703125,17352.802734375,0.264033257961273,29,59,0,59,35,0,0,0,0,0,hajo,nadia
11-18-321-02119-302627,Assam,Kamrup,1.0931,2340,81046.5,16160.0107421875,0.340573400259018,114,219,10,199,35,0,0,1,0,1,hajo,sanpara grant
11-18-321-02119-302628,Assam,Kamrup,2.678,932,79023.8125,18242.732421875,0.160638302564621,30,99,11,88,35,0,0,0,0,1,hajo,tokradia
11-18-321-02119-302629,Assam,Kamrup,1.3725,405,80584.1171875,19845.341796875,0.186567157506943,5,16,0,16,30,0,0,0,0,0,hajo,ujan tokradia
11-18-321-02119-302630,Assam,Kamrup,3.034,79,79240.421875,14320.55859375,0.530120491981506,8,8,1,7,30,0,0,0,0,1,hajo,maldhar pam
11-18-321-02119-302631,Assam,Kamrup,1.3041999,707,85207.3125,18206.69140625,0.249287754297256,29,101,6,92,30,0,0,0,0,1,hajo,no-4 sobanshah
11-18-321-02119-302632,Assam,Kamrup,1.98,1026,84879.71875,17642.755859375,0.247135847806931,46,61,2,59,40,0,0,1,0,0,hajo,no-3 sobanshah
11-18-321-02119-302633,Assam,Kamrup,1.06,578,90576.1796875,19463.916015625,0.175972923636436,28,81,5,76,30,0,0,0,0,1,hajo,khetri hardia
11-18-321-02119-302634,Assam,Kamrup,1.3746,232,92987.7890625,20912.916015625,0.112449802458286,3,4,0,4,40,0,0,0,0,0,hajo,no-2 khetri hardia
11-18-321-02119-302635,Assam,Kamrup,2.7837,158,95459.09375,17258.142578125,0.27118644118309,12,35,0,35,45,0,0,0,0,0,hajo,no-2 sobanshah
11-18-321-02119-302636,Assam,Kamrup,1.1445,1007,63023.4140625,10337.173828125,0.644444465637207,31,66,10,53,45,0,0,1,0,0,hajo,no-1 sobanshah
11-18-321-02119-302637,Assam,Kamrup,1.1554,632,65032.1328125,10680.4599609375,0.68248176574707,16,24,0,24,35,0,0,0,0,0,hajo,no-1 khetri hardia
11-18-321-02119-302638,Assam,Kamrup,0.8972,538,64030.69921875,14229.0439453125,0.507407426834106,22,45,0,45,30,0,0,0,0,1,hajo,niz hardia
11-18-321-02119-302639,Assam,Kamrup,3.6873002,1066,65674.9375,13932.8515625,0.474161386489868,29,63,3,57,35,0,0,1,0,1,hajo,hardia pam
11-18-321-02119-302640,Assam,Kamrup,1.1649,543,54307.90625,8932.8896484375,0.852336466312408,5,9,3,5,30,0,0,0,0,0,hajo,hardia p g r
11-18-321-02119-302641,Assam,Kamrup,1.6672,345,58342.078125,10295.6611328125,0.738235294818878,1,1,0,1,35,0,0,0,0,0,hajo,no-3 dokania reserve
11-18-321-02119-302642,Assam,Kamrup,2.0489,204,66097.34375,18978.4453125,0.381188124418259,8,11,0,11,35,0,0,0,0,0,hajo,no-1 dokania reserve
11-18-321-02119-302643,Assam,Kamrup,1.0014,4,,,,,,,,35,0,0,0,0,0,hajo,no-2 dokania reserve
11-18-321-02119-302644,Assam,Kamrup,4.0888,725,52489.4296875,8569.703125,0.790352523326874,11,22,0,18,35,0,0,0,0,1,hajo,panditar pam
11-18-321-02119-302645,Assam,Kamrup,3.005,3260,70654.6875,12393.0595703125,0.535618305206299,89,136,7,121,35,0,0,1,0,0,hajo,gaonburar pam
11-18-321-02119-302646,Assam,Kamrup,3.62,85,81468.984375,16293.796875,0.105882354080677,,,,,35,0,0,0,0,0,hajo,chilardia
11-18-321-02119-302647,Assam,Kamrup,1.5775,177,75812.625,12821.251953125,0.632352948188782,1,4,0,4,35,0,0,0,0,0,hajo,rabitilar pam
11-18-321-02119-302648,Assam,Kamrup,3.4744,13,44970.7421875,44970.7421875,0,,,,,35,0,0,0,0,1,hajo,no-2 dokania
11-18-321-02119-302649,Assam,Kamrup,1.6673,742,60831.83984375,10296.072265625,0.700310587882996,25,32,0,32,35,0,0,0,0,0,hajo,no-4 dokania reserve
11-18-321-02119-302650,Assam,Kamrup,1.4884,24,57281.671875,22173.55078125,0.677419364452362,3,3,0,3,35,0,0,0,0,1,hajo,bamundi ganak para
11-18-321-02119-302651,Assam,Kamrup,1.2162,368,64114.0703125,13438.05078125,0.444444447755814,26,28,0,28,35,0,0,0,0,1,hajo,silkuri
11-18-321-02119-302652,Assam,Kamrup,0.84940004,1034,83507.296875,17109.578125,0.191729322075844,109,116,0,116,35,0,0,1,0,0,hajo,bamundi
11-18-321-02119-302653,Assam,Kamrup,2.0713,3077,81530.53125,17815.744140625,0.238778054714203,167,355,11,344,35,0,0,1,0,0,hajo,hatimura
11-18-321-02119-302655,Assam,Kamrup,3.3217,3065,78288.4375,17138.5390625,0.375,189,358,53,271,35,0,0,1,0,1,hajo,barlah
11-18-321-02119-302656,Assam,Kamrup,1.6835,2145,95955.7421875,21147.859375,0.162511125206947,93,263,4,259,35,0,0,1,0,1,hajo,no-1 halo gaon
11-18-321-02119-302657,Assam,Kamrup,1.5303999,2294,96249.3359375,20616.091796875,0.193370163440704,61,129,6,122,35,0,0,1,0,1,hajo,no-2 halogaon
11-18-321-02119-302658,Assam,Kamrup,0.408,702,71654.59375,14124.71875,0.509352505207062,21,52,4,48,50,0,0,0,0,0,hajo,bardampur
11-18-321-02119-302659,Assam,Kamrup,1.07,4450,81799.6796875,16605.40625,0.323477506637573,334,545,82,451,50,0,0,1,0,1,hajo,no-2 sarudam pur
11-18-321-02119-302660,Assam,Kamrup,2.6783,1206,88650.5,19102.662109375,0.219473257660866,49,80,1,77,50,0,0,1,0,1,hajo,no-3 shrihati
11-18-321-02119-302661,Assam,Kamrup,3.6049,1614,95069.1015625,19794.916015625,0.183455258607864,74,152,26,126,50,0,0,1,0,1,hajo,sarulah
11-18-321-02119-302662,Assam,Kamrup,1.6566,688,72780.796875,14556.1591796875,0.476923078298569,31,97,20,77,10,0,0,0,0,1,hajo,bansar
11-18-321-02119-302663,Assam,Kamrup,3.025,1362,85323.6484375,18640.52734375,0.343843847513199,40,85,31,53,35,0,0,1,0,1,hajo,no-1 shrihati
11-18-321-02119-302664,Assam,Kamrup,7.7166,3317,61938.85546875,13619.3037109375,0.50233918428421,117,261,82,175,21,0,0,1,1,0,hajo,sanpara parbat
11-18-321-02119-302665,Assam,Kamrup,2.5149,12,57753.59375,14000.8720703125,0.484848499298096,2,7,0,7,25,0,0,0,0,0,hajo,no-2 shrihati
11-18-321-02119-302667,Assam,Kamrup,1.4994,2631,63365.44921875,15373.8330078125,0.410502105951309,310,869,44,825,35,0,0,1,0,1,hajo,bathan
11-18-321-02119-302668,Assam,Kamrup,1.8783001,1396,96575.7890625,21303.484375,0.263931900262833,120,433,19,414,25,0,0,1,0,1,hajo,sanpara gaon
11-18-321-02119-302669,Assam,Kamrup,2.7731,533,83999.9921875,17651.03125,0.30018761754036,7,9,2,4,25,0,0,0,0,1,hajo,no-1 sarudam pam
11-18-321-02119-302670,Assam,Kamrup,1.48,979,125631.859375,28650.51953125,0.0824411138892173,98,517,36,481,40,0,0,0,0,1,hajo,sualkuchi pathar
11-18-321-02119-302672,Assam,Kamrup,1.5189,844,89989.8046875,19298.513671875,0.216783210635185,109,221,3,214,30,0,0,0,0,1,hajo,no-2 gondh mow
11-18-321-02119-302673,Assam,Kamrup,1.7678,2830,94349.6796875,19977.603515625,0.155485674738884,172,406,2,403,25,0,0,1,0,1,hajo,ambari
11-18-321-02119-302674,Assam,Kamrup,3.3232,1421,85673.4375,29900.130859375,0.156286716461182,199,445,68,368,25,0,0,1,0,1,hajo,niz bansar
11-18-321-02119-302675,Assam,Kamrup,1.3708999,101,56006.1015625,41071.140625,0.200000002980232,,,,,30,0,0,0,1,1,hajo,no-2 kismat bansar
11-18-321-02119-302676,Assam,Kamrup,1.989,773,98173.0859375,30795.740234375,0.0893536135554313,18,31,0,31,25,0,0,0,1,1,hajo,no-1 kismat bansar
11-18-321-02119-302677,Assam,Kamrup,2.3338,3193,82540.2109375,17487.779296875,0.381620943546295,105,205,7,185,30,0,0,1,1,1,hajo,no-1 gandh mow
11-18-321-02119-302678,Assam,Kamrup,0.95949996,27,38652.69140625,6722.20751953125,0.869565188884735,2,2,0,2,30,0,0,0,0,0,hajo,rakshashi char n c a
11-18-321-02119-302679,Assam,Kamrup,5.2355,640,48306.40625,8552.609375,0.829508185386658,,,,,25,0,0,0,0,1,hajo,rakshashi char
11-18-321-02119-302680,Assam,Kamrup,1.5583999,1150,70315.3046875,13904.5009765625,0.535993039608002,56,107,5,102,25,0,0,1,0,1,hajo,niz gandh mow
11-18-321-02119-302682,Assam,Kamrup,2.1307,1322,79178.1328125,16880.6171875,0.389412611722946,28,65,3,62,30,0,0,1,0,0,hajo,roumari
11-18-321-02119-302683,Assam,Kamrup,1.5167,897,80817.359375,17014.1796875,0.440789461135864,43,101,19,82,30,0,0,0,0,1,hajo,dakshin pakor kona
11-18-321-02119-302684,Assam,Kamrup,1.1115,148,96529.640625,19949.458984375,0.246666669845581,16,32,9,9,30,0,0,0,0,1,hajo,uttar pakor kona
11-18-321-02119-302685,Assam,Kamrup,1.9022,351,114805.953125,22795.40625,0.263537913560867,23,53,35,18,30,0,0,0,1,1,hajo,khudra kulhati pacharia
11-18-321-02119-302686,Assam,Kamrup,1.5922,1672,65396.3046875,13480.8173828125,0.527960538864136,71,127,12,115,35,0,0,1,0,1,hajo,barijani pathar pacharia
11-18-321-02119-302687,Assam,Kamrup,1.5922,1573,81990.984375,17173.45703125,0.39616996049881,17,20,1,19,30,0,0,1,0,0,hajo,keotarbari pacharia
11-18-321-02119-302689,Assam,Kamrup,3.4060001,1943,93878.8828125,20328.294921875,0.21808785200119,135,214,45,161,,0,0,1,0,0,hajo,pacharia
11-18-321-02119-302690,Assam,Kamrup,1.7907001,2397,89354.5625,17862.90234375,0.307485431432724,306,600,109,479,35,0,0,1,1,0,hajo,na para pacharia
11-18-321-02119-302691,Assam,Kamrup,1.8246499,478,87678.96875,20272.59375,0.331406563520432,,,,,35,0,0,0,0,1,hajo,garia para pacharia
11-18-321-02119-302692,Assam,Kamrup,2.9809,3763,94673.3984375,20462.8515625,0.173023775219917,214,391,28,360,35,0,0,1,0,1,hajo,no-1 singimari
11-18-321-02119-302694,Assam,Kamrup,1.5817,3586,106445.84375,22362.572265625,0.107617244124413,188,643,106,537,35,1,0,1,0,1,hajo,pachim dadora
11-18-321-02119-302695,Assam,Kamrup,3.3595002,241,130342.1171875,27114.966796875,0.06204379722476,,,,,35,0,0,0,0,1,hajo,pub dadora
11-18-321-02119-302696,Assam,Kamrup,3.6153,348,56792.64453125,12907.4189453125,0.529411792755127,10,95,83,12,12,0,0,1,0,0,hajo,pacharia dalar pathar
11-18-321-02119-302697,Assam,Kamrup,2.5794,834,69865.8828125,14399.1884765625,0.484146326780319,31,80,43,37,15,0,0,0,0,1,hajo,bargaon
11-18-321-02119-302698,Assam,Kamrup,1.9580001,523,78590.0625,16429.978515625,0.433797895908356,35,71,5,40,10,0,0,0,0,0,hajo,no-1 dalibari
11-18-321-02119-302699,Assam,Kamrup,1.6575,2193,94912.2890625,20614.43359375,0.340271502733231,80,177,14,163,10,0,0,1,0,0,hajo,no-2 dalibari
11-18-321-02119-302700,Assam,Kamrup,2.2265,2822,99553.984375,21763.80859375,0.205474451184273,160,317,6,303,10,0,0,1,0,0,hajo,sarmosali gaon
11-18-321-02119-302702,Assam,Kamrup,1.0195,37,114804.1015625,24352.384765625,0,13,42,0,42,10,0,0,0,0,1,hajo,sarmojuli pam
11-18-321-02120-302708,Assam,Kamrup,1.1669999,1125,72335.40625,15382.048828125,0.399633377790451,46,62,17,43,15,0,0,1,0,1,chhaygaon,uttar bankakata
11-18-321-02120-302709,Assam,Kamrup,3.7942002,1872,73985.8125,15416.939453125,0.408900529146194,111,221,22,199,25,0,0,1,0,1,chhaygaon,bankakata
11-18-321-02120-302710,Assam,Kamrup,2.3582,2014,76041.9375,17332.251953125,0.283790528774262,197,375,27,348,60,0,0,1,0,0,chhaygaon,jamuguri
11-18-321-02120-302711,Assam,Kamrup,5.5246997,2717,73843.2421875,16020.3193359375,0.288663536310196,93,136,8,128,65,0,0,1,0,0,chhaygaon,ganak para
11-18-321-02120-302712,Assam,Kamrup,0.9834,666,82362.4453125,18593.9453125,0.245454549789429,2,4,2,2,64,0,0,1,0,0,chhaygaon,halang juli
11-18-321-02120-302713,Assam,Kamrup,2.2773,1380,72262.4296875,15122.181640625,0.434230208396912,10,20,0,20,60,0,0,1,1,0,chhaygaon,bamuni gaon
11-18-321-02120-302714,Assam,Kamrup,1.6877,1301,68395.6640625,15330.0625,0.334154337644577,131,207,35,154,63,0,0,1,0,0,chhaygaon,belguri
11-18-321-02120-302715,Assam,Kamrup,2.5355,866,79629.6328125,17942.1015625,0.182346105575562,40,59,9,50,50,0,0,1,0,1,chhaygaon,dakshin bankakata
11-18-321-02120-302716,Assam,Kamrup,3.6344001,2375,85885.3125,19779.646484375,0.189177483320236,106,196,14,182,50,1,0,1,0,0,chhaygaon,choudhuri khat
11-18-321-02120-302717,Assam,Kamrup,2.1827002,1821,72840.5546875,16707.30859375,0.29823562502861,17,28,4,24,40,0,0,1,0,1,chhaygaon,kaimari
11-18-321-02120-302718,Assam,Kamrup,3.0253,2042,75725.828125,15865.6337890625,0.325910925865173,34,80,19,61,50,0,0,1,0,1,chhaygaon,dhubar gaon
11-18-321-02120-302719,Assam,Kamrup,2.035,2928,86880.171875,19971.080078125,0.203372329473495,170,251,21,230,55,0,0,1,0,0,chhaygaon,bihdia
11-18-321-02120-302720,Assam,Kamrup,3.1660998,1578,66351.8671875,14871.26953125,0.446417629718781,71,106,12,94,56,0,0,1,0,0,chhaygaon,makeli
11-18-321-02120-302721,Assam,Kamrup,4.0674,1781,82135.7109375,17640.1953125,0.211386695504189,28,112,0,17,60,0,0,1,0,1,chhaygaon,dagaon katahi
11-18-321-02120-302722,Assam,Kamrup,3.6497602,3596,100803.6015625,22670.802734375,0.125354513525963,150,273,14,258,55,0,0,1,0,1,chhaygaon,nowapara
11-18-321-02120-302723,Assam,Kamrup,3.3363001,2725,68955.1640625,14473.9580078125,0.447154462337494,83,141,15,126,56,0,0,1,0,1,chhaygaon,kukur mara
11-18-321-02120-302724,Assam,Kamrup,2.6220002,146,77446.1640625,17083.712890625,0.235294118523598,,,,,55,0,0,0,0,0,chhaygaon,bangal kata
11-18-321-02120-302725,Assam,Kamrup,2.2021,1213,77371.3671875,17531.47265625,0.239966556429863,19,24,2,22,60,0,0,1,0,1,chhaygaon,bhathi para
11-18-321-02120-302726,Assam,Kamrup,6.133,1459,71628.640625,15378.1884765625,0.39443650841713,80,113,7,106,50,0,0,1,0,0,chhaygaon,takara dia
11-18-321-02120-302727,Assam,Kamrup,3.405,4374,97614.234375,22951.482421875,0.188943162560463,383,1070,128,942,50,1,0,1,0,1,chhaygaon,no-1 balashidhi
11-18-321-02120-302728,Assam,Kamrup,2.8459,3051,93260.8046875,20514.982421875,0.220616564154625,127,210,17,193,50,0,0,1,0,0,chhaygaon,no-2 balasidhi
11-18-321-02120-302729,Assam,Kamrup,1.1908001,616,78593.4375,17611.240234375,0.242474913597107,44,74,15,59,60,0,0,1,0,0,chhaygaon,nowamati
11-18-321-02120-302730,Assam,Kamrup,1.8756,4075,89144.09375,19930.8671875,0.238349884748459,450,847,162,683,56,1,0,1,0,1,chhaygaon,dhekena bari
11-18-321-02120-302731,Assam,Kamrup,1.5909,857,75152.4453125,17255.283203125,0.17132867872715,34,58,11,47,64,0,0,1,0,0,chhaygaon,khatira
11-18-321-02120-302732,Assam,Kamrup,0.8608,413,53915.8359375,13478.9599609375,0.408653855323792,8,11,3,8,62,0,0,1,0,0,chhaygaon,nam dhania
11-18-321-02120-302733,Assam,Kamrup,1.4203,748,81727.6484375,15074.9287109375,0.337285906076431,23,39,11,28,64,0,0,1,0,0,chhaygaon,upar dhania
11-18-321-02120-302734,Assam,Kamrup,0.8021,755,77203.8125,16578.708984375,0.279542565345764,33,97,14,83,60,0,0,1,0,0,chhaygaon,patgaon khar bakhar
11-18-321-02120-302735,Assam,Kamrup,1.5561999,800,128449.515625,28806.693359375,0.0134803922846913,15,21,0,21,55,0,0,1,0,0,chhaygaon,ratanpur no-1
11-18-321-02120-302736,Assam,Kamrup,1.2391,933,,,,9,23,2,21,70,0,0,0,0,1,chhaygaon,batakuchi
11-18-321-02120-302737,Assam,Kamrup,0.7271,139,80953.3984375,20379.875,0.230769231915474,13,48,0,48,56,0,0,1,0,0,chhaygaon,ratanpur no-2
11-18-321-02120-302738,Assam,Kamrup,0.7498,388,83914.2421875,17690.029296875,0.202702701091766,4,6,0,6,60,0,0,0,0,0,chhaygaon,jugibari
11-18-321-02120-302739,Assam,Kamrup,1.1089,753,72104.421875,15263.662109375,0.374025970697403,8,13,1,12,50,0,0,1,0,1,chhaygaon,dakuwa para
11-18-321-02120-302740,Assam,Kamrup,1.3702,435,72912.9296875,15059.7255859375,0.3701431453228,5,8,0,8,60,0,0,1,0,0,chhaygaon,fala ghat
11-18-321-02120-302741,Assam,Kamrup,1.233,322,66519.296875,15413.0078125,0.29268291592598,12,17,0,17,46,0,0,1,0,1,chhaygaon,maz para
11-18-321-02120-302742,Assam,Kamrup,2.1105,1099,87280.21875,17856.26953125,0.185185179114342,36,66,11,55,45,0,0,1,0,1,chhaygaon,pachim dhuli
11-18-321-02120-302743,Assam,Kamrup,1.209,99,80334.859375,18162.6640625,0.156521737575531,8,17,0,17,55,0,0,0,0,0,chhaygaon,pub dhuli
11-18-321-02120-302744,Assam,Kamrup,1.2845,243,83659.828125,18259.08984375,0.23412698507309,17,28,6,21,55,0,0,0,0,1,chhaygaon,dulia gaon
11-18-321-02120-302745,Assam,Kamrup,0.89739996,330,87699.8515625,18773.66796875,0.125382259488106,30,61,5,56,50,0,0,1,0,1,chhaygaon,bakali para
11-18-321-02120-302746,Assam,Kamrup,0.39540002,196,84629.4453125,19567.501953125,0.080924853682518,11,26,6,20,50,0,0,0,0,1,chhaygaon,andheri
11-18-321-02120-302747,Assam,Kamrup,2.2,514,74198.4140625,16850.404296875,0.284351140260696,25,53,11,42,60,0,0,0,0,1,chhaygaon,sidila para
11-18-321-02120-302748,Assam,Kamrup,0.5325,222,88393.4140625,19476.515625,0.177966102957726,12,19,6,9,50,0,0,0,0,0,chhaygaon,barbakara
11-18-321-02120-302749,Assam,Kamrup,1.2052,573,69709.4453125,15072.3125,0.257657647132874,11,15,4,11,50,0,0,0,0,0,chhaygaon,jalukbari
11-18-321-02120-302750,Assam,Kamrup,0.65,385,66856.296875,13935.30859375,0.429280400276184,7,12,0,12,48,0,0,0,0,0,chhaygaon,bherbheri
11-18-321-02120-302751,Assam,Kamrup,1.5206,375,43766.61328125,9195.64453125,0.80585104227066,2,7,0,7,45,0,0,0,0,0,chhaygaon,langkhar
11-18-321-02120-302752,Assam,Kamrup,4.6177998,3165,70605.7734375,12169.3740234375,0.555187284946442,57,118,12,104,50,0,0,1,0,1,chhaygaon,kalahi kakh
11-18-321-02120-302753,Assam,Kamrup,2.4769,387,66518.8359375,13550.1328125,0.394179880619049,10,30,0,30,75,0,0,1,0,1,chhaygaon,burahara
11-18-321-02120-302754,Assam,Kamrup,0.91470003,1163,72369.4296875,14798.412109375,0.277130037546158,22,34,1,33,66,0,0,1,0,0,chhaygaon,kakarabari
11-18-321-02120-302755,Assam,Kamrup,1.5049001,561,73148.3828125,16955.8515625,0.272030651569366,5,12,0,12,50,0,0,1,0,0,chhaygaon,dhelasar
11-18-321-02120-302756,Assam,Kamrup,5.4867997,1892,82127.9453125,18017.6484375,0.176654502749443,141,254,22,229,60,0,0,1,0,0,chhaygaon,bahjani
11-18-321-02120-302757,Assam,Kamrup,5.6715,2841,81162.6796875,16013.0966796875,0.297771275043488,164,349,41,304,50,0,0,1,0,0,chhaygaon,deosar
11-18-321-02120-302758,Assam,Kamrup,2.0267,624,80727.65625,18418.4453125,0.163430422544479,61,123,12,111,50,0,0,1,0,1,chhaygaon,paneri
11-18-321-02120-302759,Assam,Kamrup,5.2288,3641,75030.140625,14778.0361328125,0.371270716190338,351,622,33,562,65,0,0,1,0,0,chhaygaon,jambari no-1
11-18-321-02120-302760,Assam,Kamrup,4.8497,5763,78730.5078125,15486.15625,0.317527234554291,411,776,127,646,64,1,1,1,0,1,chhaygaon,jambari no-2
11-18-321-02120-302761,Assam,Kamrup,7.8617997,6020,69215.0390625,16733.029296875,0.331823110580444,160,372,133,239,62,1,1,1,0,1,chhaygaon,choudhuri para
11-18-321-02120-302762,Assam,Kamrup,4.9377,1929,82701.0078125,18173.28515625,0.179746836423874,71,791,703,88,65,0,0,1,0,0,chhaygaon,satabari
11-18-321-02120-302763,Assam,Kamrup,1.1058,574,82055.2421875,20031.5703125,0.139240503311157,6,7,0,7,64,0,0,1,0,0,chhaygaon,kursala
11-18-321-02120-302764,Assam,Kamrup,1.7965,581,69721.4296875,17241.580078125,0.223826721310616,7,12,4,8,64,0,0,1,0,0,chhaygaon,shalamukh
11-18-321-02120-302765,Assam,Kamrup,0.79800004,592,77870.78125,18833.2421875,0.174957111477852,14,33,7,26,70,0,0,0,0,0,chhaygaon,nadhiapara
11-18-321-02120-302766,Assam,Kamrup,1.6119,603,76932.09375,18858.35546875,0.108766235411167,25,62,14,48,64,0,0,1,0,0,chhaygaon,delia para
11-18-321-02120-302767,Assam,Kamrup,2.2099001,2468,84185.828125,19589.818359375,0.231575012207031,136,282,11,271,50,0,0,1,0,1,chhaygaon,birpara
11-18-321-02120-302768,Assam,Kamrup,0.799,753,105163.484375,24682.564453125,0.014981273561716,58,133,54,79,60,0,0,1,0,0,chhaygaon,lamgaon n c
11-18-321-02120-302769,Assam,Kamrup,2.6289,951,79672.015625,16100.3857421875,0.289583325386047,8,11,0,11,50,0,0,1,0,0,chhaygaon,nijbagai
11-18-321-02120-302770,Assam,Kamrup,1.2584,966,80226.71875,19438.19140625,0.190528631210327,194,349,29,320,50,1,0,1,0,1,chhaygaon,lakadubi
11-18-321-02120-302771,Assam,Kamrup,1.2642,447,74454.1171875,17194.947265625,0.0969976931810379,8,15,0,15,65,0,0,1,0,0,chhaygaon,milaghat
11-18-321-02120-302772,Assam,Kamrup,0.5435,131,68500.59375,16732.96875,0.236641228199005,5,6,0,6,68,0,0,1,0,1,chhaygaon,falafang
11-18-321-02120-302774,Assam,Kamrup,1.21,127,61618.078125,13852.1259765625,0.418604642152786,,,,,62,0,0,0,0,1,chhaygaon,kahibama n c
11-18-321-02120-302775,Assam,Kamrup,1.5288984,116,72172.4921875,18211.75,0.112149529159069,3,5,0,5,54,0,0,1,0,0,chhaygaon,milaghat n c
11-18-321-02120-302776,Assam,Kamrup,0.7985,685,84336.390625,18441.244140625,0.193593308329582,6,7,2,5,60,0,0,0,0,0,chhaygaon,niching pur
11-18-321-02120-302777,Assam,Kamrup,1.2594322,178,43637.5078125,9561.02734375,0.837078630924225,,,,,73,0,0,0,0,0,chhaygaon,batakuchi n c
11-18-321-02120-302778,Assam,Kamrup,0.68050003,604,73997.2578125,17180.126953125,0.227197349071503,10,12,0,12,65,0,0,0,0,1,chhaygaon,khatal para
11-18-321-02120-302779,Assam,Kamrup,1.1963,540,49946.9296875,12088.4697265625,0.619136989116669,59,91,3,76,62,0,0,1,0,0,chhaygaon,bakara para
11-18-321-02120-302780,Assam,Kamrup,0.8169,546,,,,10,18,11,7,,0,0,1,0,0,chhaygaon,batakuchi
11-18-321-02120-302781,Assam,Kamrup,0.83,185,42980.76953125,9048.5830078125,0.957894742488861,,,,,60,0,0,0,0,1,chhaygaon,kahibama
11-18-321-02120-302782,Assam,Kamrup,1.25,602,51490.65234375,10858.5732421875,0.678571403026581,9,12,0,12,60,0,0,0,0,0,chhaygaon,bhutar gari
11-18-321-02120-302783,Assam,Kamrup,0.71769994,280,81259.625,14096.0576171875,0.28571429848671,,,,,51,0,0,1,0,1,chhaygaon,satekuna kat kaha
11-18-321-02120-302784,Assam,Kamrup,0.47,981,68962.0625,13764.033203125,0.400205761194229,,,,,60,0,0,0,0,1,chhaygaon,katah bari bakarapara
11-18-321-02120-302785,Assam,Kamrup,0.597,52,51885.15234375,11005.94140625,0.818181812763214,,,,,75,0,0,0,0,0,chhaygaon,satekuna n c
11-18-321-02120-302786,Assam,Kamrup,0.7,708,47772.52734375,8966.10546875,0.752199411392212,4,9,0,9,50,0,0,0,0,0,chhaygaon,galugathi n c
11-18-321-02120-302787,Assam,Kamrup,0.57,412,73997.03125,15625.5869140625,0.28883495926857,5,5,0,5,60,0,0,0,0,0,chhaygaon,barkhal n c
11-18-321-02120-302788,Assam,Kamrup,1.0141001,575,72195.0703125,15715.9345703125,0.246598646044731,5,12,0,12,65,0,0,0,0,0,chhaygaon,gale buka
11-18-321-02120-302789,Assam,Kamrup,1.8202001,665,61018.80859375,12835.982421875,0.447409719228745,10,25,2,23,70,0,0,1,0,1,chhaygaon,kushpara
11-18-321-02120-302790,Assam,Kamrup,2.1009,977,71665.6484375,14819.96875,0.308691322803497,8,26,0,26,75,0,0,1,0,0,chhaygaon,chakrapani
11-18-321-02120-302791,Assam,Kamrup,0.91,982,63902.73046875,12673.259765625,0.533053517341614,45,100,12,54,64,0,0,0,0,0,chhaygaon,chakrasila
11-18-321-02120-302792,Assam,Kamrup,0.72,579,75463.953125,16955.068359375,0.114180475473404,23,44,0,44,60,0,0,0,0,0,chhaygaon,baghmara
11-18-321-02120-302793,Assam,Kamrup,0.53349996,459,59492.91015625,13305.94140625,0.402150541543961,10,18,2,16,50,0,0,0,0,0,chhaygaon,barkhal no-2
11-18-321-02120-302794,Assam,Kamrup,0.45369998,177,79173.3203125,15834.6640625,0.200000002980232,3,5,0,5,50,0,0,0,0,0,chhaygaon,barkhal no-1
11-18-321-02120-302795,Assam,Kamrup,0.5974,93,47514.73046875,9403.95703125,0.729166686534882,,,,,50,0,0,0,0,0,chhaygaon,nagadanga no-2
11-18-321-02120-302796,Assam,Kamrup,0.28,226,63177.29296875,10252.455078125,0.776315808296204,4,11,2,9,50,0,0,0,0,0,chhaygaon,nagadanga no-1
11-18-321-02120-302797,Assam,Kamrup,0.73,402,82356.1484375,12768.39453125,0.501291990280151,4,6,1,5,60,0,0,0,0,0,chhaygaon,sakhumuri no-2
11-18-321-02120-302798,Assam,Kamrup,0.7,388,64799.6953125,10913.6328125,0.647368431091309,3,5,2,3,66,0,0,0,0,0,chhaygaon,sakhumuri no-1
11-18-321-02120-302799,Assam,Kamrup,1.9067,779,71783.34375,14410.7099609375,0.430363863706589,24,45,0,45,75,0,0,1,0,1,chhaygaon,rajapara
11-18-321-02120-302800,Assam,Kamrup,0.9605,446,56828.8515625,12586.255859375,0.47651007771492,3,5,0,5,75,0,0,1,0,1,chhaygaon,paru gaon
11-18-321-02120-302801,Assam,Kamrup,0.5836,488,56282.67578125,10751.8564453125,0.693957090377808,8,18,3,15,50,0,0,1,0,0,chhaygaon,umring kuna
11-18-321-02120-302802,Assam,Kamrup,1.21,673,45288.00390625,7515.0400390625,0.890829682350159,31,43,1,42,70,0,0,0,0,0,chhaygaon,ukium no-1
11-18-321-02120-302803,Assam,Kamrup,0.56,229,45879.48046875,8418.2529296875,0.871559619903565,1,4,0,4,55,0,0,0,0,0,chhaygaon,ukium no-2 n c
11-18-321-02120-302804,Assam,Kamrup,0.7295,304,74081.3359375,15721.4404296875,0.305466234683991,22,40,2,38,52,0,0,1,0,0,chhaygaon,ofula
11-18-321-02120-302805,Assam,Kamrup,0.017267104,165,65374.5625,15382.25,0.164705887436867,25,49,8,27,60,0,0,1,0,1,chhaygaon,alukhunda f v
11-18-321-02120-302806,Assam,Kamrup,0.50874895,58,77606.0546875,19401.513671875,0.0666666701436042,,,,,55,0,0,0,0,0,chhaygaon,rahpur f v
11-18-321-02120-302807,Assam,Kamrup,0.27989998,249,65164.3984375,13393.4736328125,0.581027686595917,12,25,6,19,65,0,0,1,0,0,chhaygaon,khar khari f v
11-18-321-02120-302808,Assam,Kamrup,0.3345,235,70656.3359375,12924.939453125,0.434959352016449,18,28,1,27,72,0,0,1,0,0,chhaygaon,akchalia f v
11-18-321-02120-302809,Assam,Kamrup,0.36110002,353,67253.734375,14556.287109375,0.416438370943069,18,59,5,54,70,0,0,1,0,0,chhaygaon,paglapara f v
11-18-321-02120-302810,Assam,Kamrup,0.17799999,161,44589.30859375,7926.98828125,0.827777802944183,3,5,0,5,60,0,0,0,0,0,chhaygaon,dhania gaon f v
11-18-321-02120-302811,Assam,Kamrup,0.4929,609,100015.8203125,21317.474609375,0.0576923079788684,34,57,7,50,60,0,0,0,0,0,chhaygaon,kala bakara f v
11-18-321-02120-302812,Assam,Kamrup,0.1574,302,108050.484375,22307.197265625,0,14,46,2,44,60,0,0,1,0,0,chhaygaon,ouguri f v
11-18-321-02120-302813,Assam,Kamrup,0.1004,159,82124.859375,19504.654296875,0.03125,11,30,0,30,60,0,0,0,0,0,chhaygaon,maina para f v
11-18-321-02120-302814,Assam,Kamrup,0.20719999,166,86279.5546875,18951.578125,0.104046240448952,11,30,9,21,65,0,0,0,0,0,chhaygaon,barzar f v
11-18-321-02120-302815,Assam,Kamrup,0.32209998,181,81396.109375,16840.57421875,0.231527090072632,9,23,2,21,55,0,0,1,0,0,chhaygaon,phulguri f v
11-18-321-02120-302816,Assam,Kamrup,0.3437,195,75181.6484375,16578.517578125,0.123076923191547,4,5,0,5,70,0,0,0,0,0,chhaygaon,puthemari f v
11-18-321-02120-302817,Assam,Kamrup,0.1429,683,107198.5,23520.345703125,0.0464135035872459,14,29,0,29,70,0,0,1,0,0,chhaygaon,ratanpur chekelia f v
11-18-321-02120-302818,Assam,Kamrup,0.39589,425,80954.9921875,17616.123046875,0.0855745747685432,5,8,2,6,63,0,0,0,0,0,chhaygaon,andheri f v
11-18-321-02120-302819,Assam,Kamrup,0.64,975,83884.9453125,18011.5859375,0.107862904667854,20,51,0,51,61,0,0,1,0,0,chhaygaon,bali juri f v
11-18-321-02120-302820,Assam,Kamrup,0.02844561,416,77661.3828125,16940.83984375,0.215686276555061,10,16,0,16,70,0,0,1,0,0,chhaygaon,hatigar f v
11-18-321-02120-302821,Assam,Kamrup,0.35,678,79798.1953125,16895.755859375,0.181688129901886,15,21,0,21,70,0,0,0,0,0,chhaygaon,kahua f v
11-18-321-02120-302822,Assam,Kamrup,0.053240225,318,74814.8125,17575.54296875,0.193650797009468,2,2,0,2,60,0,0,0,0,0,chhaygaon,bakali para f v
11-18-321-02120-302823,Assam,Kamrup,0.057436425,461,84364.6953125,19796.1015625,0.078947365283966,8,8,4,4,54,0,0,0,0,0,chhaygaon,jarua gaon f v
11-18-321-02120-302824,Assam,Kamrup,0.2606,434,70387.1640625,14596.416015625,0.320276498794556,8,8,4,4,70,0,0,0,0,0,chhaygaon,bak bahar f v
11-18-321-02120-302825,Assam,Kamrup,0.28,223,60795.96484375,13754.7431640625,0.466063350439072,12,18,6,12,67,0,0,0,0,0,chhaygaon,kari kara f v
11-18-321-02120-302826,Assam,Kamrup,0.31,414,51077.71484375,11168.994140625,0.583999991416931,5,13,0,13,75,0,0,0,0,0,chhaygaon,sainashi f v
11-18-321-02120-302827,Assam,Kamrup,0.48,360,66545.9375,16680.849609375,0.221333339810371,9,13,3,10,70,0,0,0,0,0,chhaygaon,kardai guri f v
11-18-321-02120-302828,Assam,Kamrup,0.1894,484,67357.5390625,15960.220703125,0.170682728290558,14,19,7,3,70,0,0,0,0,0,chhaygaon,barbakara f v
11-18-321-02120-302829,Assam,Kamrup,0.04885319,318,61429.83984375,15028.70703125,0.299694180488586,3,5,3,2,50,0,0,0,0,0,chhaygaon,jalukbari f v
11-18-321-02120-302830,Assam,Kamrup,1.0906,843,84972.3203125,18237.46484375,0.17745803296566,21,28,2,26,65,0,0,1,0,0,chhaygaon,bherbheri f v
11-18-321-02120-302831,Assam,Kamrup,0.06019315,317,50465.359375,10540.2333984375,0.655063271522522,2,10,0,10,90,0,0,0,0,0,chhaygaon,kishanpur f v
11-18-321-02120-302832,Assam,Kamrup,0.054611765,17,36520.66015625,8427.8447265625,0.923076927661896,,,,,70,0,0,0,0,0,chhaygaon,gunagatha f v
11-18-321-02120-302833,Assam,Kamrup,0.58,99,46393.109375,9720.4609375,0.647619068622589,2,6,0,6,60,0,0,0,0,0,chhaygaon,baduli para f v
11-18-321-02120-302834,Assam,Kamrup,0.36007148,157,48549.8828125,8765.951171875,0.798611104488373,2,2,0,2,60,0,0,0,0,1,chhaygaon,maje bari f v
11-18-321-02120-302835,Assam,Kamrup,0.05831187,492,42459.80078125,7265.34375,0.868888914585114,4,6,0,6,70,0,0,0,0,0,chhaygaon,makhandal f v
11-18-321-02120-302836,Assam,Kamrup,0.04173838,506,,,,,,,,60,0,0,0,0,0,chhaygaon,daledunga f v
11-18-321-02120-302837,Assam,Kamrup,0.05006152,436,52888.3515625,9131.8017578125,0.82733815908432,2,6,0,6,70,0,0,0,0,0,chhaygaon,dighal bill f v
11-18-321-02120-302838,Assam,Kamrup,0.20719999,328,57139.25390625,11598.416015625,0.632835805416107,9,22,0,22,72,0,0,1,0,0,chhaygaon,barjar f v
11-18-321-02120-302840,Assam,Kamrup,1.1906167,23,39876.109375,7975.22216796875,0.899999976158142,,,,,75,0,0,0,0,0,chhaygaon,shrigaon f v
11-18-321-02120-302841,Assam,Kamrup,1.1075047,78,39263.62109375,6692.66259765625,0.909090936183929,,,,,60,0,0,0,0,0,chhaygaon,gambal shri f v
11-18-321-02120-302842,Assam,Kamrup,1.6392676,160,48551.09765625,8555.2587890625,0.845815002918243,1,1,0,1,60,0,0,0,0,0,chhaygaon,mandanggup f v
11-18-321-02120-302843,Assam,Kamrup,0.2608,297,,,,,,,,,0,0,0,0,1,chhaygaon,daledunga f v
11-18-321-02120-302844,Assam,Kamrup,1.0316031,748,55192.984375,11331.009765625,0.631788074970245,7,19,0,19,75,0,0,1,0,0,chhaygaon,nayapara f v
11-18-321-02120-302845,Assam,Kamrup,2.3788424,34,49116.78125,9823.35546875,0.77142858505249,,,,,75,0,0,0,0,0,chhaygaon,umfar f v
11-18-321-02120-302846,Assam,Kamrup,1.7336386,3,36520.66015625,12173.5537109375,0,,,,,60,0,0,0,0,0,chhaygaon,talimara f v
11-18-321-02120-302847,Assam,Kamrup,2.2629106,194,41944.18359375,8144.501953125,0.854368925094605,2,3,0,3,60,0,0,1,0,0,chhaygaon,natun gaon f v
11-18-321-02120-302848,Assam,Kamrup,1.7780585,109,43531.39453125,7192.1435546875,0.947826087474823,1,1,0,1,60,0,0,0,0,0,chhaygaon,bairandang f v
11-18-321-02120-302849,Assam,Kamrup,1.9443521,79,45633.3203125,10843.560546875,0.712871313095093,,,,,70,0,0,0,0,0,chhaygaon,sarupani f v
11-18-321-02120-302851,Assam,Kamrup,2.4660423,279,51973.328125,9603.7666015625,0.778985500335693,4,5,0,5,65,0,0,0,0,0,chhaygaon,umfali f v
11-18-321-02120-302852,Assam,Kamrup,2.8248343,102,45138.74609375,9641.28515625,0.864077687263489,,,,,70,0,0,0,0,0,chhaygaon,umbasang f v
11-18-321-02120-302855,Assam,Kamrup,0.300125,351,79050.5859375,17492.986328125,0.305322140455246,,,,,,0,0,0,0,0,chhaygaon,rihabari f v
11-18-321-02120-302856,Assam,Kamrup,0.24183252,144,77393.953125,18574.548828125,0.153333336114883,,,,,23,0,0,0,0,0,chhaygaon,kushalpara f v
11-18-321-02121-302857,Assam,Kamrup,2.5196002,88,65613.53125,13647.6142578125,0.504000008106232,,,,,80,0,0,0,0,0,goroimari,nalzuhi pathar
11-18-321-02121-302859,Assam,Kamrup,2.7045999,90,57870.7355057566,10832.9453846598,0.669950725997023,23.5405405405405,23.5405405405405,0,14.4864864864865,70,0,0,0,0,0,goroimari,tekeliphuta
11-18-321-02121-302861,Assam,Kamrup,2.659,463,44893.609375,9177.7578125,0.751231551170349,29,40,0,38,65,0,0,1,0,0,goroimari,salmara
11-18-321-02121-302862,Assam,Kamrup,2.3108,642,45911.48828125,8797.4111328125,0.757485032081604,13,17,0,17,60,0,0,0,0,0,goroimari,kaltali pathar
11-18-321-02121-302863,Assam,Kamrup,1.6392,390,58167.72265625,10728.947265625,0.631103098392487,26,53,2,42,65,0,0,1,0,0,goroimari,batehidia
11-18-321-02121-302864,Assam,Kamrup,2.4716,708,73260.5859375,13163.4736328125,0.529633104801178,3,4,0,4,75,0,0,1,0,0,goroimari,saral para
11-18-321-02121-302865,Assam,Kamrup,2.122,128,52151.99609375,9412.798828125,0.736585378646851,10,10,0,6,75,0,0,0,0,0,goroimari,lohikata
11-18-321-02121-302866,Assam,Kamrup,3.0841,516,61081.015625,12960.7578125,0.465011298656464,17,18,0,12,75,0,0,0,0,0,goroimari,ujan duramari
11-18-321-02121-302867,Assam,Kamrup,1.5199001,118,48613.93359375,9722.787109375,0.741666674613953,,,,,75,0,0,0,0,0,goroimari,sitalmari
11-18-321-02121-302868,Assam,Kamrup,1.2553,322,50056.78515625,8490.1962890625,0.784452319145203,7,12,1,11,70,0,0,0,0,0,goroimari,saral suti
11-18-321-02121-302869,Assam,Kamrup,2.6588001,42,43694.12890625,10592.515625,0.545454561710358,11,14,0,11,44,0,0,0,0,0,goroimari,choudhuripara
11-18-321-02121-302870,Assam,Kamrup,2.5181,110,63448.19140625,10852.98046875,0.684210538864136,,,,,46,0,0,1,0,0,goroimari,maghuabilar pathar
11-18-321-02121-302871,Assam,Kamrup,2.8098998,624,53219.90625,9247.4306640625,0.808510661125183,25,58,3,53,48,0,0,1,0,0,goroimari,deori doba
11-18-321-02121-302872,Assam,Kamrup,2.2975,674,68264.8984375,12266.3486328125,0.559374988079071,29,56,8,46,48,0,0,0,0,0,goroimari,kalar dia
11-18-321-02121-302873,Assam,Kamrup,1.9521,233,42192.26953125,8512.4755859375,0.821637451648712,3,8,0,8,45,0,0,1,0,0,goroimari,2 no bala gaon
11-18-321-02121-302874,Assam,Kamrup,0.95309997,405,40557.46875,6502.88525390625,0.943037986755371,9,10,0,9,48,0,0,1,0,0,goroimari,1 no bala gaon
11-18-321-02121-302875,Assam,Kamrup,1.5195,226,,,,4,5,2,3,45,0,0,1,0,0,goroimari,1 no bhugedia
11-18-321-02121-302876,Assam,Kamrup,2.5265,196,40987.67578125,6750.91162109375,0.988235294818878,3,3,1,2,46,0,0,1,0,0,goroimari,2 no bhugedia
11-18-321-02121-302877,Assam,Kamrup,2.5689,674,67711.1328125,10432.8330078125,0.699395775794983,11,13,1,12,45,0,0,1,0,0,goroimari,nowapara
11-18-321-02121-302878,Assam,Kamrup,1.26,292,77914.0741403113,13038.0403540827,0.49193547265504,30.1853486319506,35.216240070609,5.03089143865843,27.6699029126214,40,0,0,1,0,0,goroimari,bhakua mari
11-18-321-02121-302880,Assam,Kamrup,2.8448,625,66815.53125,12858.384765625,0.480215817689896,20,56,22,27,46,0,0,1,0,0,goroimari,tapar pathar
11-18-321-02121-302881,Assam,Kamrup,2.2088,942,64251.75,11064.0986328125,0.64107882976532,22,54,16,32,45,0,0,0,0,0,goroimari,khatra para
11-18-321-02121-302882,Assam,Kamrup,1.7,446,66305.7109375,12653.76171875,0.465648859739304,18,45,13,32,47,0,0,1,0,0,goroimari,kalar dia tup
11-18-321-02121-302883,Assam,Kamrup,1.5487,396,75404.2734375,12286.3193359375,0.549520790576935,4,9,0,9,49,0,0,1,0,0,goroimari,nowapara kathalguri
11-18-321-02121-302884,Assam,Kamrup,2.466,112,64694.54296875,12938.908203125,0.41333332657814,4,6,0,6,45,0,0,1,0,0,goroimari,dekradia
11-18-321-02121-302885,Assam,Kamrup,1.707,351,68500.6875,11416.7802734375,0.646892666816711,4,9,0,9,48,0,0,0,0,0,goroimari,khaliha mari
11-18-321-02121-302886,Assam,Kamrup,1.3796,47,48523.859375,8410.802734375,0.746666669845581,5,15,0,15,63,0,0,0,0,0,goroimari,baghber gohaipara
11-18-321-02121-302887,Assam,Kamrup,3.2163,2176,73348.515625,13993.1875,0.425728142261505,58,100,9,91,45,0,0,1,0,0,goroimari,bara khat
11-18-321-02121-302888,Assam,Kamrup,4.0896,3916,67331.8359375,11955.4541015625,0.541942298412323,182,365,50,241,45,0,0,1,0,0,goroimari,kanahara
11-18-321-02121-302889,Assam,Kamrup,1.6019,2233,54606.09765625,10080.3466796875,0.694805204868317,84,177,7,150,63,0,0,1,0,0,goroimari,bhitar duwar
11-18-321-02121-302890,Assam,Kamrup,2.0586,1872,53347.6640625,10592.3896484375,0.684649586677551,12,20,0,20,65,0,0,1,0,0,goroimari,achal para baghamara
11-18-321-02121-302891,Assam,Kamrup,1.6797999,2569,66778.8203125,11457.5693359375,0.590268909931183,46,69,1,64,65,0,0,1,0,0,goroimari,baghamara
11-18-321-02121-302892,Assam,Kamrup,1.3975,2205,64457.27734375,12801.5146484375,0.512093007564545,77,127,10,117,65,0,0,1,0,0,goroimari,choutara
11-18-321-02121-302893,Assam,Kamrup,2.6139998,3592,65460.5703125,12449.9189453125,0.520914852619171,214,336,32,249,65,0,0,1,0,0,goroimari,tapar pathar no-1
11-18-321-02121-302894,Assam,Kamrup,2.9922,4524,62423.44140625,11146.541015625,0.6133753657341,227,338,45,281,65,0,0,1,0,0,goroimari,jorsimalu
11-18-321-02121-302895,Assam,Kamrup,2.6772,2733,65485.953125,11148.2041015625,0.591666638851166,174,247,29,203,65,0,0,1,0,0,goroimari,puran kuchia
11-18-321-02121-302896,Assam,Kamrup,0.2425,818,49301.46484375,10012.5302734375,0.679334938526154,10,25,0,25,65,0,0,1,0,0,goroimari,mahber pathar
11-18-321-02121-302897,Assam,Kamrup,2.1311998,2866,75977.515625,14350.0302734375,0.373580634593964,80,168,7,135,70,0,0,1,0,0,goroimari,kaltali
11-18-321-02121-302898,Assam,Kamrup,1.5591,1541,74778.375,12388.65625,0.519402980804443,64,105,20,85,70,0,0,1,0,0,goroimari,kanduli mari
11-18-321-02121-302899,Assam,Kamrup,4.1342998,3479,72208.4921875,14037.9912109375,0.389771282672882,102,251,54,197,65,0,0,1,0,0,goroimari,choudhuri pum
11-18-321-02121-302900,Assam,Kamrup,2.7637,3674,70257.8828125,13419.5830078125,0.4220210313797,310,498,59,411,70,0,0,1,0,0,goroimari,hahswari
11-18-321-02121-302901,Assam,Kamrup,2.1273,2087,63270,11686.8154296875,0.523762881755829,73,126,28,90,72,0,0,1,0,0,goroimari,ghoramara gaon
11-18-321-02121-302902,Assam,Kamrup,3.2085001,3592,61584.21484375,11184.212890625,0.611733675003052,193,322,67,241,68,0,0,1,0,0,goroimari,bhaluka bari
11-18-321-02121-302903,Assam,Kamrup,2.3673,2426,62362.58203125,10903.35546875,0.609158158302307,45,85,0,75,55,0,0,1,0,0,goroimari,karai bil
11-18-321-02121-302904,Assam,Kamrup,1.8339,1515,61499.8203125,10109.5595703125,0.702054798603058,122,143,18,125,57,0,0,1,0,0,goroimari,sathisala gaon
11-18-321-02121-302905,Assam,Kamrup,3.3591,3354,62521.390625,10573.6142578125,0.645474493503571,93,130,8,121,65,0,0,1,0,0,goroimari,sathisala pam
11-18-321-02121-302906,Assam,Kamrup,3.1547,3688,70263.40625,13105.3095703125,0.49719101190567,198,295,26,268,74,0,0,1,0,0,goroimari,larua jan
11-18-321-02121-302907,Assam,Kamrup,1.8927001,2309,65448.47265625,12049.3369140625,0.496183216571808,146,173,4,169,70,0,0,1,0,0,goroimari,ghoramara pathar
11-18-321-02121-302908,Assam,Kamrup,1.2229,1523,67744.2109375,12779.1337890625,0.42097595334053,66,103,14,89,45,0,0,1,0,0,goroimari,manjuri bil
11-18-321-02121-302909,Assam,Kamrup,3.2695,7166,73412.390625,13539.6611328125,0.417939215898514,308,667,89,562,45,1,1,1,0,1,goroimari,tukura para
11-18-321-02121-302910,Assam,Kamrup,2.2552001,2758,61650.5625,11215.7431640625,0.626801729202271,27,90,0,90,44,0,0,1,0,0,goroimari,mazar tup
11-18-321-02121-302911,Assam,Kamrup,2.5156,4519,65767.2421875,12786.3896484375,0.494464933872223,487,978,227,750,45,0,0,1,0,0,goroimari,gorai mari satra
11-18-321-02121-302912,Assam,Kamrup,2.8788002,4339,70325.46875,12774.16015625,0.469726085662842,125,252,33,217,45,0,0,1,0,0,goroimari,muhimari
11-18-321-02121-302913,Assam,Kamrup,2.3411,2961,58130.078125,10918.0478515625,0.63206160068512,44,100,11,89,75,0,0,1,0,0,goroimari,bhaoria bhitha
11-18-321-02121-302914,Assam,Kamrup,1.715,3504,68046.2265625,11937.93359375,0.531015038490295,389,843,112,708,70,0,0,1,0,0,goroimari,champupara gaon
11-18-321-02121-302915,Assam,Kamrup,2.2703,3749,65380.96875,12104.861328125,0.530106902122498,37,86,0,86,66,0,0,1,0,0,goroimari,champupara pathar
11-18-321-02121-302916,Assam,Kamrup,4.0153,2667,65462.75,12962.9208984375,0.445544540882111,61,133,7,98,40,0,0,1,0,0,goroimari,singimari habi
11-18-321-02121-302917,Assam,Kamrup,3.3779001,5584,70020.4140625,12791.697265625,0.473220825195313,250,478,53,397,44,1,1,1,0,1,goroimari,hatipara
11-18-321-02121-302918,Assam,Kamrup,3.434,1889,86763.9375,16581.787109375,0.346926361322403,71,152,25,125,40,0,0,1,0,0,goroimari,pukhuri par
11-18-321-02121-302919,Assam,Kamrup,1.9333,1368,68135.515625,13262.841796875,0.525017142295837,24,49,3,46,40,0,0,1,0,0,goroimari,alikash
11-18-321-02121-302920,Assam,Kamrup,3.6852,2157,64145.62890625,11504.7431640625,0.539624631404877,82,111,4,94,45,0,0,1,0,0,goroimari,barbhitha
11-18-321-02121-302921,Assam,Kamrup,2.3369,3983,81204.1953125,14886.37109375,0.320220291614532,134,208,11,195,59,0,0,1,0,0,goroimari,merganda
11-18-321-02121-302922,Assam,Kamrup,3.2633,2404,69133.125,12463.689453125,0.516645073890686,58,96,13,79,42,0,0,1,0,0,goroimari,bihapara
11-18-321-02121-302923,Assam,Kamrup,0.5145,508,66537.953125,12645.2216796875,0.524886906147003,12,20,0,20,41,0,0,1,0,0,goroimari,kharidal n c
11-18-321-02121-302924,Assam,Kamrup,0.7612,906,66549.8359375,13262.87890625,0.4209905564785,25,34,0,31,41,0,0,1,0,0,goroimari,kharidal
11-18-321-02121-302925,Assam,Kamrup,1.5717999,453,67896.1015625,13833.6318359375,0.40046837925911,9,10,0,10,40,0,0,1,0,0,goroimari,ranga dakua
11-18-321-02121-302926,Assam,Kamrup,2.7369,1371,65727.9921875,12465.6533203125,0.516491770744324,41,64,4,56,48,0,0,1,0,0,goroimari,jahir pur
11-18-321-02121-302927,Assam,Kamrup,3.4366,3648,62093.25,10939.814453125,0.625537991523743,117,126,14,107,40,0,0,1,0,0,goroimari,majgumi
11-18-321-02121-302928,Assam,Kamrup,4.3698,1391,80650.953125,15636.9453125,0.340923875570297,9,24,0,24,40,0,0,1,0,0,goroimari,pas gumi
11-18-321-02121-302929,Assam,Kamrup,0.4994,720,84558.9375,15778.4091796875,0.304862022399902,6,14,7,7,40,0,0,1,0,0,goroimari,mohghar
11-18-321-02121-302930,Assam,Kamrup,1.8418,1815,72635.0390625,14399.51171875,0.402168303728104,165,253,10,195,40,0,0,1,0,0,goroimari,aggumi
11-18-321-02121-302931,Assam,Kamrup,0.7086,1474,80167.03125,15566.939453125,0.3443843126297,159,207,46,161,40,0,0,1,0,0,goroimari,dhumgara
11-18-321-02121-302932,Assam,Kamrup,2.7461998,994,54851.3984375,11150.75390625,0.690951824188232,14,26,0,26,40,0,0,1,0,0,goroimari,ambari
11-18-321-02121-302933,Assam,Kamrup,1.1154,296,69544.3984375,13056.2275390625,0.383141756057739,28,30,0,30,40,0,0,0,0,0,goroimari,simalu bari
11-18-321-02121-302934,Assam,Kamrup,1.166,1967,79534.7421875,15553.833984375,0.36733615398407,131,178,16,158,40,0,0,1,0,0,goroimari,tari gaon
11-18-321-02122-302935,Assam,Kamrup,0.2051,1711,47213.01171875,8651.1171875,0.815464615821838,9,21,0,21,,0,0,1,0,0,chamaria,chowrdia n c changardia n c
11-18-321-02122-302936,Assam,Kamrup,0.2441,804,56846.2265625,11149.3984375,0.64502763748169,5,12,0,12,,0,0,0,0,0,chamaria,no-3 uttar rangapani n c
11-18-321-02122-302937,Assam,Kamrup,1.0322452,2299,47488.9921875,9124.3369140625,0.742627322673798,91,124,34,90,,0,0,1,0,0,chamaria,santali satra
11-18-321-02122-302938,Assam,Kamrup,0.7541,2056,69274.0234375,12835.03515625,0.508121848106384,74,117,28,87,,0,0,1,0,0,chamaria,pathal pathali para
11-18-321-02122-302939,Assam,Kamrup,2.0499,1286,55613.9921875,10115.7587890625,0.644371926784515,6,10,0,10,,0,0,1,0,0,chamaria,roumari
11-18-321-02122-302940,Assam,Kamrup,0.59319997,867,59147.65234375,9686.201171875,0.721254348754883,1,4,0,4,,0,0,1,0,0,chamaria,latar diya n c latariadia n c
11-18-321-02122-302941,Assam,Kamrup,0.8095,3420,70160.7890625,12927.8154296875,0.479700177907944,11,36,5,31,,0,0,1,0,0,chamaria,goroimari bilorian
11-18-321-02122-302942,Assam,Kamrup,0.31190002,3323,76134.875,14623.6875,0.419017434120178,256,386,36,342,,1,0,1,0,1,chamaria,mohatoli mahatoli
11-18-321-02122-302943,Assam,Kamrup,0.5813,1880,68302.0859375,11688.7255859375,0.582216799259186,5,33,0,33,,0,0,1,0,0,chamaria,kachari pam
11-18-321-02122-302944,Assam,Kamrup,0.65980005,2418,65603.765625,11617.333984375,0.642361104488373,52,68,3,65,,0,0,1,0,0,chamaria,panikhati bilarjan
11-18-321-02122-302945,Assam,Kamrup,0.90419996,543,59885.1328125,9651.81640625,0.741758227348328,4,7,0,7,,0,0,1,0,0,chamaria,lotirtari lutirtari
11-18-321-02122-302946,Assam,Kamrup,0.71160007,477,63978.30859375,11607.2958984375,0.49892008304596,2,5,0,5,,0,0,0,0,0,chamaria,lotoria bilarjan
11-18-321-02122-302947,Assam,Kamrup,0.5014,660,65012.18359375,12791.0146484375,0.487804889678955,,,,,,0,0,0,0,0,chamaria,lotoria gaon
11-18-321-02122-302948,Assam,Kamrup,0.8311,292,59169.75,10576.2353515625,0.705313980579376,2,8,0,8,,0,0,1,0,0,chamaria,no-2 jutiadia no 2 jatiadia
11-18-321-02122-302949,Assam,Kamrup,1.1456,825,60159.80859375,10706.4072265625,0.69854724407196,3,8,0,8,,0,0,1,0,0,chamaria,karaitari
11-18-321-02122-302950,Assam,Kamrup,0.22719999,1357,58853.7890625,9359.990234375,0.780449986457825,29,60,0,27,,0,0,1,0,0,chamaria,bordia noapara
11-18-321-02122-302951,Assam,Kamrup,1.3915,3686,67387.65625,12498.3193359375,0.512813746929169,71,160,9,151,,0,0,1,0,1,chamaria,bari sarvarikati bar saru arikati
11-18-321-02122-302952,Assam,Kamrup,0.761,724,58633.67578125,10069.30859375,0.66109424829483,9,16,0,16,,0,0,0,0,0,chamaria,barghol
11-18-321-02122-302954,Assam,Kamrup,0.4942,391,63996.54296875,11545.767578125,0.484536081552506,2,2,0,2,,0,0,0,0,0,chamaria,kachair diya pathar kuchiardia pathar
11-18-321-02122-302955,Assam,Kamrup,0.8008,1260,67081.859375,11347.767578125,0.572687208652496,21,51,10,41,,0,0,1,0,0,chamaria,chataru para
11-18-321-02122-302956,Assam,Kamrup,0.4483,1454,68978.375,12333.236328125,0.503886938095093,59,83,22,60,,0,0,1,0,0,chamaria,bajar suti modia bejor suti mondia
11-18-321-02122-302957,Assam,Kamrup,0.2775,2352,63314.9609375,12036.2216796875,0.539202809333801,106,199,15,180,,0,0,1,0,0,chamaria,puran gaon
11-18-321-02122-302958,Assam,Kamrup,1.2548001,2538,91665.3828125,17244.7421875,0.404682278633118,61,127,7,120,,0,0,1,0,0,chamaria,salosuti selowsuti
11-18-321-02122-302959,Assam,Kamrup,0.96419996,1796,63141.0078125,12233.349609375,0.508096039295197,18,47,3,44,,0,0,1,0,1,chamaria,chamaria pam
11-18-321-02122-302960,Assam,Kamrup,0.33029997,1011,46704.94921875,8385.4404296875,0.841336131095886,15,36,6,30,,0,0,1,0,1,chamaria,tangan mari
11-18-321-02122-302961,Assam,Kamrup,0.5858,632,47602.1796875,9951.1572265625,0.734789371490479,58,99,15,81,,0,0,0,0,0,chamaria,sutir par
11-18-321-02122-302962,Assam,Kamrup,1.9524001,4959,50403.34375,10112.45703125,0.701221942901611,229,453,39,411,,0,0,1,0,0,chamaria,no-2 dakshin rangapani n c
11-18-321-02122-302963,Assam,Kamrup,0.6515,1732,56441.3359375,10707.5205078125,0.668810307979584,12,36,0,36,35,0,0,1,0,0,chamaria,no-1 dakshin rangapani n c
11-18-321-02122-302964,Assam,Kamrup,2.4761,3865,47379.63671875,9545.439453125,0.753209352493286,99,211,8,203,35,0,0,1,0,0,chamaria,no-3 dakshin rangapani n c
11-18-321-02122-302965,Assam,Kamrup,0.5838,1135,76691.15625,15420.8427734375,0.323159784078598,17,36,4,29,30,0,0,1,0,1,chamaria,choudhuri pam
11-18-321-02122-302966,Assam,Kamrup,0.1835,576,59775.90625,12216.9736328125,0.560218989849091,13,28,3,20,30,0,0,1,0,1,chamaria,nimurtari
11-18-321-02122-302967,Assam,Kamrup,0.1308,1618,67912.65625,13093.59375,0.486882239580154,80,155,32,120,35,0,0,1,0,0,chamaria,joukhata gaon jawkat gaon
11-18-321-02122-302968,Assam,Kamrup,1.2631,2639,69756.71875,12236.060546875,0.525030016899109,64,101,15,86,35,0,0,1,0,0,chamaria,kismat kathami
11-18-321-02122-302969,Assam,Kamrup,0.4447,2694,73444.953125,14411.7490234375,0.422388553619385,179,333,19,314,35,0,0,1,0,0,chamaria,natun kathami
11-18-321-02122-302970,Assam,Kamrup,1.3238001,2454,54709.125,10338.732421875,0.65236222743988,45,60,8,51,35,0,0,1,0,1,chamaria,niz kathami
11-18-321-02122-302971,Assam,Kamrup,1.0265,5817,71773.8203125,13534.841796875,0.444501280784607,301,545,107,422,26,1,1,1,0,1,chamaria,joukatadia jawkatadia
11-18-321-02122-302972,Assam,Kamrup,1.0217,976,50900.51171875,10222.255859375,0.693581759929657,42,76,12,64,45,0,0,1,0,1,chamaria,duramari
11-18-321-02122-302973,Assam,Kamrup,0.95419997,3152,65075.48046875,12854.96484375,0.482570052146912,144,270,26,244,35,0,0,1,0,1,chamaria,dakachanh dekachang
11-18-321-02122-302974,Assam,Kamrup,0.7963,1795,55285.66015625,11697.63671875,0.581097543239594,4,12,0,12,35,0,0,1,0,1,chamaria,marakuchi marakalashi
11-18-321-02122-302975,Assam,Kamrup,0.9168,2164,76269.75,16677.740234375,0.240140229463577,36,108,0,108,30,0,0,1,0,1,chamaria,bagariguri
11-18-321-02122-302976,Assam,Kamrup,0.6383,4918,74584.8359375,14210.1708984375,0.37188932299614,123,269,3,263,35,0,0,1,0,1,chamaria,malibari pathar
11-18-321-02122-302977,Assam,Kamrup,1.2661,4419,52118.8125,9497.5546875,0.716222047805786,84,173,2,171,30,0,0,1,0,1,chamaria,malibari pathar n c
11-18-321-02122-302978,Assam,Kamrup,0.9405,1845,56473.734375,12492.4794921875,0.527366042137146,25,36,1,35,35,0,0,1,0,1,chamaria,salmara
11-18-321-02122-302979,Assam,Kamrup,0.478,2170,67330.828125,12864.0205078125,0.485264241695404,38,61,2,59,35,0,0,1,0,1,chamaria,batiamari
11-18-321-02122-302980,Assam,Kamrup,0.41459998,1502,54358.96875,11231.1923828125,0.589531660079956,102,222,31,189,36,0,0,1,0,1,chamaria,neul dova
11-18-321-02122-302981,Assam,Kamrup,1.0221,1910,51637.96875,11305.521484375,0.572523236274719,149,300,89,211,40,0,0,1,0,1,chamaria,howli tari
11-18-321-02122-302982,Assam,Kamrup,1.2041,1782,108063.625,22815.498046875,0.062535859644413,62,208,18,183,40,0,0,1,0,0,chamaria,kahibari pathar
11-18-321-02122-302983,Assam,Kamrup,0.9253,926,74817.671875,14827.193359375,0.330296128988266,33,69,7,42,40,0,0,1,0,1,chamaria,puthi mari
11-18-321-02122-302984,Assam,Kamrup,2.3752,4970,66067.34375,12893.9970703125,0.478544980287552,178,274,8,265,35,0,0,1,0,1,chamaria,no-2 barua pathar
11-18-321-02122-302985,Assam,Kamrup,1.6896001,4277,61692.15625,14408.3193359375,0.398824334144592,210,472,54,408,36,0,0,1,0,1,chamaria,no-2 jugipara pathar
11-18-321-02122-302986,Assam,Kamrup,1.4052,1823,59912.38671875,13063.0888671875,0.418949782848358,92,191,24,165,35,0,0,1,0,1,chamaria,no-1 jugipara pathar
11-18-321-02122-302987,Assam,Kamrup,2.665,3645,73294.59375,15679.423828125,0.251691102981567,53,122,1,121,35,0,0,1,0,1,chamaria,no-1 barua pathar
11-18-321-02122-302988,Assam,Kamrup,1.315,2237,66630.8515625,14998.203125,0.361372172832489,115,333,19,314,35,0,0,1,0,0,chamaria,barua gaon
11-18-321-02122-302989,Assam,Kamrup,0.3176,450,63555.07421875,14251.744140625,0.34343433380127,4,8,0,8,45,0,0,1,0,1,chamaria,no-1 makeli
11-18-321-02122-302990,Assam,Kamrup,1.0359,2227,84177.7265625,23103.765625,0.110904008150101,232,411,102,309,25,1,0,1,0,1,chamaria,chamaria satra
11-18-321-02122-302991,Assam,Kamrup,1.2409999,2871,78740.7265625,16573.93359375,0.26661741733551,62,136,22,114,30,0,0,1,0,0,chamaria,sola pathar
11-18-321-02122-302992,Assam,Kamrup,1.9889,2833,70106.140625,13774.3759765625,0.41126760840416,75,137,5,121,35,0,0,1,0,1,chamaria,no-2 makeli
11-18-321-02122-302993,Assam,Kamrup,0.8756,2523,74542.3203125,14401.955078125,0.376176834106445,133,268,14,233,35,0,0,1,0,1,chamaria,trilochan
11-18-321-02122-302994,Assam,Kamrup,1.2688,3638,63660.79296875,11668.3359375,0.576345980167389,53,111,4,104,35,0,0,1,0,0,chamaria,tamuldi
11-18-321-02123-302995,Assam,Kamrup,0.3357,156,73242.625,16276.138671875,0.215686276555061,22,50,34,12,85,0,0,0,0,0,nagarbera,sagunbahi
11-18-321-02123-302996,Assam,Kamrup,4.5141,917,88274.375,19850.298828125,0.157512947916985,113,290,149,141,84,0,0,1,0,0,nagarbera,medhi para
11-18-321-02123-302997,Assam,Kamrup,1.4925,518,89379.8828125,18887.82421875,0.141509428620338,39,96,35,61,82,0,0,1,0,0,nagarbera,malancha
11-18-321-02123-302998,Assam,Kamrup,2.3094,893,111093.46875,23636.908203125,0.0974244102835655,63,111,19,90,80,0,0,1,0,0,nagarbera,kalubari
11-18-321-02123-302999,Assam,Kamrup,6.6106,4216,82031.609375,16986.955078125,0.258268386125565,500,922,229,681,80,0,0,1,0,1,nagarbera,palasatari palahartari
11-18-321-02123-303001,Assam,Kamrup,5.2240996,3327,105643.4296875,21969.3671875,0.170345038175583,405,812,122,687,77,1,0,1,1,1,nagarbera,magar bera
11-18-321-02123-303002,Assam,Kamrup,2.7919,2896,52402.6640625,11727.869140625,0.557598888874054,275,484,314,168,83,0,0,1,0,1,nagarbera,kalayanpur
11-18-321-02123-303003,Assam,Kamrup,3.9745998,2373,73202.1171875,15625.0126953125,0.306182116270065,465,1037,671,332,81,0,0,1,0,0,nagarbera,khemari
11-18-321-02123-303004,Assam,Kamrup,5.9456,4234,68045.84375,13489.76171875,0.408584296703339,508,959,493,434,81,0,0,1,0,1,nagarbera,nitarkhola reserve
11-18-321-02123-303005,Assam,Kamrup,3.1504002,1647,101564.625,24220.697265625,0.156730175018311,133,326,17,306,85,0,0,1,1,1,nagarbera,dekuchi
11-18-321-02123-303006,Assam,Kamrup,7.3878,4071,77983.234375,16515.357421875,0.310566127300262,430,540,54,284,80,0,0,1,0,0,nagarbera,pujupara
11-18-321-02123-303007,Assam,Kamrup,3.9083,4979,60609.7734375,12508.7216796875,0.506260097026825,214,362,36,257,70,0,0,1,0,0,nagarbera,jamlai
11-18-321-02123-303008,Assam,Kamrup,4.0306,3850,77849.84375,16744.291015625,0.242683798074722,322,539,165,374,63,1,0,1,0,1,nagarbera,malibari satra
11-18-321-02123-303009,Assam,Kamrup,2.9020002,1235,75901.46875,16393.275390625,0.226265817880631,27,60,4,54,70,0,0,1,0,0,nagarbera,nichalamari
11-18-321-02123-303010,Assam,Kamrup,2.5588,1256,78464.84375,18693.818359375,0.165360495448113,16,25,0,23,70,0,0,1,0,0,nagarbera,jogipara
11-18-321-02123-303011,Assam,Kamrup,3.1899,1754,81250.9140625,18004.7265625,0.260033905506134,25,48,0,47,70,0,0,1,0,1,nagarbera,halila pathar habila pathar
11-18-321-02123-303012,Assam,Kamrup,2.305,1343,80942.390625,17254.9296875,0.217616572976112,40,59,5,54,63,0,0,1,0,1,nagarbera,mandira pathar
11-18-321-02123-303013,Assam,Kamrup,2.9166,578,79969.953125,16730.7578125,0.232245683670044,4,8,0,8,71,0,0,1,0,1,nagarbera,jamali n c
11-18-321-02123-303014,Assam,Kamrup,12.9412,5302,62020.44921875,10677.2421875,0.671486079692841,81,150,1,132,64,1,1,1,0,1,nagarbera,mandira reserve
11-18-321-02123-303015,Assam,Kamrup,0.8751,794,50961.7265625,10898.2548828125,0.59781289100647,34,57,8,49,80,0,0,1,0,1,nagarbera,no-1 uttar rangapani
11-18-321-02123-303016,Assam,Kamrup,1.5873,1376,59045.62890625,10926.1171875,0.625377655029297,86,106,14,92,81,0,0,1,0,0,nagarbera,no-2 uttar rangapani
11-18-321-02123-303017,Assam,Kamrup,4.6184,2422,86148.6484375,14793.2021484375,0.327117323875427,89,167,13,146,84,0,0,1,0,1,nagarbera,jalgali khola reserve
11-18-321-02123-303018,Assam,Kamrup,7.6703005,10964,67836.6796875,12764.1826171875,0.479472547769547,923,1473,175,1262,85,1,1,1,0,1,nagarbera,tupamari
11-18-321-02123-303019,Assam,Kamrup,4.9005,5028,62389.765625,11777.9765625,0.564153552055359,152,250,23,219,84,1,1,1,0,1,nagarbera,badla pathar
11-18-321-02123-303020,Assam,Kamrup,3.4468,4719,73071.515625,14444.87890625,0.354787141084671,200,282,47,235,80,0,0,1,0,0,nagarbera,rangaswari
11-18-321-02123-303021,Assam,Kamrup,5.4114003,6785,58524.25390625,11711.439453125,0.581480443477631,242,582,134,424,80,1,1,1,0,1,nagarbera,bhukuradia
11-18-321-02123-303022,Assam,Kamrup,1.6389,647,70636.8359375,15323.890625,0.365527480840683,27,49,4,29,65,0,0,1,0,0,nagarbera,dalgaon
11-18-321-02124-303023,Assam,Kamrup,1.7769,3016,122509.09375,28666.958984375,0.0901582911610603,393,869,84,785,27,0,0,1,0,1,boko,dakuapara
11-18-321-02124-303024,Assam,Kamrup,5.0927,1243,82536.9375,20902.67578125,0.269731134176254,51,117,0,117,27,0,0,1,0,0,boko,pakharapara
11-18-321-02124-303025,Assam,Kamrup,7.2994,1908,82621.5078125,17409.998046875,0.138728320598602,85,184,24,160,35,0,0,1,0,0,boko,mouman
11-18-321-02124-303026,Assam,Kamrup,1.2080001,472,76508.7109375,16632.328125,0.318840593099594,13,39,0,39,35,0,0,1,0,0,boko,khatkati
11-18-321-02124-303027,Assam,Kamrup,1.3375,321,76885.515625,17614.638671875,0.287925690412521,19,59,7,52,65,0,0,1,0,0,boko,chakabha
11-18-321-02124-303028,Assam,Kamrup,1.7925999,520,79168.8828125,18802.609375,0.295833319425583,36,49,8,37,55,0,0,1,0,0,boko,nagopara
11-18-321-02124-303029,Assam,Kamrup,1.6951,1347,103900.2109375,26264.736328125,0.0743494406342506,117,185,27,158,29,0,0,1,1,1,boko,jarpara jarapara
11-18-321-02124-303030,Assam,Kamrup,2.2603998,1386,126962.9921875,29397.166015625,0.050896055996418,67,133,11,122,55,0,0,1,0,0,boko,tepchya
11-18-321-02124-303031,Assam,Kamrup,2.7484,1023,89048.2734375,19150.166015625,0.231671556830406,67,149,19,128,50,0,0,1,0,0,boko,langkona
11-18-321-02124-303032,Assam,Kamrup,1.9437,253,100607.25,20041.28515625,0.147410362958908,22,31,7,24,69,0,0,1,0,1,boko,dakhilipara
11-18-321-02124-303033,Assam,Kamrup,0.8039,793,58674.984375,14578.0859375,0.415327578783035,20,45,0,45,69,0,0,1,0,0,boko,nalaghat n c
11-18-321-02124-303034,Assam,Kamrup,2.3383,1501,89867.359375,20918.41015625,0.112483747303486,180,290,66,204,71,0,0,1,0,1,boko,raipara
11-18-321-02124-303035,Assam,Kamrup,1.0074,511,79784.03125,17585.05078125,0.220408156514168,80,109,44,49,74,0,0,1,0,0,boko,tinigharia
11-18-321-02124-303036,Assam,Kamrup,1.5679,326,65316.98828125,13689.189453125,0.622754514217377,65,79,9,67,78,0,0,1,0,0,boko,mugakhol
11-18-321-02124-303037,Assam,Kamrup,1.8819001,671,72682.2578125,15023.7060546875,0.449720680713654,44,57,13,41,74,0,0,1,0,1,boko,bhogdabari
11-18-321-02124-303038,Assam,Kamrup,1.013,570,99194.09375,21645.447265625,0.11168384552002,18,31,0,31,69,0,0,1,0,1,boko,baghar gaon
11-18-321-02124-303039,Assam,Kamrup,2.2097,1029,84644.75,19020.3671875,0.128404662013054,39,74,1,73,69,0,0,1,0,1,boko,bala para
11-18-321-02124-303040,Assam,Kamrup,2.0723,853,78704.5859375,17469.037109375,0.225536987185478,107,173,19,149,69,0,0,1,0,0,boko,bhehuwa
11-18-321-02124-303041,Assam,Kamrup,0.76839995,117,76197.6796875,18552.478515625,0.147826090455055,24,37,3,34,72,0,0,1,0,1,boko,medhipara
11-18-321-02124-303042,Assam,Kamrup,2.3917,758,76786.8984375,17375.896484375,0.269647687673569,31,56,16,35,66,0,0,1,0,1,boko,kaithpara
11-18-321-02124-303043,Assam,Kamrup,1.8436,1004,74956.7109375,17341.259765625,0.205854579806328,150,246,48,184,70,0,0,1,0,0,boko,dhekiabari
11-18-321-02124-303044,Assam,Kamrup,3.7403,1896,98477.625,19843.29296875,0.177920684218407,95,142,4,138,70,0,0,1,0,1,boko,alagjari
11-18-321-02124-303045,Assam,Kamrup,2.443,880,94775.109375,18533.798828125,0.191111117601395,124,204,72,128,55,0,0,1,1,1,boko,dari
11-18-321-02124-303046,Assam,Kamrup,2.1430001,1849,75559.5,15496.3037109375,0.277689456939697,164,196,21,157,65,0,0,1,0,1,boko,pairanga
11-18-321-02124-303047,Assam,Kamrup,1.4219999,1286,,,,41,69,4,42,55,0,0,1,1,1,boko,narenga
11-18-321-02124-303049,Assam,Kamrup,1.5189999,400,109393.609375,22099.71875,0.113636367022991,24,49,4,44,60,0,0,1,0,1,boko,kajigaon
11-18-321-02124-303050,Assam,Kamrup,1.744,232,108710.28125,22195.015625,0.112499997019768,39,66,3,63,55,0,0,1,0,1,boko,katal gaon
11-18-321-02124-303051,Assam,Kamrup,2.0400999,1373,83938.109375,21238.16796875,0.118452861905098,62,153,21,132,55,0,0,1,0,1,boko,belpara
11-18-321-02124-303052,Assam,Kamrup,1.366,716,77333.3046875,18686.923828125,0.174772039055824,23,32,5,27,45,0,0,1,0,1,boko,bakara para
11-18-321-02124-303053,Assam,Kamrup,3.1171,381,85069.78125,18246.166015625,0.200557097792625,13,46,0,40,42,0,0,1,0,1,boko,jangakholi
11-18-321-02124-303054,Assam,Kamrup,5.4015,556,68308.2890625,15484.8779296875,0.329067647457123,27,52,9,41,42,0,0,1,0,1,boko,sakhati
11-18-321-02124-303055,Assam,Kamrup,2.6544,1569,70156.3828125,12855.166015625,0.549057841300964,46,74,0,74,45,0,0,1,0,1,boko,gohal kona
11-18-321-02124-303056,Assam,Kamrup,1.8699001,299,90896.4296875,20368.09765625,0.117056854069233,19,28,0,28,79,0,0,1,0,1,boko,lep gaon
11-18-321-02124-303057,Assam,Kamrup,0.1464,68,53527.8828125,10233.271484375,0.705882370471954,1,2,0,2,47,0,0,0,0,1,boko,sahankona n c
11-18-321-02124-303058,Assam,Kamrup,1.4594,768,85798.8984375,18861.95703125,0.146112605929375,57,72,4,68,70,0,0,1,0,1,boko,durapara
11-18-321-02124-303059,Assam,Kamrup,1.5153999,1102,84895.46875,18856.744140625,0.223062381148338,84,211,19,192,70,0,0,1,0,1,boko,agchia
11-18-321-02124-303060,Assam,Kamrup,0.766,474,94998.2421875,21046.359375,0.111788615584373,35,56,4,51,70,0,0,1,0,1,boko,athkupara
11-18-321-02124-303061,Assam,Kamrup,1.9804,1100,99988.2578125,23261.80859375,0.13227017223835,51,62,10,51,69,0,0,1,0,1,boko,turuk para
11-18-321-02124-303062,Assam,Kamrup,1.0108,2282,99515.0625,22056.337890625,0.18922470510006,654,1527,190,1337,48,1,0,1,1,0,boko,barpara
11-18-321-02124-303063,Assam,Kamrup,1.3531,612,73114.46875,16442.009765625,0.256778299808502,27,32,8,24,71,0,0,1,0,1,boko,khenapara
11-18-321-02124-303064,Assam,Kamrup,1.9538001,1347,78444.796875,18504.345703125,0.200434148311615,129,150,16,111,65,0,0,1,0,1,boko,kaliabari
11-18-321-02124-303065,Assam,Kamrup,1.1591,724,78568.2265625,16512.27734375,0.197802200913429,31,45,1,43,27,0,0,1,0,1,boko,sijubari
11-18-321-02124-303066,Assam,Kamrup,2.1133,3296,77953.125,17038.802734375,0.290619254112244,203,313,42,258,52,1,0,1,0,1,boko,bargaon
11-18-321-02124-303067,Assam,Kamrup,15.4112,3889,73593.921875,16037.2294921875,0.309848099946976,235,402,25,363,50,0,0,1,1,1,boko,dhopguri
11-18-321-02124-303068,Assam,Kamrup,2.7435,619,81237.796875,18696.54296875,0.051863856613636,16,26,0,24,56,0,0,1,0,0,boko,hashi
11-18-321-02124-303069,Assam,Kamrup,2.0909,636,75715.0546875,16851.216796875,0.234756097197533,45,80,3,77,53,0,0,0,1,1,boko,raja para
11-18-321-02124-303070,Assam,Kamrup,1.4638001,1206,73007,14134.154296875,0.412000000476837,93,116,32,84,58,0,0,1,0,1,boko,da gaon
11-18-321-02124-303071,Assam,Kamrup,1.2401,402,76357.53125,12820.5234375,0.508641958236694,8,10,2,8,105,0,0,1,0,1,boko,mathaputa
11-18-321-02124-303072,Assam,Kamrup,1.146,695,62143.6640625,12293.216796875,0.566978216171265,35,46,3,43,96,0,0,0,0,1,boko,gijang
11-18-321-02124-303073,Assam,Kamrup,3.2072,889,86603.8203125,18410.357421875,0.409978300333023,177,442,30,412,120,0,0,0,0,0,boko,hahim
11-18-321-02124-303074,Assam,Kamrup,2.5569,1439,62985.7265625,13591.4169921875,0.461259961128235,91,182,52,100,96,0,0,1,0,1,boko,no-1 samuka
11-18-321-02124-303075,Assam,Kamrup,3.1298,1642,77971.859375,15945.46484375,0.240150094032288,54,102,6,96,78,0,0,1,0,1,boko,no-2 samuka
11-18-321-02124-303076,Assam,Kamrup,7.9740996,1341,75813.2578125,14850.01953125,0.3114874958992,50,95,6,87,68,0,0,1,0,0,boko,no-1 nalapara
11-18-321-02124-303077,Assam,Kamrup,2.7697,1133,77572.7578125,16980.05078125,0.266121715307236,85,155,13,139,55,0,0,1,0,1,boko,no-2 nalapara
11-18-321-02124-303078,Assam,Kamrup,0.17559999,769,75809.890625,14388.845703125,0.417847037315369,19,28,2,26,70,0,0,1,0,1,boko,hahim n c
11-18-321-02124-303079,Assam,Kamrup,0.125,259,69650.0625,13394.2421875,0.538461565971375,13,25,6,18,155,0,0,1,0,1,boko,garuduba garudubi
11-18-321-02124-303080,Assam,Kamrup,2.9326,474,109356.9453125,23752.798828125,0,12,18,6,12,49,0,0,1,1,1,boko,nambar juli
11-18-321-02124-303081,Assam,Kamrup,2.8632002,1029,86636.359375,19560.33984375,0.143410846590996,70,153,12,140,40,0,0,1,0,1,boko,chaikata
11-18-321-02124-303082,Assam,Kamrup,0.71930003,688,79934.1640625,18369.962890625,0.222049683332443,58,130,1,129,45,0,0,1,1,1,boko,no-1 sakhati
11-18-321-02124-303083,Assam,Kamrup,2.8569,1781,83428.890625,18328.37109375,0.211902111768723,71,98,4,94,49,0,0,1,1,1,boko,no-2 sakhati
11-18-321-02124-303084,Assam,Kamrup,2.8139002,1196,76311.34375,16474.373046875,0.278523504734039,145,252,95,152,50,0,0,1,1,1,boko,saraibaha
11-18-321-02124-303085,Assam,Kamrup,2.3923,215,54797.37109375,13571.3115234375,0.359813094139099,8,28,0,28,50,0,0,0,0,1,boko,bhakat para
11-18-321-02124-303086,Assam,Kamrup,1.753,653,109325.2578125,23170.427734375,0.0164179112762212,28,41,3,36,65,0,0,1,0,0,boko,mirzakhat
11-18-321-02124-303087,Assam,Kamrup,0.6724,164,63129.54296875,14071.0419921875,0.37349396944046,3,5,0,5,70,0,0,1,0,1,boko,jaldhapara
11-18-321-02124-303088,Assam,Kamrup,5.2483,670,58079.078125,11342.9033203125,0.563876628875732,19,34,6,28,50,0,0,1,0,0,boko,dakhin ghilabari
11-18-321-02124-303089,Assam,Kamrup,1.4260001,361,111724.3359375,25571.783203125,0,33,59,26,33,60,0,0,1,0,1,boko,pachia
11-18-321-02124-303090,Assam,Kamrup,1.6964,584,51323.02734375,10671.125,0.633663356304169,47,89,19,56,65,0,0,1,0,1,boko,mathia
11-18-321-02124-303091,Assam,Kamrup,1.0065,671,53029.7890625,9662.8623046875,0.759475231170654,68,131,0,120,90,0,0,1,0,0,boko,uppar barjuli
11-18-321-02124-303092,Assam,Kamrup,0.2805,195,43771.28515625,8153.474609375,0.916666686534882,17,31,0,28,90,0,0,1,0,1,boko,no-1 damrangkona
11-18-321-02124-303093,Assam,Kamrup,0.1551,172,75882.625,12647.103515625,0.506666660308838,18,36,4,32,96,0,0,1,0,1,boko,no-2 damrangkona
11-18-321-02124-303094,Assam,Kamrup,0.6146,1011,64334.84765625,12297.314453125,0.511595249176025,23,47,10,33,90,0,0,1,0,0,boko,namtarabari
11-18-321-02124-303095,Assam,Kamrup,1.49264,676,64371.83203125,12950.5458984375,0.433431953191757,26,43,10,32,48,0,0,1,0,0,boko,mozebari new
11-18-321-02124-303096,Assam,Kamrup,0.71559995,692,49024.61328125,10465.9287109375,0.620786488056183,20,32,9,21,65,0,0,1,0,0,boko,pachia n c
11-18-321-02124-303097,Assam,Kamrup,2.6381,687,64931.078125,11780.3525390625,0.558571457862854,5,13,0,13,40,0,0,1,0,0,boko,bhaluk mari n c
11-18-321-02124-303098,Assam,Kamrup,0.2637,336,66339.578125,12627.640625,0.517426252365112,39,52,8,40,90,0,0,1,0,0,boko,namtara bari n c
11-18-321-02124-303099,Assam,Kamrup,1.0647,526,77872.09375,15846.06640625,0.269379854202271,,,,,57,0,0,0,0,0,boko,gadha puta
11-18-321-02124-303100,Assam,Kamrup,1.5112,778,69930.2421875,14678.96875,0.298565834760666,17,23,1,22,55,0,0,0,0,0,boko,nampathar
11-18-321-02124-303101,Assam,Kamrup,2.3507001,592,72941.5,15664.486328125,0.268852472305298,16,30,0,30,58,0,0,0,0,1,boko,gangra para
11-18-321-02124-303102,Assam,Kamrup,2.1482,1514,69578,15007.01953125,0.320915043354034,98,158,16,142,85,0,0,1,0,0,boko,gameri mura
11-18-321-02124-303103,Assam,Kamrup,0.95019996,1083,75808.9765625,14632.3828125,0.442289054393768,23,36,4,32,84,0,0,1,0,0,boko,joypur
11-18-321-02124-303104,Assam,Kamrup,1.2116001,1001,73921.9921875,12421.943359375,0.491752564907074,33,53,2,47,60,0,0,1,0,0,boko,goshanimara
11-18-321-02124-303105,Assam,Kamrup,1.4764999,1192,68966.203125,14599.9287109375,0.358319610357285,20,30,5,25,58,0,0,1,0,0,boko,bamuni gaon
11-18-321-02124-303106,Assam,Kamrup,0.6399,1066,73496.921875,13420.56640625,0.510516226291657,41,45,3,42,58,0,0,1,0,0,boko,malongkona n c
11-18-321-02124-303107,Assam,Kamrup,2.2515,1413,74297.4296875,16023.92578125,0.237170591950417,49,57,6,48,65,0,0,1,0,0,boko,chandra
11-18-321-02124-303108,Assam,Kamrup,2.2573,1148,80673.328125,16958.146484375,0.188581317663193,71,129,36,93,75,0,0,1,0,0,boko,ghilabari
11-18-321-02124-303109,Assam,Kamrup,0.98120004,549,77618.265625,15465.837890625,0.217877089977264,77,134,31,101,71,0,0,1,0,1,boko,damalshos
11-18-321-02124-303110,Assam,Kamrup,2.2774,997,73393.8359375,16720.7734375,0.198588714003563,127,238,12,186,70,0,0,1,0,0,boko,mairachara
11-18-321-02124-303111,Assam,Kamrup,2.2414,888,69559.125,13959.962890625,0.34486734867096,153,254,7,184,75,0,0,1,0,0,boko,shilobari
11-18-321-02124-303112,Assam,Kamrup,2.9043,753,87986.21875,18523.416015625,0.166429594159126,69,111,11,96,70,0,0,1,0,0,boko,no-1 bhatipara
11-18-321-02124-303113,Assam,Kamrup,0.4017,268,77904.7734375,15749.701171875,0.10469313710928,12,23,2,17,70,0,0,1,0,0,boko,no-2 bhatipara
11-18-321-02124-303114,Assam,Kamrup,0.3332,264,63482.73828125,13126.1298828125,0.436090230941772,14,26,0,25,70,0,0,1,0,1,boko,no-3 bhatipara n c
11-18-321-02124-303115,Assam,Kamrup,2.5866,1212,89154.9921875,19434.125,0.134011879563332,57,79,7,71,61,0,0,1,1,0,boko,deka para
11-18-321-02124-303116,Assam,Kamrup,2.2381,727,83991.515625,18212.140625,0.192582026124001,17,34,5,29,63,0,0,1,1,1,boko,no-1 uttar sakhadari
11-18-321-02124-303117,Assam,Kamrup,4.2221,1928,69895.3984375,14831.8173828125,0.336809188127518,272,410,49,338,80,0,0,1,0,0,boko,no-2 uttar sakhadari
11-18-321-02124-303118,Assam,Kamrup,2.555,870,94200.203125,19814.14453125,0.180963575839996,36,66,3,63,65,0,0,1,0,0,boko,no-1 dakshin sakhadari
11-18-321-02124-303119,Assam,Kamrup,3.6260002,1187,107113.15625,22441.904296875,0.0409015007317066,77,132,8,115,62,0,0,1,0,0,boko,no-2 dakshin sakhadari
11-18-321-02124-303120,Assam,Kamrup,4.975,608,109817.9375,23333.998046875,0.0640809461474418,97,237,10,225,65,0,0,1,0,0,boko,no-3 dakshin sakhadari
11-18-321-02124-303121,Assam,Kamrup,7.0072,3046,88307.3046875,19417.75390625,0.155562847852707,223,440,63,376,62,0,0,1,1,0,boko,bonda para
11-18-321-02124-303122,Assam,Kamrup,1.4625,420,110659.8984375,25348.203125,0,38,52,15,37,65,0,0,0,0,0,boko,khatajuli
11-18-321-02124-303123,Assam,Kamrup,5.6429996,1240,76966.4140625,17180.564453125,0.248569086194038,63,97,2,93,70,0,0,1,0,0,boko,no-1 dilinga
11-18-321-02124-303124,Assam,Kamrup,8.522,2280,82522.1484375,17468.732421875,0.181573033332825,139,207,11,179,70,0,0,1,0,0,boko,no-2 dilinga
11-18-321-02124-303125,Assam,Kamrup,3.7025,858,51633.92578125,11598.4990234375,0.630558729171753,54,71,5,66,65,0,0,1,0,1,boko,jobepara
11-18-321-02124-303126,Assam,Kamrup,3.3069,1151,72525.515625,16401.529296875,0.244699642062187,135,168,4,133,54,0,0,1,0,0,boko,jalukbari
11-18-321-02124-303127,Assam,Kamrup,1.965,976,86432.6015625,17663.8046875,0.169642850756645,17,25,0,25,55,0,0,1,0,0,boko,pukhuripara
11-18-321-02124-303128,Assam,Kamrup,3.0618,1133,89557.7734375,20354.0390625,0.161713287234306,54,86,0,86,65,0,0,1,1,0,boko,ujanpara
11-18-321-02124-303129,Assam,Kamrup,2.2438002,921,88327.859375,20956.037109375,0.0988553613424301,55,86,10,76,60,0,0,1,1,0,boko,majpara
11-18-321-02124-303130,Assam,Kamrup,1.4742999,674,,,,24,48,8,40,63,0,0,0,0,0,boko,narenga
11-18-321-02124-303131,Assam,Kamrup,1.5926,731,89422.765625,20787.890625,0.0805194824934005,16,35,0,35,55,0,0,1,0,0,boko,niz bekeli
11-18-321-02124-303132,Assam,Kamrup,0.83879995,400,62559.703125,14022.001953125,0.512315273284912,8,59,0,59,48,0,0,1,0,1,boko,kamar gaon
11-18-321-02124-303133,Assam,Kamrup,0.7907,381,72925.5703125,14879.021484375,0.55667507648468,47,55,3,34,42,0,0,1,0,0,boko,dakhalai
11-18-321-02124-303134,Assam,Kamrup,1.2221,642,69423.8984375,13905.2294921875,0.494845360517502,17,23,0,16,40,0,0,1,0,0,boko,khatla
11-18-321-02124-303135,Assam,Kamrup,3.756,849,76257.875,15684.857421875,0.335227280855179,54,86,9,77,48,0,0,1,0,1,boko,simila
11-18-321-02124-303136,Assam,Kamrup,2.0116,147,51779.484375,10806.1533203125,0.721739113330841,4,8,0,8,68,0,0,1,0,0,boko,upper lumpi
11-18-321-02124-303137,Assam,Kamrup,2.0049,46,65089.43359375,14737.23046875,0.490566045045853,1,5,0,5,68,0,0,0,0,1,boko,omiup
11-18-321-02124-303138,Assam,Kamrup,2.6741,90,51539.6328125,15158.7158203125,0.196078434586525,3,10,0,10,80,0,0,0,0,0,boko,moutapi moulan
11-18-321-02124-303139,Assam,Kamrup,1.3377,390,57102.1328125,12420.5205078125,0.52259886264801,29,44,2,39,100,0,0,1,0,0,boko,mokebari
11-18-321-02124-303140,Assam,Kamrup,2.718,662,45445.1640625,9556.2255859375,0.710280358791351,23,42,3,39,68,0,0,0,0,0,boko,lower lumpi
11-18-321-02124-303141,Assam,Kamrup,2.677,98,41893.1171875,12966.91796875,0.61904764175415,2,3,0,3,70,0,0,0,0,1,boko,umtap
11-18-321-02124-303142,Assam,Kamrup,4.0173,788,46033.453125,9112.8818359375,0.714701592922211,44,89,30,54,92,0,0,1,0,0,boko,harsa nagar
11-18-321-02124-303143,Assam,Kamrup,1.3336,77,47212.23828125,10853.3876953125,0.471264362335205,8,11,0,9,95,0,0,0,0,0,boko,nangapam
11-18-321-02124-303144,Assam,Kamrup,2.6757002,118,45738.40234375,8352.23046875,0.791304349899292,10,12,2,10,58,0,0,1,0,0,boko,somerang khanasumari
11-18-321-02124-303145,Assam,Kamrup,2.478,73,46242.21875,10509.5947265625,0.511363625526428,15,23,0,23,65,0,0,0,0,0,boko,khatapara
11-18-321-02124-303146,Assam,Kamrup,3.3314002,201,80826.5390625,17570.98828125,0.124223604798317,4,11,0,11,83,0,0,1,0,1,boko,bangjeng
11-18-321-02124-303147,Assam,Kamrup,2.6748002,141,60782.87890625,12991.759765625,0.587786257266998,5,12,0,12,68,0,0,0,0,0,boko,panbari
11-18-321-02124-303148,Assam,Kamrup,2.6757002,196,53379.81640625,9042.482421875,0.825136601924896,8,19,4,13,54,0,0,1,0,0,boko,drounpara
11-18-321-02124-303149,Assam,Kamrup,2.6760998,101,45484.7578125,8122.2783203125,0.821428596973419,3,5,0,5,51,0,0,1,0,0,boko,longtari pahar
11-18-321-02124-303150,Assam,Kamrup,2.6757998,654,67056.0078125,12524.8291015625,0.577586233615875,23,53,0,41,50,0,0,1,0,0,boko,kampa doni kampadali
11-18-321-02124-303151,Assam,Kamrup,1.344,104,65751.109375,16016.296875,0.333333343267441,12,16,0,16,54,0,0,1,0,1,boko,talimara pathar
11-18-321-02124-303152,Assam,Kamrup,1.0026001,331,105849.9609375,18695.578125,0.0545454546809196,6,10,1,9,45,0,0,0,0,0,boko,upar tarabari
11-18-321-02124-303154,Assam,Kamrup,1.2037001,227,113411.5546875,17407.353515625,0.158139541745186,3,7,0,7,45,0,0,0,0,0,boko,thangkhula
11-18-321-02124-303155,Assam,Kamrup,0.9364,116,60005.6328125,9828.5087890625,0.793103456497192,11,17,1,16,35,0,0,0,0,0,boko,dhweni
11-18-321-02124-303156,Assam,Kamrup,0.9366,258,56619.60546875,9505.4814453125,0.773722648620606,21,26,3,22,46,0,0,0,0,0,boko,srigindi
11-18-321-02124-303157,Assam,Kamrup,0.41619998,57,56026.05859375,10271.443359375,0.850000023841858,8,8,0,8,45,0,0,0,0,0,boko,double para
11-18-321-02124-303158,Assam,Kamrup,3.076,153,42938.09765625,10734.525390625,0.801282048225403,,,,,101,0,0,1,0,0,boko,rani
11-18-321-02124-303159,Assam,Kamrup,1.3402001,54,64228.65625,14418.677734375,0.122448980808258,,,,,68,0,0,0,0,0,boko,umchiang
11-18-321-02124-303160,Assam,Kamrup,0.34759998,52,51847.65234375,12734.51171875,0.614035069942474,,,,,108,0,0,0,0,0,boko,umarchit
11-18-321-02124-303161,Assam,Kamrup,0.8025,154,43223.87109375,9863.1650390625,0.778523504734039,7,13,0,12,75,0,0,1,0,0,boko,umali
11-18-321-02124-303162,Assam,Kamrup,2.6757002,320,56795.9453125,10308.1611328125,0.683274030685425,10,12,0,12,88,0,0,1,0,0,boko,nowapara
11-18-321-02125-303163,Assam,Kamrup,3.7779999,941,62843.1640625,11609.1044921875,0.547596633434296,13,26,0,26,,0,0,1,0,0,palasbari,kalapani no-1
11-18-321-02125-303164,Assam,Kamrup,1.3514,1291,99579.90625,20703.732421875,0.0638945251703262,7,14,0,14,36,0,0,1,0,0,palasbari,pagladia n c pagaladia n c
11-18-321-02125-303165,Assam,Kamrup,4.5816,69,69852.09375,13097.267578125,0.53125,,,,,,0,0,0,0,0,palasbari,siyalmara n c
11-18-321-02125-303166,Assam,Kamrup,1.8826,4166,87975.8125,15237.498046875,0.348883360624313,21,27,1,24,30,0,0,1,0,0,palasbari,bardia n c
11-18-321-02125-303167,Assam,Kamrup,1.3324001,706,56825.89453125,10872.015625,0.702169597148895,15,21,0,21,16,0,0,0,0,0,palasbari,bardia gaon
11-18-321-02125-303168,Assam,Kamrup,1.8125733,7,49606.59375,7086.65625,1,,,,,,0,0,0,0,0,palasbari,futuri no-2
11-18-321-02125-303169,Assam,Kamrup,1.2543,72,36520.66015625,18260.330078125,0,,,,,15,0,0,0,0,0,palasbari,futuri no-1
11-18-321-02125-303174,Assam,Kamrup,1.2179,2975,75955.3203125,13943.9970703125,0.506408035755158,53,78,5,71,30,0,0,1,0,0,palasbari,bhatkhowadia n c
11-18-321-02125-303175,Assam,Kamrup,0.8097,144,70427.0546875,11951.2578125,0.600000023841858,8,8,0,8,30,0,0,0,0,0,palasbari,kalapani no-2
11-18-321-02125-303177,Assam,Kamrup,2.31,23,46268.9921875,10269.728515625,0.706443905830383,6,6,0,6,,0,0,0,0,1,palasbari,sengaratari
11-18-321-02125-303178,Assam,Kamrup,1.8130001,342,51933.03125,10991.9609375,0.662576675415039,4,8,0,8,,0,0,0,0,0,palasbari,charaimari
11-18-321-02125-303179,Assam,Kamrup,2.0765,227,56562.83203125,11181.0244140625,0.662790715694428,6,13,0,13,,0,0,0,0,0,palasbari,kajalartari
11-18-321-02125-303180,Assam,Kamrup,2.94,84,58688.85546875,10356.857421875,0.742647051811218,,,,,40,0,0,0,0,0,palasbari,dariartari
11-18-321-02125-303181,Assam,Kamrup,1.5455999,43,62894.61328125,9783.6064453125,0.777777791023254,,,,,,0,0,0,0,1,palasbari,kalardia
11-18-321-02125-303183,Assam,Kamrup,2.37,5,66480.4765625,66480.4765625,0,8,14,12,0,25,0,0,0,0,1,palasbari,keotpara boutpara
11-18-321-02125-303184,Assam,Kamrup,2.2577,322,55385.33203125,12410.759765625,0.551839470863342,7,10,0,10,20,0,0,0,0,0,palasbari,bartari
11-18-321-02125-303185,Assam,Kamrup,1.1406,406,54734.94140625,11061.9169921875,0.643044590950012,25,39,9,30,15,0,0,0,0,1,palasbari,futuri no-3
11-18-321-02125-303186,Assam,Kamrup,2.8119001,3159,76685.359375,15618.5859375,0.357924461364746,123,205,11,193,15,0,0,1,0,1,palasbari,dhalipar
11-18-321-02125-303187,Assam,Kamrup,1.5511,588,88062.4609375,16209.7265625,0.263716816902161,29,67,29,37,13,0,0,1,0,0,palasbari,roumari
11-18-321-02125-303188,Assam,Kamrup,2.7835999,2385,78720.640625,17160.67578125,0.226051926612854,51,146,20,126,25,0,0,1,0,0,palasbari,bejartari
11-18-321-02125-303189,Assam,Kamrup,0.5406,302,69080.671875,22608.21875,0.0969696938991546,2,4,0,4,16,0,0,0,0,0,palasbari,bangshor
11-18-321-02125-303192,Assam,Kamrup,2.2625,31,67288.703125,12486.564453125,0.463917523622513,,,,,24,0,0,0,0,1,palasbari,bherbheri
11-18-321-02125-303193,Assam,Kamrup,2.255,138,57216.46484375,7972.78564453125,0.918032765388489,1,2,0,2,,0,0,0,0,0,palasbari,mallartari
11-18-321-02125-303194,Assam,Kamrup,4.4509,561,66183.40625,13702.5693359375,0.418219447135925,9,15,3,12,35,0,0,0,0,0,palasbari,kandulimari
11-18-321-02125-303195,Assam,Kamrup,1.6891,88,53524.19921875,32114.51953125,0,5,6,3,3,19,0,0,0,0,0,palasbari,biturtari
11-18-321-02125-303196,Assam,Kamrup,2.8869,18,48878.8984375,48878.8984375,0,1,1,0,1,20,0,0,0,0,0,palasbari,baniapara
11-18-321-02125-303197,Assam,Kamrup,3.6146,1764,59506.75,12106.939453125,0.536148428916931,92,199,13,181,20,0,0,1,0,0,palasbari,panikhaiti
11-18-321-02125-303198,Assam,Kamrup,2.595,402,65629.2890625,11653.798828125,0.504672884941101,5,9,0,9,14,0,0,1,0,1,palasbari,jarabari gaon
11-18-321-02125-303200,Assam,Kamrup,1.7372,902,83143.4296875,18536.5390625,0.221642762422562,8,18,0,18,,0,0,0,0,0,palasbari,sapartari
11-18-321-02125-303201,Assam,Kamrup,5.5038,7084,81513.21875,16936.392578125,0.308757811784744,494,719,38,468,13,1,1,1,1,1,palasbari,amtola
11-18-321-02125-303202,Assam,Kamrup,2.7012,1287,79895.828125,17031.29296875,0.254320979118347,72,182,10,172,13,0,0,1,0,0,palasbari,jiakur no-1
11-18-321-02125-303203,Assam,Kamrup,4.3633,3680,75030.0625,15708.21484375,0.398701637983322,241,515,58,377,11,0,0,1,1,1,palasbari,jiakur no-2
11-18-321-02125-303204,Assam,Kamrup,1.7677001,207,74246.59375,13749.369140625,0.444444447755814,6,9,0,9,13,0,0,1,0,0,palasbari,jalnamdani
11-18-321-02125-303205,Assam,Kamrup,4.4481,402,74727.9296875,16790.720703125,0.182716056704521,33,43,17,25,7,0,0,1,1,0,palasbari,rampur no-1
11-18-321-02125-303206,Assam,Kamrup,1.8436999,3171,87759.2109375,17182.1015625,0.227695167064667,134,197,19,174,15,0,0,1,0,0,palasbari,sulikata sulikata pathar
11-18-321-02125-303207,Assam,Kamrup,1.5217,826,76178.8125,18161.185546875,0.182989686727524,16,31,1,29,8,0,0,1,0,1,palasbari,guimara
11-18-321-02125-303208,Assam,Kamrup,3.0310998,394,107607.0859375,22508.072265625,0.0286532957106828,27,38,4,33,15,0,0,0,0,1,palasbari,sapathuri
11-18-321-02125-303209,Assam,Kamrup,1.84,390,53786.34375,11123.353515625,0.667539238929749,7,9,0,9,36,0,0,0,0,0,palasbari,simina no-2
11-18-321-02125-303210,Assam,Kamrup,0.96699995,40,40701.3671875,30902.888671875,0,,,,,36,0,0,0,0,0,palasbari,simina no-1
11-18-321-02125-303211,Assam,Kamrup,1.1315,79,54232.625,32161.208984375,0,,,,,,0,0,0,0,0,palasbari,barbhui
11-18-321-02125-303212,Assam,Kamrup,0.5547,35,57409.42578125,32805.38671875,0,,,,,,0,0,0,0,0,palasbari,joypur
11-18-321-02125-303213,Assam,Kamrup,1.7045,63,43373.59375,29122.26953125,0,5,5,0,5,,0,0,0,0,0,palasbari,singimari
11-18-321-02125-303214,Assam,Kamrup,1.71,706,90805.6796875,18548.72265625,0.195121943950653,69,90,4,86,,0,0,1,0,1,palasbari,karipara
11-18-321-02125-303215,Assam,Kamrup,5.43,702,85061.1640625,19660.36328125,0.0959119498729705,40,52,7,44,,0,0,1,0,0,palasbari,bholapara
11-18-321-02125-303216,Assam,Kamrup,3.0944,4049,85933.8984375,18136.162109375,0.235818684101105,188,283,20,262,3,0,0,1,0,0,palasbari,dakhala
11-18-321-02125-303217,Assam,Kamrup,3.1936998,3598,102542.3984375,24599.978515625,0.100372903048992,103,163,6,157,4,0,0,1,0,0,palasbari,barhanti rangamati
11-18-321-02125-303218,Assam,Kamrup,1.2486,2165,100319.828125,21301.771484375,0.130559533834457,152,256,120,131,4,0,0,1,0,0,palasbari,rajapukhuri
11-18-321-02125-303219,Assam,Kamrup,3.5414002,7554,88196.21875,20154.05078125,0.246805652976036,849,1426,110,1235,6,1,1,1,0,1,palasbari,rampur no-2
11-18-321-02125-303220,Assam,Kamrup,3.754,3327,107594.578125,22759.162109375,0.145276293158531,172,292,3,289,6,0,0,1,1,1,palasbari,rampur no-3
11-18-321-02125-303221,Assam,Kamrup,5.7222,3910,87811.078125,19009.724609375,0.221826508641243,255,322,14,306,8,0,0,1,0,0,palasbari,tezpur
11-18-321-02125-303222,Assam,Kamrup,3.7692,4597,88758.6015625,18293.00390625,0.199198752641678,304,405,52,324,10,0,0,1,0,0,palasbari,satpakhali
11-18-321-02125-303223,Assam,Kamrup,2.5203,2426,84048.171875,17773.884765625,0.226455479860306,121,166,8,158,18,0,0,1,1,0,palasbari,haropara
11-18-321-02125-303224,Assam,Kamrup,3.6166,1612,94076.46875,18815.294921875,0.182334378361702,47,116,3,113,12,0,0,1,0,0,palasbari,dahajatia
11-18-321-02125-303225,Assam,Kamrup,7.3338,430,65822.140625,12627.748046875,0.529976010322571,19,32,0,15,20,0,0,0,0,0,palasbari,marabhitha
11-18-321-02125-303226,Assam,Kamrup,2.7510002,7,97232.2265625,13890.318359375,0,1,2,0,2,20,0,0,0,0,0,palasbari,batakuchi
11-18-321-02125-303227,Assam,Kamrup,2.5356,777,74025.1484375,14983.642578125,0.349865943193436,36,51,1,47,,0,0,1,0,0,palasbari,ghoramara
11-18-321-02125-303228,Assam,Kamrup,2.8866,259,71994.1015625,13407.80859375,0.477732807397842,12,14,0,14,,0,0,0,0,0,palasbari,dighalkuchi
11-18-321-02125-303229,Assam,Kamrup,1.6446,843,79927.6796875,17184.451171875,0.280000001192093,31,43,6,35,30,0,0,1,0,0,palasbari,titua gaon
11-18-321-02125-303230,Assam,Kamrup,1.4014,944,70591.6328125,19902.48828125,0.342143893241882,26,48,7,41,20,0,0,0,0,1,palasbari,biro gaon
11-18-321-02125-303231,Assam,Kamrup,3.9343,2933,74573.890625,16312.1884765625,0.284724742174149,103,177,15,162,,0,0,1,1,0,palasbari,jaji gaon
11-18-321-02125-303232,Assam,Kamrup,1.4097,553,70382.359375,14929.591796875,0.412878781557083,10,10,3,7,,0,0,1,0,0,palasbari,dhani para
11-18-321-02125-303233,Assam,Kamrup,0.8973,386,73505.2578125,13901.25390625,0.406735748052597,4,4,1,3,20,0,0,0,0,0,palasbari,pathelipara
11-18-321-02125-303234,Assam,Kamrup,0.4114,530,73505.265625,15802.908203125,0.24063116312027,4,4,0,4,,0,0,1,0,0,palasbari,dhengargaon
11-18-321-02125-303235,Assam,Kamrup,1.641,656,78209.265625,17575.115234375,0.136436596512795,9,24,0,24,30,0,0,0,0,0,palasbari,choutala
11-18-321-02125-303236,Assam,Kamrup,2.3960001,940,86851.8125,16132.3017578125,0.282937377691269,21,48,4,41,30,0,0,0,0,0,palasbari,satpur
11-18-321-02125-303237,Assam,Kamrup,0.5349,482,99937.1953125,20326.208984375,0.148305088281631,49,122,9,106,20,0,0,0,0,0,palasbari,madanpur
11-18-321-02125-303238,Assam,Kamrup,0.8936,551,67290.0703125,14837.6552734375,0.330754339694977,8,12,0,12,30,0,0,0,0,0,palasbari,mahmarang
11-18-321-02125-303239,Assam,Kamrup,0.90970004,293,88663.0859375,18864.486328125,0.13475176692009,,,,,30,0,0,0,0,0,palasbari,nagaon
11-18-321-02125-303240,Assam,Kamrup,1.2494999,505,80509.7734375,16806.21484375,0.155069589614868,18,36,4,32,30,0,0,0,0,0,palasbari,darchala
11-18-321-02125-303241,Assam,Kamrup,1.5567999,604,75390.3828125,15390.69921875,0.352472096681595,77,116,20,96,30,0,0,0,0,0,palasbari,sasalpara no-1
11-18-321-02125-303242,Assam,Kamrup,0.56340003,501,58966.76953125,12652.318359375,0.478346467018127,8,15,2,13,20,0,0,0,0,0,palasbari,sasal para no-2
11-18-321-02125-303243,Assam,Kamrup,5.8009005,3258,63655.65625,14101.3154296875,0.456855982542038,37,56,2,54,,0,0,1,1,1,palasbari,barduar tea garden no-1
11-18-321-02125-303244,Assam,Kamrup,10.2771,4794,76168.4765625,16432.326171875,0.239042118191719,288,523,74,437,,0,0,1,1,0,palasbari,barduar tea garden no-2
11-18-321-02125-303245,Assam,Kamrup,7.6415997,2796,64453.3671875,13840.5634765625,0.424264967441559,115,181,10,141,,0,0,1,0,0,palasbari,barduar tea garden no-3
11-18-321-02125-303246,Assam,Kamrup,0.77849996,469,62155.1015625,13403.42578125,0.477801263332367,16,24,4,20,,0,0,0,0,1,palasbari,japangbari
11-18-321-02125-303247,Assam,Kamrup,0.9517,538,51042.57421875,11245.01171875,0.69157087802887,17,29,7,22,,0,0,0,0,0,palasbari,khonapara
11-18-321-02125-303248,Assam,Kamrup,0.4337,715,60239.96875,11815.021484375,0.530386745929718,8,14,1,13,25,0,0,0,0,0,palasbari,puijala
11-18-321-02125-303249,Assam,Kamrup,0.1487,177,65440.67578125,14209.9755859375,0.222857147455215,3,10,0,10,,0,0,0,0,0,palasbari,bangeli bila n c
11-18-321-02125-303250,Assam,Kamrup,1.0591,323,67634.5859375,11815.6796875,0.629518091678619,6,7,3,4,,0,0,0,0,0,palasbari,baregaon no-2
11-18-321-02125-303251,Assam,Kamrup,0.6185,348,59718.26953125,12902.095703125,0.5,19,39,7,32,,0,0,0,0,0,palasbari,rani khamar
11-18-321-02125-303252,Assam,Kamrup,0.9983,613,67710.78125,12908.46875,0.512998282909393,31,62,7,53,,0,0,0,0,0,palasbari,baregaon no-1
11-18-321-02125-303253,Assam,Kamrup,1.0455,1547,65688.40625,13777.6767578125,0.462110966444016,47,83,6,77,,0,0,1,0,0,palasbari,raja para
11-18-321-02125-303254,Assam,Kamrup,1.2667,99,105478.0859375,26867.060546875,0.0566037744283676,5,13,0,13,7,0,0,0,0,1,palasbari,dole gaon
11-18-321-02125-303255,Assam,Kamrup,1.0577999,775,77492.984375,17265.802734375,0.170380085706711,13,31,1,30,10,0,0,1,1,0,palasbari,losana
11-18-321-02125-303256,Assam,Kamrup,1.0295,312,84983.6328125,16473.75,0.292307704687119,7,9,0,9,10,0,0,1,0,0,palasbari,sathikarpa
11-18-321-02125-303257,Assam,Kamrup,0.6677,536,97020.484375,20750.046875,0.138728320598602,24,118,74,44,10,0,0,1,1,0,palasbari,salesala
11-18-321-02125-303258,Assam,Kamrup,1.5228,2363,89892.203125,19543.564453125,0.221057429909706,103,166,30,135,8,0,0,1,0,1,palasbari,kaita sidhi poitasidhi
11-18-321-02125-303259,Assam,Kamrup,3.2957,3273,127742.4453125,26468.80078125,0.036637932062149,118,204,0,193,10,0,0,1,1,0,palasbari,bongara
11-18-321-02125-303260,Assam,Kamrup,10.077801,4534,89873.78125,19653.0390625,0.161011308431625,198,270,20,241,4,0,0,1,0,0,palasbari,maliata
11-18-321-02125-303261,Assam,Kamrup,2.4004,2654,108127.1328125,22277.849609375,0.156364977359772,246,1251,641,605,3,1,0,1,0,1,palasbari,chayani moniari
11-18-321-02125-303262,Assam,Kamrup,1.2673,1161,99426.25,19137.958984375,0.214482128620148,86,185,21,164,8,0,0,1,0,0,palasbari,magur para
11-18-321-02125-303263,Assam,Kamrup,1.9774001,1960,100392.5703125,20844,0.176713034510613,176,276,41,230,8,0,0,1,0,1,palasbari,chayani rangamati
11-18-321-02125-303264,Assam,Kamrup,1.7628,1510,108870.265625,24193.392578125,0.111111111938953,17,32,5,27,1.5,0,0,1,1,0,palasbari,hudumpur
11-18-321-02125-303266,Assam,Kamrup,1.55,1309,91900.03125,20358.05859375,0.179890021681786,30,40,0,40,,0,0,1,0,0,palasbari,barkukuria
11-18-321-02125-303267,Assam,Kamrup,2.8173,3560,109644.0625,23943.82421875,0.16619399189949,336,1848,1136,692,1,0,0,1,1,1,palasbari,kokjar kokrajhar
11-18-321-02125-303268,Assam,Kamrup,1.0762,1245,60966.69140625,12144.5654296875,0.463200002908707,145,1105,932,173,8,0,0,1,0,1,palasbari,dhantula rangamati
11-18-321-02125-303269,Assam,Kamrup,3.054,2587,88056.8984375,19937.412109375,0.186924085021019,233,394,71,322,,0,0,1,0,0,palasbari,baranti maniari
11-18-321-02125-303270,Assam,Kamrup,2.8635,1278,113947.015625,24153.15234375,0.113193944096565,48,89,8,81,10,0,0,1,0,1,palasbari,parakuchi
11-18-321-02125-303271,Assam,Kamrup,3.4552,2342,121515.171875,25430.978515625,0.0971207544207573,66,161,25,130,,0,0,1,1,1,palasbari,urput
11-18-321-02125-303272,Assam,Kamrup,2.1972,3977,108283.484375,23842.740234375,0.0818713456392288,294,543,105,425,10,0,0,1,0,0,palasbari,amranga
11-18-321-02125-303273,Assam,Kamrup,3.7607,1542,96344.6875,21374.693359375,0.109940752387047,15,30,0,30,10,0,0,1,1,0,palasbari,majkuchi
11-18-321-02125-303274,Assam,Kamrup,2.6313,2423,103882.4453125,22720.06640625,0.109571240842342,82,233,19,191,6,0,0,1,1,1,palasbari,santola
11-18-321-02125-303275,Assam,Kamrup,1.0433999,791,88138.65625,18109.11328125,0.156046807765961,15,27,0,27,1.5,0,0,1,0,1,palasbari,sadilapur
11-18-321-02125-303276,Assam,Kamrup,1.1844001,435,87114.703125,17620.9296875,0.177272722125053,12,19,2,17,8,0,0,0,0,0,palasbari,kamargaon
11-18-321-02125-303277,Assam,Kamrup,0.7553,406,70304.3125,14730.4267578125,0.309523820877075,32,71,7,64,,0,0,0,0,0,palasbari,muhudi
11-18-321-02125-303278,Assam,Kamrup,0.1584,251,68205.984375,13127.51171875,0.539748966693878,11,31,4,27,27,0,0,0,0,0,palasbari,betlanchi
11-18-321-02125-303279,Assam,Kamrup,0.1205,141,61843.375,12621.0966796875,0.476190477609634,6,17,0,17,27,0,0,0,0,1,palasbari,betlanchi n c
11-18-321-02125-303280,Assam,Kamrup,0.1262,83,62737.03515625,13285.490234375,0.470588237047195,4,7,2,4,25,0,0,0,0,0,palasbari,batabari pathar n c
11-18-321-02125-303281,Assam,Kamrup,0.1322,80,94811.3359375,16161.0224609375,0.272727280855179,5,10,2,8,25,0,0,0,0,0,palasbari,batabari pathar
11-18-321-02125-303282,Assam,Kamrup,0.11614189,354,87092.796875,18322.80078125,0.262295067310333,19,38,6,24,26,0,0,0,0,0,palasbari,batabari n c
11-18-321-02125-303283,Assam,Kamrup,0.5413,316,77461.4609375,16098.91796875,0.171686753630638,12,28,4,22,,0,0,0,0,0,palasbari,batabari gaon
11-18-321-02125-303284,Assam,Kamrup,0.3465,123,69954.140625,14908.259765625,0.204918026924133,3,4,0,4,26,0,0,0,0,0,palasbari,jimirigaon n c
11-18-321-02125-303285,Assam,Kamrup,0.77889997,249,77717.140625,17419.357421875,0.181034475564957,10,22,4,16,29,0,0,0,0,0,palasbari,jimirigaon
11-18-321-02125-303286,Assam,Kamrup,0.406,136,78106.28125,13989.18359375,0.365671634674072,3,4,1,3,28,0,0,0,0,0,palasbari,bhalakhowa
11-18-321-02125-303287,Assam,Kamrup,0.65495044,191,69893.7890625,16403.64453125,0.270408153533936,5,7,0,7,29,0,0,0,0,0,palasbari,bhalakhowa n c
11-18-321-02125-303288,Assam,Kamrup,0.6365,209,78932.71875,15931.3740234375,0.192660555243492,8,21,1,20,29,0,0,0,0,0,palasbari,katal para
11-18-321-02125-303289,Assam,Kamrup,0.22219999,219,89756.0078125,16386.990234375,0.273858934640884,9,22,2,20,40,0,0,0,0,0,palasbari,katal para n c
11-18-321-02125-303290,Assam,Kamrup,1.3149,355,73063.1796875,14527.181640625,0.35672515630722,6,8,0,8,26,0,0,0,0,1,palasbari,pat gaon bandha para
11-18-321-02125-303291,Assam,Kamrup,0.1692,500,63088.140625,12028.9755859375,0.525354981422424,13,17,1,14,26,0,0,0,0,1,palasbari,pat gaon bandha para n c
11-18-321-02125-303292,Assam,Kamrup,0.55113804,77,50005.046875,10001.009765625,0.733333349227905,3,3,0,3,40,0,0,0,0,0,palasbari,salmer n c
11-18-321-02125-303293,Assam,Kamrup,0.8128,253,57865.37109375,10947.501953125,0.567567586898804,7,9,0,7,15,0,0,0,0,0,palasbari,salmer
11-18-321-02125-303294,Assam,Kamrup,1.8347,710,66613.90625,13812.5888671875,0.448529422283173,17,25,4,18,26,0,0,0,0,0,palasbari,umchur
11-18-321-02125-303295,Assam,Kamrup,0.2218,571,81561.578125,18295.490234375,0.205479457974434,19,36,0,34,25,0,0,0,0,0,palasbari,umchur n c
11-18-321-02125-303296,Assam,Kamrup,2.8964999,664,73910.6484375,18052.888671875,0.238505750894547,16,33,2,31,16,0,0,1,1,0,palasbari,patgaon
11-18-321-02125-303297,Assam,Kamrup,4.374,1860,84904.7265625,18031.681640625,0.123230203986168,19,36,0,36,,0,0,1,1,0,palasbari,mairapur grant
11-18-321-02125-303298,Assam,Kamrup,4.374,1781,99867.9140625,20311.1953125,0.104689203202724,87,184,1,183,16,0,0,1,1,0,palasbari,mairapur
11-18-321-02125-303299,Assam,Kamrup,1.6728,111,73503.9921875,15611.466796875,0.176991149783134,,,,,14,0,0,0,0,0,palasbari,majpara
11-18-321-02125-303300,Assam,Kamrup,1.9201,324,59931.4375,14112.88671875,0.374193549156189,43,74,12,41,15,0,0,1,0,0,palasbari,pazi bindha
11-18-321-02125-303301,Assam,Kamrup,5.0393,502,72364.625,16199.0537109375,0.238532111048698,18,58,0,58,15,0,0,0,0,0,palasbari,khope gaon
11-18-321-02125-303302,Assam,Kamrup,0.7025,85,71796.0390625,15168.177734375,0.352112680673599,4,9,3,6,13,0,0,0,0,0,palasbari,thengapara
11-18-321-02125-303303,Assam,Kamrup,0.9942,176,70838.5859375,16169.677734375,0.22826087474823,8,11,2,8,12,0,0,0,0,0,palasbari,tangan para
11-18-321-02125-303304,Assam,Kamrup,0.5685,343,73804.65625,16024.8642578125,0.314984709024429,12,16,1,14,14,0,0,0,1,0,palasbari,challi
11-18-321-02125-303305,Assam,Kamrup,0.8094,380,60381.921875,14226.107421875,0.369109958410263,19,27,3,17,15,0,0,0,0,1,palasbari,garo para
11-18-321-02125-303306,Assam,Kamrup,1.7256,707,88580.8515625,15946.7373046875,0.27990135550499,23,41,6,35,15,0,0,0,1,1,palasbari,kumar bori
11-18-321-02125-303307,Assam,Kamrup,0.9922,357,66587.09375,14858.2763671875,0.36088153719902,11,14,0,14,14,0,0,1,0,0,palasbari,beri gaon
11-18-321-02125-303308,Assam,Kamrup,0.98,150,63845.75,16350.7412109375,0.347560971975327,2,3,0,3,13,0,0,1,0,0,palasbari,balahpur
11-18-321-02125-303309,Assam,Kamrup,2.0012,1281,77388.890625,17005.26953125,0.302235931158066,90,129,8,119,12,0,0,1,0,0,palasbari,bhalla
11-18-321-02125-303310,Assam,Kamrup,1.7902,1092,100199.1015625,21445.490234375,0.186151072382927,70,105,15,88,10,0,0,1,1,1,palasbari,barpatima
11-18-321-02125-303311,Assam,Kamrup,1.1941,1556,78779.7890625,15993.7021484375,0.324416995048523,37,49,8,41,12,0,0,1,0,0,palasbari,bahuwa
11-18-321-02125-303312,Assam,Kamrup,3.1528,659,72106.4609375,14466.5,0.385579943656921,17,41,1,40,13,0,0,1,1,0,palasbari,patgaon barmokam
11-18-321-02125-303313,Assam,Kamrup,1.5048,778,98426.09375,20629.7109375,0.106060609221458,50,75,7,68,12,0,0,1,1,1,palasbari,kuruwa
11-18-321-02125-303314,Assam,Kamrup,1.1773,236,91171.21875,22691.50390625,0.071111112833023,13,25,7,18,10,0,0,1,0,1,palasbari,gatuwa
11-18-321-02125-303315,Assam,Kamrup,1.6298,179,83276.484375,20356.47265625,0.116666667163372,5,8,0,8,,0,0,0,0,1,palasbari,nalgaon
11-18-321-02125-303316,Assam,Kamrup,0.8114,452,104122.8203125,22295.615234375,0.0971302464604377,49,119,19,100,13,0,0,1,0,1,palasbari,sajan para
11-18-321-02125-303317,Assam,Kamrup,1.7577001,555,107974.2734375,21868.20703125,0.0976491868495941,22,109,60,49,14,0,0,1,1,0,palasbari,rajapanichanda
11-18-321-02125-303318,Assam,Kamrup,1.6582,1270,99515.0625,20362.3125,0.200769230723381,44,121,4,117,16,0,0,1,0,1,palasbari,andherijuli
11-18-321-02125-303319,Assam,Kamrup,0.2515,438,119155.5234375,26245.708984375,0.0264317188411951,34,70,0,70,,0,0,0,0,0,palasbari,batabari
11-18-321-02125-303320,Assam,Kamrup,1.3524001,107,76237.4296875,15655.9013671875,0.375,2,3,0,3,20,0,0,0,0,0,palasbari,sarania
11-18-321-02125-303321,Assam,Kamrup,2.2109,902,67956.390625,15132.2705078125,0.369765073060989,40,83,3,78,18,0,0,1,1,0,palasbari,tatibama
11-18-321-02125-303322,Assam,Kamrup,1.5669,873,77123.484375,17811.2265625,0.282138794660568,19,24,6,18,19,0,0,1,1,0,palasbari,kenduri gaon
11-18-321-02125-303324,Assam,Kamrup,1.2942,62,56480.5703125,11842.7001953125,0.451612889766693,3,4,0,4,21,0,0,0,0,0,palasbari,pat haledhiya
11-18-321-02125-303325,Assam,Kamrup,5.1725,1037,101421.1328125,21733.099609375,0.114285714924335,47,150,6,144,28,0,0,1,0,0,palasbari,nargaon
11-18-321-02125-303326,Assam,Kamrup,1.1369001,648,116617.671875,25739.9375,0.0465465448796749,13,32,2,30,28,0,0,0,0,0,palasbari,kachari allibari
11-18-321-02125-303327,Assam,Kamrup,3.086,2892,103974.328125,22527.1640625,0.129506468772888,332,624,74,518,,1,0,1,0,0,palasbari,sikarhati
11-18-321-02125-303328,Assam,Kamrup,1.5800999,1695,75256.7890625,17033.826171875,0.400895148515701,108,263,38,223,16,0,0,1,1,0,palasbari,bahu para bahupara
11-18-321-02125-303329,Assam,Kamrup,0.6036,31,40915.140625,11286.935546875,0.448275864124298,1,1,0,1,30,0,0,0,0,0,palasbari,hatimura
11-18-321-02125-303330,Assam,Kamrup,0.17729999,200,70098.1015625,12745.109375,0.471861481666565,8,15,2,11,,0,0,1,0,0,palasbari,dumopaham n c
11-18-321-02125-303331,Assam,Kamrup,0.28492853,33,53891.5390625,12680.361328125,0.617647051811218,,,,,35,0,0,0,0,0,palasbari,bhaluk khawa n c
11-18-321-02125-303333,Assam,Kamrup,0.1184,78,59524.77734375,11243.568359375,0.766666650772095,,,,,30,0,0,0,0,0,palasbari,nongtaria paham n c
11-18-321-02125-303334,Assam,Kamrup,0.11937415,129,60465.05859375,10842.0107421875,0.731034457683563,2,21,0,0,35,0,0,0,0,0,palasbari,kanthang paham n c
11-18-321-02125-303335,Assam,Kamrup,0.15905625,105,60674.73828125,10189.650390625,0.763358771800995,5,5,0,2,35,0,0,1,0,0,palasbari,jaluk paham n c
11-18-321-02125-303336,Assam,Kamrup,0.23309238,168,68221.6171875,11311.3564453125,0.575129508972168,,,,,,0,0,1,0,0,palasbari,amring
11-18-321-02125-303337,Assam,Kamrup,1.0547,498,83275.84375,19992.21484375,0.203971117734909,14,37,6,31,16,0,0,1,0,0,palasbari,rangapara
11-18-321-02125-303338,Assam,Kamrup,3.2810001,1260,79145.34375,16472.20703125,0.262852400541306,33,56,3,53,,0,0,1,0,0,palasbari,khena alli bari
11-18-321-02125-303339,Assam,Kamrup,2.0053,1554,81758.2421875,19508.701171875,0.125080183148384,33,77,0,77,13,0,0,1,0,0,palasbari,kallapara
11-18-321-02125-303340,Assam,Kamrup,0.21959999,209,63996.2265625,17193.015625,0.129353240132332,7,12,1,11,15,0,0,1,0,0,palasbari,kallapara n c
11-18-321-02125-303341,Assam,Kamrup,0.9955,277,91253.328125,19600.1875,0.0528169013559818,34,70,17,26,,0,0,1,0,0,palasbari,bagapani f v
11-18-321-02125-303342,Assam,Kamrup,0.90239996,1090,80598.96875,16526.603515625,0.154574126005173,94,142,34,81,,0,0,1,0,0,palasbari,nalbari f v
11-18-321-02125-303343,Assam,Kamrup,0.12749189,192,79137.6796875,17311.3671875,0.20833332836628,1,1,0,1,,0,0,1,0,0,palasbari,dimali f v
11-18-321-02125-303344,Assam,Kamrup,0.085986465,429,77018,16628.88671875,0.281818181276321,1,1,0,1,30,0,0,1,0,0,palasbari,salbari f v
11-18-321-02125-303345,Assam,Kamrup,0.78910005,1282,76889.609375,16771.4296875,0.21571771800518,24,42,3,38,,0,0,1,0,0,palasbari,manik pur f v
11-18-321-02125-303346,Assam,Kamrup,0.2655114,84,66418.2734375,13603.7431640625,0.37349396944046,1,1,0,1,,0,0,0,0,0,palasbari,kawasing f v
11-18-321-02125-303347,Assam,Kamrup,0.2219637,161,65073.01171875,15285.6064453125,0.275167793035507,3,4,0,4,18,0,0,0,0,0,palasbari,jara sal f v
11-18-321-02125-303348,Assam,Kamrup,2.002901,131,70749.5625,13298.7890625,0.421052634716034,4,8,0,2,,0,0,1,0,0,palasbari,garbhanga f v
11-18-321-02125-303349,Assam,Kamrup,1.04336,21,55003.87109375,8594.3544921875,0.90625,,,,,,0,0,0,0,0,palasbari,bhaluk f v
11-18-321-02125-303350,Assam,Kamrup,0.7270359,414,77697.75,16237.95703125,0.191011235117912,17,22,0,22,20,0,0,0,0,0,palasbari,joypur f v
11-18-321-02125-303351,Assam,Kamrup,0.59317327,649,91380.5546875,19158.216796875,0.117647059261799,,,,,,0,0,1,0,0,palasbari,dalong molong f v
11-18-321-02125-303352,Assam,Kamrup,1.8538034,625,77152.828125,16428.44140625,0.154574126005173,,,,,,0,0,1,0,0,palasbari,nagaon f v
11-18-321-02125-303353,Assam,Kamrup,1.9275434,170,80324.3515625,17681.4609375,0.194968551397324,,,,,,0,0,1,0,0,palasbari,galiya f v
11-18-321-02125-303354,Assam,Kamrup,1.5912828,120,68990.453125,15331.2109375,0.1349206417799,,,,,,0,0,1,0,0,palasbari,garubanda f v
11-18-321-02125-303355,Assam,Kamrup,0.72259194,151,73698.2265625,14739.64453125,0.28125,,,,,30,0,0,1,0,0,palasbari,bashimari f v
11-18-321-02125-303356,Assam,Kamrup,1.0301151,88,74427.34375,13460.263671875,0.489361703395844,,,,,,0,0,0,0,0,palasbari,dewanbil f v
11-18-321-02126-303364,Assam,Kamrup,3.1627,1789,96569.0859375,26615.943359375,0.0833995267748832,65,130,14,116,30,0,0,1,0,0,north guwahati part,athiabai
11-18-321-02126-303365,Assam,Kamrup,3.6725,1714,93505.9375,21239.751953125,0.193042293190956,41,139,53,86,30,0,0,1,0,0,north guwahati part,bonmaja
11-18-321-02126-303366,Assam,Kamrup,1.3915,567,109491.8046875,21507.318359375,0.214285716414452,20,47,0,41,30,0,0,1,0,0,north guwahati part,balaibill
11-18-321-02126-303367,Assam,Kamrup,1.9864999,994,88775.7265625,19252.568359375,0.135542169213295,56,156,3,110,32,0,0,1,0,0,north guwahati part,barchandra
11-18-321-02126-303368,Assam,Kamrup,1.6198,291,71708.421875,13414.83984375,0.459183663129807,19,54,0,48,25,0,0,1,0,0,north guwahati part,barchandra grant
11-18-321-02126-303369,Assam,Kamrup,0.8312,216,55050.75390625,9003.6279296875,0.850467264652252,10,20,0,16,25,0,0,1,0,0,north guwahati part,manik nagar
11-18-321-02126-303370,Assam,Kamrup,1.2043,221,45283.51953125,10020.18359375,0.723404228687286,10,22,1,21,26,0,0,1,0,0,north guwahati part,satgaon grant
11-18-321-02126-303371,Assam,Kamrup,1.7497001,1967,69192.546875,13582.50390625,0.503083229064941,70,110,12,95,26,0,0,1,0,0,north guwahati part,satgaon
11-18-321-02126-303372,Assam,Kamrup,2.8310997,499,105294.1796875,20167.232421875,0.1875,45,47,10,37,26,0,0,1,0,0,north guwahati part,bar nizara barnizara
11-18-321-02126-303373,Assam,Kamrup,2.8235002,830,83925.5234375,17998.734375,0.270833343267441,47,58,23,35,26,0,0,1,0,0,north guwahati part,uttar lenga
11-18-321-02126-303374,Assam,Kamrup,2.2710001,865,73445.7578125,16642.880859375,0.347290635108948,32,83,1,82,26,0,0,1,0,0,north guwahati part,dakhin lenga
11-18-321-02126-303375,Assam,Kamrup,1.5688001,680,67150.8515625,11559.615234375,0.651017189025879,10,29,0,29,25,0,0,1,0,0,north guwahati part,berbaka
11-18-321-02126-303376,Assam,Kamrup,3.0224,537,58466.5546875,10213.14453125,0.726582288742065,47,70,8,62,25,0,0,1,0,0,north guwahati part,sarubaka
11-18-321-02126-303377,Assam,Kamrup,8.7092,222,51368.37109375,11390.3779296875,0.713043451309204,24,39,0,39,25,0,0,1,0,0,north guwahati part,dhirgheswari dirgeswary
11-18-321-02126-303378,Assam,Kamrup,0.94,500,101459.703125,20652.86328125,0.21936759352684,83,134,17,117,25,0,0,1,0,0,north guwahati part,fulung
11-18-321-02126-303379,Assam,Kamrup,0.77980006,985,69059.4375,14684.6552734375,0.474423259496689,105,128,4,123,25,0,0,1,0,0,north guwahati part,bamuni gaon
11-18-321-02126-303380,Assam,Kamrup,4.0134,2450,89593.6328125,32862.52734375,0.132818534970284,107,872,642,219,25,0,0,1,0,0,north guwahati part,sila
11-18-321-02126-303381,Assam,Kamrup,1.31,2513,92826.6640625,25718.66015625,0.131239488720894,229,588,41,547,25,1,0,1,1,1,north guwahati part,dhopatari
11-18-321-02126-303382,Assam,Kamrup,2.6438,2275,83584.65625,21834.173828125,0.213628992438316,54,62,1,61,25,0,0,1,1,0,north guwahati part,silbharal
11-18-321-02126-303383,Assam,Kamrup,2.09,572,88162.2421875,22714.2890625,0.264192134141922,19,35,11,24,26,0,0,1,0,0,north guwahati part,malang
11-18-321-02126-303384,Assam,Kamrup,3.8493,1899,98160.578125,21708.083984375,0.128287702798843,119,652,342,283,25,0,0,1,0,0,north guwahati part,niz sundari ghopa niz sindurighopa
11-18-321-02126-303385,Assam,Kamrup,0.4697,859,99330.4140625,20978.76953125,0.180863469839096,129,1458,1009,448,25,0,0,1,0,0,north guwahati part,karaibari
11-18-321-02126-303386,Assam,Kamrup,5.964,496,63291.58984375,16447.001953125,0.285382837057114,44,122,30,70,25,0,0,1,1,0,north guwahati part,kali pahar
11-18-321-02126-303387,Assam,Kamrup,1.3175999,819,101653.2578125,23849.9765625,0.114449210464954,128,878,633,232,25,0,0,1,0,0,north guwahati part,silamahekhaity
11-18-321-02126-303388,Assam,Kamrup,1.02,286,80597.9609375,19966.865234375,0.229607254266739,86,180,28,145,25,0,0,1,0,0,north guwahati part,ghorajan
11-18-321-02126-303389,Assam,Kamrup,4.5401998,792,126665.484375,29653.470703125,0.0744186043739318,225,756,304,437,25,0,0,1,0,0,north guwahati part,gauripur
11-18-321-02126-303390,Assam,Kamrup,2.9735,2929,122329.8515625,26249.947265625,0.112499997019768,179,388,46,340,25,0,0,1,0,0,north guwahati part,rangmahal
11-18-321-02126-303391,Assam,Kamrup,3.3257,162,103227.484375,32258.58984375,0,27,40,0,40,25,0,0,1,0,0,north guwahati part,uttar fulung
11-18-321-02126-303393,Assam,Kamrup,6.9955997,2524,124218.40625,28102.830078125,0.101335428655148,51,91,9,82,25,0,0,1,0,1,north guwahati part,rudreswar
11-18-321-02126-303394,Assam,Kamrup,3.4833999,3568,118593.046875,26941.6953125,0.14076654613018,106,717,329,388,25,1,0,1,1,1,north guwahati part,abhaypur
11-18-321-02126-303395,Assam,Kamrup,4.8865,1384,49528.453125,10822.3134765625,0.712286174297333,86,605,227,378,25,0,0,1,0,0,north guwahati part,numalijalah part
11-18-321-02141-302316,Assam,Kamrup,2.6819,2187,75869.7890625,16509.984375,0.312043786048889,91,183,28,155,45,0,0,1,0,0,goreswar part,bhehbari
11-18-321-02141-302317,Assam,Kamrup,2.55,1849,72467.5703125,15732.0791015625,0.353503197431564,139,207,31,167,45,0,0,1,0,1,goreswar part,khepkuchi
11-18-321-02141-302318,Assam,Kamrup,1.46,1312,67340.1875,13680.2197265625,0.402155876159668,20,46,1,44,40,0,0,1,0,0,goreswar part,mahajan para
11-18-321-02141-302319,Assam,Kamrup,2.1263,1716,67097.140625,14061.3603515625,0.416856497526169,85,184,12,172,45,0,0,1,0,0,goreswar part,ganakjhar
11-18-321-02141-302320,Assam,Kamrup,1.4559,915,61986.1796875,13229.986328125,0.459371626377106,12,27,0,27,45,0,0,0,0,0,goreswar part,dhulara
11-18-321-02141-302321,Assam,Kamrup,0.71819997,2495,77713.8671875,15276.2509765625,0.318276882171631,195,413,46,367,40,0,0,1,0,0,goreswar part,bardangeri kuchi
11-18-321-02141-302322,Assam,Kamrup,1.6511999,914,59504.2421875,12579.755859375,0.569351255893707,34,59,8,51,30,0,0,1,0,0,goreswar part,pubpar lokra
11-18-321-02141-302323,Assam,Kamrup,2.3675,933,64266.48828125,13589.3896484375,0.462555080652237,29,72,1,71,30,0,0,1,0,0,goreswar part,gorka
11-18-321-02141-302324,Assam,Kamrup,2.1750998,1458,62539.16015625,13385.7265625,0.405837386846542,46,75,3,72,31,0,0,1,0,0,goreswar part,jaikuchi
11-18-321-02141-302325,Assam,Kamrup,3.68,2483,80527.4453125,16710.814453125,0.234706118702889,83,124,14,110,30,0,0,1,0,0,goreswar part,pubpar jatia bhangra
11-18-321-02141-302326,Assam,Kamrup,5.765,3086,90011.28125,19257.69921875,0.150836229324341,45,197,119,78,42,0,0,1,0,0,goreswar part,jatia bhangra
11-18-321-02141-302327,Assam,Kamrup,1.5237,880,81160.3515625,18015.615234375,0.227524966001511,10,90,0,90,42,0,0,1,0,0,goreswar part,na satra
11-18-321-02141-302328,Assam,Kamrup,0.65120006,1218,75616.875,15206.8642578125,0.421135634183884,80,138,9,127,30,0,0,1,0,0,goreswar part,sutar gaon
11-18-321-02141-302329,Assam,Kamrup,1.7458999,605,65945.2734375,14335.9287109375,0.353623181581497,31,52,0,52,45,0,0,1,0,0,goreswar part,dhulura lira dhuliara
11-18-321-02141-302330,Assam,Kamrup,1.7703,769,60846.609375,12538.0888671875,0.613333344459534,26,30,4,26,42,0,0,1,0,0,goreswar part,mahipal kuchi
11-18-321-02141-302331,Assam,Kamrup,0.39490002,202,57363.203125,11247.6865234375,0.509803950786591,37,59,6,48,35,0,0,1,0,0,goreswar part,barigaon
11-18-321-02141-302332,Assam,Kamrup,1.0712,1191,52325.8046875,11362.4150390625,0.64022433757782,173,281,71,187,30,0,0,1,0,0,goreswar part,sonari sal
11-18-321-02141-302333,Assam,Kamrup,0.6458,515,81343.015625,17587.6796875,0.222453221678734,41,71,16,55,31,0,0,1,0,0,goreswar part,balikuchi
11-18-321-02141-302334,Assam,Kamrup,2.327,2057,94847.046875,20225.41796875,0.183057442307472,253,454,60,391,30,1,0,1,0,1,goreswar part,loch
11-18-321-02141-302335,Assam,Kamrup,1.6371001,788,74138.296875,15464.4306640625,0.284662574529648,22,24,0,24,30,0,0,1,0,0,goreswar part,bangal gaon
11-18-321-02141-302336,Assam,Kamrup,3.6732001,2058,85947.921875,19135.57421875,0.160849049687386,51,101,6,95,27,1,0,1,0,1,goreswar part,muktapur
11-18-321-02141-302337,Assam,Kamrup,2.593,971,78326.0390625,16884.654296875,0.292415171861649,16,53,1,52,40,0,0,1,0,0,goreswar part,makundapur
11-18-321-02141-302338,Assam,Kamrup,1.1619,765,84228.8984375,19022.591796875,0.337601870298386,33,55,3,52,40,0,0,1,0,0,goreswar part,belkona
11-18-321-02141-302339,Assam,Kamrup,4.3013,2658,85832.9375,18726.599609375,0.186256095767021,171,263,61,202,20,0,0,1,0,0,goreswar part,bargaon
11-18-321-02141-302340,Assam,Kamrup,2.2684,1961,81069.140625,15930.2529296875,0.309156388044357,67,100,2,98,20,0,0,1,0,0,goreswar part,tulamali
11-18-321-02141-302341,Assam,Kamrup,1.6172,1270,78801.421875,16589.7734375,0.311076194047928,19,37,0,37,30,0,0,1,0,1,goreswar part,saledal
11-18-321-02141-302342,Assam,Kamrup,1.4612,805,79744.8359375,16552.65234375,0.283272296190262,34,77,12,65,30,0,0,1,0,0,goreswar part,saulmari
11-18-323-02132-303630,Assam,Nalbari,6.3016996,4784,85551.4765625,19161.94140625,0.212159588932991,187,392,25,367,5,0,0,1,1,0,tihu part,niz namati
11-18-323-02132-303631,Assam,Nalbari,3.5939002,1669,90857.0390625,18615.966796875,0.193883791565895,41,56,3,51,3,0,0,1,1,0,tihu part,ranakuchi
11-18-323-02132-303632,Assam,Nalbari,1.8817,1070,89038.9921875,20351.76953125,0.112442396581173,30,40,0,40,8,0,0,1,0,0,tihu part,bhurkuchi
11-18-323-02132-303633,Assam,Nalbari,3.8578,1653,86056.5703125,18662.87109375,0.177710846066475,74,100,8,92,5,0,0,1,1,0,tihu part,bamunbari
11-18-323-02132-303634,Assam,Nalbari,1.633,1042,75645.03125,15852.3671875,0.420142412185669,47,86,8,78,8,0,0,1,0,0,tihu part,daloigaon
11-18-323-02132-303635,Assam,Nalbari,3.71,2986,95547.734375,21943.03125,0.189310342073441,227,425,33,391,5,1,0,1,1,1,tihu part,no-1 nathkuchi
11-18-323-02132-303636,Assam,Nalbari,3.93,1651,84382.21875,19332.306640625,0.227300062775612,74,387,285,102,4,0,0,1,1,0,tihu part,no-2 nathkuchi
11-18-323-02132-303637,Assam,Nalbari,1.6733999,2431,78461.359375,18009.642578125,0.25874125957489,42,260,151,109,2,0,0,1,1,0,tihu part,nakhara nakhra
11-18-323-02132-303638,Assam,Nalbari,0.9454,1595,85252.796875,19122.63671875,0.15384615957737,110,217,13,204,0.5,0,0,1,0,0,tihu part,barbari
11-18-323-02132-303639,Assam,Nalbari,1.4794,1854,91650.6953125,21448.103515625,0.182250395417213,186,325,37,288,1,0,0,1,0,0,tihu part,narnartari
11-18-323-02132-303640,Assam,Nalbari,0.7246,559,99479.53125,21241.181640625,0.115658365190029,28,143,15,128,1,0,0,0,1,0,tihu part,parmankhowa
11-18-323-02132-303641,Assam,Nalbari,1.4197999,1004,105805.015625,23082.83203125,0.0700888484716415,52,141,2,139,4,0,0,1,0,0,tihu part,niz khana niz khang
11-18-323-02132-303642,Assam,Nalbari,2.1418,993,95390.7265625,26379.931640625,0.078179694712162,107,161,22,139,1,0,0,1,1,0,tihu part,bhathuakhana bhatuakhana
11-18-323-02132-303643,Assam,Nalbari,5.7461,5313,83940.703125,20418.0078125,0.159202992916107,289,545,42,474,5,1,1,1,1,1,tihu part,jalkhana
11-18-323-02132-303644,Assam,Nalbari,1.1129,757,87381.71875,17233.310546875,0.227560043334961,35,52,5,47,5,0,0,1,0,0,tihu part,saktipara
11-18-323-02132-303645,Assam,Nalbari,4.3005,5052,90501.703125,19175.982421875,0.217771023511887,306,596,49,547,4,1,1,1,1,1,tihu part,khudra makhibaha
11-18-323-02132-303646,Assam,Nalbari,2.9401002,2021,100231.21875,21295.87890625,0.105974026024342,93,131,10,121,4,0,0,1,0,0,tihu part,bar makhibaha barmakueibna
11-18-323-02132-303647,Assam,Nalbari,2.4974,1171,128992.34375,27832.373046875,0.0340248979628086,57,80,10,70,6,0,0,1,0,0,tihu part,piplibari pipalibari
11-18-323-02132-303648,Assam,Nalbari,3.2804,3022,95893.3515625,21120.275390625,0.160583943128586,128,192,12,179,2,0,0,1,0,0,tihu part,mathurapur
11-18-323-02132-303649,Assam,Nalbari,1.5872,772,93791.140625,20715.38671875,0.130081295967102,47,123,25,98,2,0,0,0,0,0,tihu part,borgaon
11-18-323-02132-303650,Assam,Nalbari,3.5307999,1968,81151.75,17860.96875,0.254205614328384,149,328,32,296,5,0,0,1,0,0,tihu part,ratanpur
11-18-323-02132-303651,Assam,Nalbari,4.9214,2497,82589.2578125,16971.748046875,0.252887308597565,155,343,23,318,8,0,0,1,0,0,tihu part,goboradol
11-18-323-02132-303652,Assam,Nalbari,2.3397,1339,101235.84375,19081.51953125,0.232649847865105,45,114,3,111,9,0,0,1,0,0,tihu part,bakuajari
11-18-323-02132-303653,Assam,Nalbari,2.6358,733,86361.484375,17891.623046875,0.192563086748123,39,70,1,69,15,0,0,1,0,0,tihu part,barbhagjari
11-18-323-02132-303654,Assam,Nalbari,5.3369,2314,80631.2578125,15584.775390625,0.3108049929142,139,230,25,205,8,0,0,1,0,0,tihu part,sathikuchi
11-18-323-02132-303655,Assam,Nalbari,6.2418,3947,92691.375,18777.171875,0.214690715074539,314,475,50,417,6,0,0,1,1,0,tihu part,bali
11-18-323-02132-303656,Assam,Nalbari,6.31,5134,99756.234375,20387.859375,0.149952426552773,262,510,50,454,5,1,1,1,1,1,tihu part,haribhanga
11-18-323-02132-303657,Assam,Nalbari,8.8306,3726,87050.1171875,17487.54296875,0.277108430862427,161,381,23,353,5,0,0,1,1,0,tihu part,bhojkuchi
11-18-323-02133-303658,Assam,Nalbari,2.9756,845,89040.4296875,18194.333984375,0.318493157625198,31,54,0,54,15,0,0,1,1,0,pachim nalbari,nadla
11-18-323-02133-303659,Assam,Nalbari,4.1059,3759,94869.71875,19906.837890625,0.16926383972168,80,219,17,194,15,0,0,1,1,0,pachim nalbari,gamarimari
11-18-323-02133-303660,Assam,Nalbari,1.5543,785,84876.640625,17110.41015625,0.309018582105637,11,29,0,29,15,0,0,0,0,0,pachim nalbari,fulguri
11-18-323-02133-303661,Assam,Nalbari,1.9636999,1861,89872.578125,19456.48046875,0.197268590331078,33,83,1,82,8,0,0,1,0,0,pachim nalbari,niz mularkuchi
11-18-323-02133-303662,Assam,Nalbari,0.9573,888,,,,62,125,7,118,12,0,0,1,1,1,pachim nalbari,bihampur
11-18-323-02133-303663,Assam,Nalbari,1.0274,1151,88027.1015625,18212.50390625,0.222811669111252,21,56,0,56,13,0,0,1,0,1,pachim nalbari,pahlanpara
11-18-323-02133-303664,Assam,Nalbari,2.3663,2839,95018,19814.1796875,0.225300759077072,313,729,161,566,12,0,0,1,1,1,pachim nalbari,khatarupiabathan
11-18-323-02133-303665,Assam,Nalbari,3.3033,6114,85033.9375,17876.609375,0.263794779777527,235,484,31,450,12,1,1,1,0,1,pachim nalbari,chamata
11-18-323-02133-303666,Assam,Nalbari,0.89199996,2228,117631.171875,25130.77734375,0.119241192936897,96,280,40,238,12,0,0,1,0,0,pachim nalbari,gandhia
11-18-323-02133-303667,Assam,Nalbari,2.9643,1557,86932.65625,18041.578125,0.269476383924484,87,129,5,119,18,0,0,1,0,1,pachim nalbari,solmari
11-18-323-02133-303668,Assam,Nalbari,6.1344,4061,81678.578125,17472.28125,0.244575470685959,110,180,5,175,12,0,0,1,0,1,pachim nalbari,amani
11-18-323-02133-303669,Assam,Nalbari,1.8269,364,92892.0703125,20967.763671875,0.0892388448119163,4,11,0,11,12,0,0,0,0,0,pachim nalbari,kathla
11-18-323-02133-303670,Assam,Nalbari,4.9144,1191,67583.375,15873.8642578125,0.4281225502491,21,57,7,46,18,0,0,1,0,0,pachim nalbari,pukhura
11-18-323-02133-303671,Assam,Nalbari,3.0442002,346,100921.75,21529.974609375,0.123333334922791,10,15,0,15,4,0,0,0,0,0,pachim nalbari,kandubari
11-18-323-02133-303672,Assam,Nalbari,7.1140003,1552,120842.4453125,24919.26171875,0.0508922673761844,45,96,4,91,15,0,0,1,0,0,pachim nalbari,lakhapur larchapur
11-18-323-02133-303673,Assam,Nalbari,4.3245,2055,63047.59765625,13990.1240234375,0.489537715911865,123,191,25,158,21,0,0,1,0,0,pachim nalbari,khelua
11-18-323-02133-303674,Assam,Nalbari,5.1575,2554,91894.75,18888.296875,0.198229402303696,110,192,9,181,20,0,0,1,1,0,pachim nalbari,barhelacha
11-18-323-02133-303675,Assam,Nalbari,1.8216001,1632,64853.3984375,14808.7275390625,0.401608914136887,59,113,4,103,15,0,0,1,0,1,pachim nalbari,ghilazari
11-18-323-02133-303676,Assam,Nalbari,2.2113001,996,102869.8671875,23974.513671875,0.0636237934231758,107,175,10,161,20,0,0,0,0,0,pachim nalbari,sukekuchi
11-18-323-02133-303677,Assam,Nalbari,4.5273,3237,76153.2421875,16523.587890625,0.307887226343155,131,244,10,229,20,0,0,1,0,0,pachim nalbari,dahudi
11-18-323-02133-303678,Assam,Nalbari,2.3561,1450,84235.125,18088.76171875,0.225372076034546,34,56,3,53,15,0,0,1,0,0,pachim nalbari,kaihati
11-18-323-02133-303679,Assam,Nalbari,4.5127,4093,69376.5625,14330.982421875,0.401604413986206,362,525,18,386,18,0,0,1,1,0,pachim nalbari,bari
11-18-323-02133-303680,Assam,Nalbari,5.6709003,2381,63569.703125,13317.8916015625,0.498172968626022,232,346,3,242,20,0,0,1,1,0,pachim nalbari,niztapa
11-18-323-02133-303681,Assam,Nalbari,0.9043,1265,78844.890625,15962.8583984375,0.331967204809189,58,94,2,92,18,0,0,1,0,0,pachim nalbari,thutikata
11-18-323-02133-303682,Assam,Nalbari,1.7028999,1133,104078.5390625,21173.05859375,0.11158798635006,49,142,1,141,14,0,0,1,0,0,pachim nalbari,nalicha
11-18-323-02133-303683,Assam,Nalbari,2.3753,2699,93910.1015625,20042.603515625,0.181463062763214,228,385,12,368,13,0,0,1,0,1,pachim nalbari,billeswar
11-18-323-02133-303684,Assam,Nalbari,2.8523998,4238,77127.6484375,15742.1728515625,0.341964066028595,401,617,34,577,10,0,0,1,0,0,pachim nalbari,barkhetri barni barkhetri
11-18-323-02133-303685,Assam,Nalbari,0.22530001,259,80900.953125,14930.21875,0.489270389080048,18,24,4,20,11,0,0,0,0,0,pachim nalbari,khudra khetribarni
11-18-323-02133-303686,Assam,Nalbari,1.6686,1404,89623.34375,18559.94140625,0.205003470182419,120,172,10,147,3,0,0,1,0,1,pachim nalbari,simalia
11-18-323-02133-303687,Assam,Nalbari,1.8978,1824,,,,85,153,18,132,10,0,0,1,0,0,pachim nalbari,bihampur
11-18-323-02133-303688,Assam,Nalbari,4.4042,3427,93791.4765625,19535.54296875,0.147664070129395,270,471,18,451,5,0,0,1,1,0,pachim nalbari,panigaon
11-18-323-02133-303689,Assam,Nalbari,1.2099,1086,94858.96875,20197.451171875,0.156505912542343,49,95,7,88,3,0,0,1,1,0,pachim nalbari,santheli sandheli
11-18-323-02133-303690,Assam,Nalbari,3.6353,3086,85413.1015625,17759.16015625,0.230507418513298,104,174,10,162,5,0,0,1,0,1,pachim nalbari,nizpokowa
11-18-323-02133-303691,Assam,Nalbari,2.7509,2950,99339.7578125,21375.22265625,0.163813367486,275,633,66,563,6,0,0,1,1,1,pachim nalbari,barnarddi barnardoli
11-18-323-02133-303692,Assam,Nalbari,1.7344999,2130,69873.34375,15117.45703125,0.398130834102631,193,292,15,277,10,0,0,1,0,0,pachim nalbari,churchuri
11-18-323-02133-303693,Assam,Nalbari,2.9235,3237,74167.0625,15384.353515625,0.414227247238159,106,205,8,196,10,0,0,1,0,1,pachim nalbari,batshor
11-18-323-02133-303694,Assam,Nalbari,1.2765,1344,87936.546875,18112.3046875,0.255223870277405,58,193,11,182,10,0,0,1,0,0,pachim nalbari,mohkholi
11-18-323-02133-303695,Assam,Nalbari,1.4544001,2954,84098.765625,18171.8046875,0.283064246177673,163,412,10,397,15,0,0,1,0,0,pachim nalbari,bagurihati
11-18-323-02133-303696,Assam,Nalbari,1.7964,1401,101148.7890625,19888.806640625,0.219101130962372,139,259,27,221,12,0,0,1,0,0,pachim nalbari,goalpara
11-18-323-02133-303697,Assam,Nalbari,1.1794,1811,89963.3125,18996.236328125,0.22936823964119,106,264,4,260,12,0,0,1,0,0,pachim nalbari,dehar bolawa
11-18-323-02133-303698,Assam,Nalbari,5.7859,6842,84723.984375,17321.451171875,0.291437983512878,495,969,112,850,15,1,1,1,1,1,pachim nalbari,jagara
11-18-323-02133-303699,Assam,Nalbari,2.1241999,1462,83388.25,19251.236328125,0.247266098856926,62,188,0,185,12,0,0,1,0,0,pachim nalbari,khakhrisal khakhisal
11-18-323-02133-303700,Assam,Nalbari,2.5568,828,79625.734375,15202.119140625,0.25727590918541,11,15,0,15,16,0,0,1,0,0,pachim nalbari,kutnikuchi
11-18-323-02133-303701,Assam,Nalbari,1.2713,824,81033.546875,15167.603515625,0.266804546117783,32,44,0,44,17,0,0,0,0,0,pachim nalbari,bhairaghol
11-18-323-02133-303702,Assam,Nalbari,0.8323,131,75726.4140625,15145.2822265625,0.275862067937851,6,9,0,9,15,0,0,0,0,1,pachim nalbari,larakuchi
11-18-323-02133-303703,Assam,Nalbari,1.1459,811,91647.3671875,20208.298828125,0.0989272966980934,40,53,0,53,13,0,0,0,0,0,pachim nalbari,godira
11-18-323-02133-303704,Assam,Nalbari,3.1356,1747,78874.2734375,15454.5087890625,0.311196476221085,163,229,15,158,15,0,0,1,0,0,pachim nalbari,gangapur
11-18-323-02133-303705,Assam,Nalbari,1.3075,619,92752.40625,16822.740234375,0.207516342401505,56,81,10,27,15,0,0,0,0,0,pachim nalbari,mohbiyani
11-18-323-02133-303706,Assam,Nalbari,1.0476,340,100737.234375,21207.837890625,0.108359135687351,46,52,0,21,12,0,0,0,0,0,pachim nalbari,dangardi
11-18-323-02134-303712,Assam,Nalbari,1.7064999,82,55208.82421875,15872.537109375,0.600000023841858,13,13,0,11,35,0,0,0,0,0,barkhetri,garia angradi
11-18-323-02134-303713,Assam,Nalbari,2.0142,1188,62956.11328125,13379.470703125,0.443986833095551,144,162,5,133,24,0,0,1,0,1,barkhetri,ghorathal
11-18-323-02134-303714,Assam,Nalbari,1.5016999,191,77458.53125,16892.55078125,0.324468076229095,14,15,0,15,25,0,0,1,0,0,barkhetri,bamunangradi
11-18-323-02134-303715,Assam,Nalbari,2.47,1994,64566.1953125,12361.66796875,0.573869347572327,103,137,1,135,30,0,0,1,0,0,barkhetri,khudra chinadi
11-18-323-02134-303716,Assam,Nalbari,1.4437,819,82373.40625,15670.53515625,0.351689606904984,32,67,5,62,30,0,0,1,0,0,barkhetri,mugdi
11-18-323-02134-303717,Assam,Nalbari,1.662,276,54305.51171875,12445.013671875,0.654166638851166,20,42,2,32,24,0,0,1,0,1,barkhetri,no-1 ghorathal
11-18-323-02134-303718,Assam,Nalbari,2.6784,1750,70991.03125,14300.046875,0.432157814502716,93,135,28,101,34,0,0,1,0,0,barkhetri,no-2 narua
11-18-323-02134-303719,Assam,Nalbari,1.8610001,1646,70144.9609375,13951.005859375,0.444718956947327,71,170,23,147,31,0,0,1,0,0,barkhetri,amrattari
11-18-323-02134-303720,Assam,Nalbari,2.3583,3312,73398.9921875,14392.8662109375,0.443253457546234,155,349,7,342,35,0,0,1,0,0,barkhetri,sidalkuchi lachima
11-18-323-02134-303721,Assam,Nalbari,1.0381,88,61216.1484375,11563.05078125,0.522222220897675,9,11,0,11,35,0,0,0,0,0,barkhetri,damal
11-18-323-02134-303722,Assam,Nalbari,1.7894,2529,71605.703125,14273.5625,0.407807320356369,215,400,44,317,32,0,0,1,0,1,barkhetri,mulaghata
11-18-323-02134-303723,Assam,Nalbari,0.8842,927,78689.109375,15911.7197265625,0.377900540828705,21,37,7,27,33,0,0,0,0,0,barkhetri,bamunbari
11-18-323-02134-303724,Assam,Nalbari,1.6325,680,84239.265625,17339.76171875,0.345985412597656,39,74,8,66,28,0,0,1,0,0,barkhetri,no-1 doulasai
11-18-323-02134-303725,Assam,Nalbari,2.1225998,3975,83569.5703125,17287.720703125,0.270539909601212,246,426,69,357,28,0,0,1,0,0,barkhetri,no-2 doulasal
11-18-323-02134-303726,Assam,Nalbari,2.2737,2163,67625.9921875,14136.1396484375,0.427679002285004,115,147,22,123,28,0,0,1,0,0,barkhetri,no-3 larkuchi
11-18-323-02134-303727,Assam,Nalbari,1.5222,1402,94267.78125,19063.916015625,0.253835439682007,367,744,102,640,30,0,0,1,0,0,barkhetri,rampur
11-18-323-02134-303728,Assam,Nalbari,2.0485,2512,65160.05078125,12745.7705078125,0.506009101867676,151,347,19,328,32,0,0,1,0,0,barkhetri,no-2 larkuchi
11-18-323-02134-303729,Assam,Nalbari,1.8816,2144,104013.734375,22010.583984375,0.0897312834858894,134,230,38,190,32,0,0,1,0,1,barkhetri,no-1 larkuchi
11-18-323-02134-303730,Assam,Nalbari,1.9087,962,111321.1875,22568.0390625,0.0224171541631221,51,66,5,61,31,0,0,0,0,0,barkhetri,kaltali
11-18-323-02134-303731,Assam,Nalbari,2.1562,1074,56711.2265625,11137.67578125,0.627254486083984,67,76,8,66,30,0,0,1,0,0,barkhetri,nadia
11-18-323-02134-303732,Assam,Nalbari,0.7001,611,67339.0078125,14529.0537109375,0.339587241411209,46,53,1,52,34,0,0,0,0,0,barkhetri,belbeli
11-18-323-02134-303733,Assam,Nalbari,1.882,197,71986.46875,13129.607421875,0.446540892124176,2,3,2,1,34,0,0,0,0,0,barkhetri,khagrakati
11-18-323-02134-303734,Assam,Nalbari,2.2337,654,46583.64453125,8373.796875,0.830815732479096,17,27,1,22,32,0,0,0,0,1,barkhetri,kalputa
11-18-323-02134-303735,Assam,Nalbari,2.55,709,55642.5625,9780.59765625,0.710487425327301,19,24,6,14,32,0,0,0,0,0,barkhetri,bangnapota
11-18-323-02134-303736,Assam,Nalbari,1.3060001,506,55810.12890625,11010.8955078125,0.638297855854034,,,,,34,0,0,0,0,0,barkhetri,lawtolipara
11-18-323-02134-303737,Assam,Nalbari,3.2762,2947,54562.5,10808.3232421875,0.690533041954041,35,56,4,52,32,0,0,1,0,0,barkhetri,balarchar
11-18-323-02134-303738,Assam,Nalbari,2.4784,1571,54068.01171875,10172.9248046875,0.698158502578735,4,12,0,12,38,0,0,1,0,1,barkhetri,pubkazia
11-18-323-02134-303739,Assam,Nalbari,1.1507,670,90370.015625,20179.7109375,0.118122979998589,45,48,1,46,32,0,0,1,0,0,barkhetri,peradhara
11-18-323-02134-303740,Assam,Nalbari,4.174,561,69652.8828125,13214.7763671875,0.369565218687058,34,43,0,42,36,0,0,1,0,0,barkhetri,madhya kazia
11-18-323-02134-303741,Assam,Nalbari,2.5251,791,56666.1875,11525.326171875,0.644067823886871,51,66,7,59,38,0,0,1,0,0,barkhetri,pachim kazia
11-18-323-02134-303742,Assam,Nalbari,7.8605,2906,58320.79296875,11022.58203125,0.654673278331757,4,13,0,13,45,0,0,1,0,0,barkhetri,kalarchar
11-18-323-02134-303743,Assam,Nalbari,4.0106,432,53955.08203125,10814.5263671875,0.692810475826263,5,9,1,8,46,0,0,1,0,0,barkhetri,n c pubkazia
11-18-323-02134-303744,Assam,Nalbari,1.4927001,2447,79178.359375,15383.0224609375,0.425189822912216,168,199,12,185,16,0,0,1,0,0,barkhetri,paikan bonmaza
11-18-323-02134-303745,Assam,Nalbari,2.8811998,2547,73489.5546875,14650.171875,0.401948839426041,98,140,11,129,16,0,0,1,0,0,barkhetri,dirua
11-18-323-02134-303746,Assam,Nalbari,4.1291,4155,71969.4296875,15081.3125,0.424220263957977,470,742,71,599,20,1,0,1,1,1,barkhetri,barnibari
11-18-323-02134-303747,Assam,Nalbari,3.1787,2243,85654.8984375,17295.341796875,0.276929795742035,115,235,10,225,20,0,0,1,0,0,barkhetri,naptipara
11-18-323-02134-303748,Assam,Nalbari,2.2905,868,76454.6171875,14636.5810546875,0.395270258188248,36,63,2,59,16,0,0,1,0,1,barkhetri,paikandirua
11-18-323-02134-303749,Assam,Nalbari,1.0397,268,55315.796875,10913.6572265625,0.686486482620239,19,23,0,23,21,0,0,1,0,0,barkhetri,gharua baha pathar
11-18-323-02134-303750,Assam,Nalbari,1.7121,964,56819.5625,10046.0439453125,0.718631207942963,19,28,0,25,16,0,0,1,0,0,barkhetri,bakri kuchi
11-18-323-02134-303751,Assam,Nalbari,3.0191,1294,63142.91796875,12318.408203125,0.615438580513001,74,142,14,113,25,0,0,1,1,1,barkhetri,ahta
11-18-323-02134-303752,Assam,Nalbari,1.6481,844,62928.93359375,11390.2177734375,0.614890873432159,22,31,3,27,20,0,0,1,0,0,barkhetri,no-2 kekankuchi
11-18-323-02134-303753,Assam,Nalbari,1.7224001,390,68154.0859375,15108.0478515625,0.32019704580307,35,39,1,38,22,0,0,1,0,0,barkhetri,gharua baha gaon
11-18-323-02134-303754,Assam,Nalbari,2.3811,1060,84550.578125,16486.185546875,0.33704736828804,70,190,25,164,27,0,0,1,0,0,barkhetri,no-1 narua
11-18-323-02134-303755,Assam,Nalbari,2.7767,1684,75091.3984375,13525.7802734375,0.471485048532486,116,191,1,188,20,0,0,1,0,0,barkhetri,no-1 kekan kuchi
11-18-323-02134-303756,Assam,Nalbari,1.4684,1089,86187.390625,16363.609375,0.24751490354538,5,7,0,7,27,0,0,1,0,0,barkhetri,kasua pathar
11-18-323-02134-303757,Assam,Nalbari,1.954,1033,84635.5390625,16649.61328125,0.329918026924133,13,25,0,25,28,0,0,1,0,1,barkhetri,rowmari domdoma
11-18-323-02134-303758,Assam,Nalbari,1.5945,1222,83166.453125,15959.759765625,0.36795774102211,53,93,7,86,29,0,0,1,0,0,barkhetri,domdoma pathar
11-18-323-02134-303759,Assam,Nalbari,1.1076,1582,76440.5390625,15929.353515625,0.280958712100983,89,109,5,102,27,0,0,1,0,1,barkhetri,bonpura
11-18-323-02134-303760,Assam,Nalbari,3.0517,3853,73938.5234375,13918.7451171875,0.494539767503738,329,569,143,408,28,0,0,1,0,1,barkhetri,no-1 kaplabari
11-18-323-02134-303761,Assam,Nalbari,1.5719,1334,75852.140625,14911.1044921875,0.422364681959152,62,141,4,131,27,0,0,1,0,0,barkhetri,kaldi
11-18-323-02134-303762,Assam,Nalbari,1.5683,505,64208.02734375,12954.2509765625,0.517543852329254,13,38,0,38,27,0,0,1,0,0,barkhetri,bamundittari
11-18-323-02134-303763,Assam,Nalbari,0.797,126,87081.25,14895.4765625,0.453947365283966,7,14,1,12,27,0,0,1,0,0,barkhetri,kharkaldi
11-18-323-02134-303764,Assam,Nalbari,1.3618,1119,75191.3828125,14673.138671875,0.442446053028107,66,123,33,89,29,0,0,1,0,0,barkhetri,no-4 bortola
11-18-323-02134-303765,Assam,Nalbari,2.3261,1676,58255.54296875,11918.3037109375,0.560651779174805,77,155,5,134,29,0,0,1,0,0,barkhetri,no-2 kaplabari
11-18-323-02134-303766,Assam,Nalbari,1.9849,1351,72745.59375,13521.7060546875,0.470779210329056,30,43,3,40,32,0,0,1,0,0,barkhetri,no-3 bortola
11-18-323-02134-303767,Assam,Nalbari,1.9803,1555,75957.4140625,14950.34765625,0.336507946252823,132,161,4,152,25,0,0,1,0,0,barkhetri,no-2 joysagar
11-18-323-02134-303768,Assam,Nalbari,1.9985001,1654,72746.2578125,15267.2236328125,0.319909244775772,153,195,6,181,25,0,0,1,0,0,barkhetri,no-1 joysagar
11-18-323-02134-303769,Assam,Nalbari,0.8822,433,62041.890625,12802.294921875,0.48072561621666,32,46,2,39,25,0,0,1,0,0,barkhetri,batamara
11-18-323-02134-303770,Assam,Nalbari,2.6589003,1550,59645.9765625,11816.30078125,0.555205047130585,162,252,11,230,,0,0,1,0,0,barkhetri,lowthari
11-18-323-02134-303771,Assam,Nalbari,1.4155,1321,65745.578125,12786.583984375,0.437406867742538,111,161,8,68,27,0,0,1,0,0,barkhetri,bardhap
11-18-323-02134-303772,Assam,Nalbari,1.8973,749,71687.0546875,14123.12890625,0.402173906564713,97,126,7,49,26,0,0,1,0,0,barkhetri,khalihapara
11-18-323-02134-303773,Assam,Nalbari,1.3799001,995,70885.578125,13236.7978515625,0.463265299797058,33,36,2,29,23,0,0,1,0,0,barkhetri,baitha bhanga
11-18-323-02134-303774,Assam,Nalbari,3.2217999,2492,73245.34375,14223.849609375,0.383074402809143,147,208,35,147,24,0,0,1,0,0,barkhetri,darangi para
11-18-323-02134-303775,Assam,Nalbari,1.7432001,697,77900.8359375,15515.51953125,0.260027676820755,44,94,0,91,25,0,0,1,0,0,barkhetri,dagapara
11-18-323-02134-303776,Assam,Nalbari,1.7376,579,68563.265625,12968.18359375,0.441330999135971,69,79,35,12,23,0,0,1,0,0,barkhetri,balikuchi
11-18-323-02134-303777,Assam,Nalbari,2.066,6606,75645.390625,14273.8046875,0.412681430578232,539,757,73,562,30,1,1,1,0,1,barkhetri,kandhbari
11-18-323-02134-303778,Assam,Nalbari,1.728,1803,85080.296875,15455.50390625,0.360376238822937,250,418,112,306,24,0,0,1,0,0,barkhetri,meruattari
11-18-323-02134-303779,Assam,Nalbari,0.5964,170,102080.9140625,20735.185546875,0.109375,20,24,0,24,59,0,0,1,0,0,barkhetri,adattari
11-18-323-02134-303780,Assam,Nalbari,2.6172,5748,82080.40625,16442.865234375,0.358230590820313,460,866,85,761,26,1,1,1,0,1,barkhetri,narayanpur
11-18-323-02134-303781,Assam,Nalbari,2.8773,1212,91669.015625,17318.576171875,0.244299679994583,64,114,3,111,25,0,0,1,0,0,barkhetri,tegheriattari
11-18-323-02134-303782,Assam,Nalbari,2.4043,1514,89392.859375,17788.341796875,0.290555149316788,124,255,12,239,32,0,0,1,0,0,barkhetri,no-1 bortola
11-18-323-02134-303783,Assam,Nalbari,1.2253,1300,81574.09375,17053.349609375,0.2436213940382,67,105,11,94,30,0,0,1,0,0,barkhetri,no-2 bortola
11-18-323-02134-303784,Assam,Nalbari,1.5389999,1084,80976.171875,15919.0869140625,0.274824470281601,119,145,19,124,30,0,0,1,0,0,barkhetri,chanda
11-18-323-02134-303785,Assam,Nalbari,2.169,4111,85931.3125,16467.208984375,0.304235547780991,482,885,113,761,28,1,0,1,0,1,barkhetri,mukalmua
11-18-323-02134-303786,Assam,Nalbari,2.4578,2776,86167.7265625,16309.4462890625,0.357954531908035,139,252,30,213,26,0,0,1,0,0,barkhetri,sapkata
11-18-323-02134-303787,Assam,Nalbari,1.2989999,1784,74492.3828125,14157.9091796875,0.416374266147614,86,139,9,124,28,0,0,1,0,0,barkhetri,howlighat
11-18-323-02134-303788,Assam,Nalbari,4.7387,182,76609.109375,18218.021484375,0.0548780485987663,2,5,0,5,36,0,0,0,0,0,barkhetri,kalardia
11-18-323-02134-303789,Assam,Nalbari,2.0821002,311,73292.578125,14797.2392578125,0.321766555309296,3,7,0,7,30,0,0,0,0,0,barkhetri,sobhamari
11-18-323-02134-303790,Assam,Nalbari,1.3938,144,83315.125,17540.025390625,0,21,21,4,13,35,0,0,1,0,0,barkhetri,baramara
11-18-323-02134-303791,Assam,Nalbari,2.5372999,738,87348.71875,17874.037109375,0.0840438455343246,34,37,6,29,40,0,0,0,0,0,barkhetri,bhelakhaiti
11-18-323-02134-303792,Assam,Nalbari,0.7328,95,91869.0703125,17333.787109375,0.0849056616425514,17,17,2,9,35,0,0,0,1,0,barkhetri,no-1 bhelengimari
11-18-323-02134-303793,Assam,Nalbari,2.2856,583,88686.890625,16328.6337890625,0.0433213002979755,5,11,2,9,3,0,0,0,0,0,barkhetri,no-2 bhelengimari
11-18-323-02134-303794,Assam,Nalbari,1.65,288,68499.8515625,13609.2421875,0.344370871782303,5,11,0,11,36,0,0,0,0,1,barkhetri,no-3 bhelengimari
11-18-323-02134-303795,Assam,Nalbari,1.5018,336,62302.1953125,12674.6591796875,0.409742116928101,5,14,3,11,36,0,0,0,0,0,barkhetri,bhelengimari a block
11-18-323-02134-303796,Assam,Nalbari,0.2644,302,55458.546875,11397.921875,0.518404901027679,9,13,1,12,29,0,0,0,0,0,barkhetri,bhelengimari b block
11-18-323-02134-303797,Assam,Nalbari,1.3624,466,58507.16796875,12831.5517578125,0.41247484087944,18,34,4,30,39,0,0,1,0,0,barkhetri,no-1 natun chaprapara
11-18-323-02134-303798,Assam,Nalbari,0.9914,482,53465.26953125,11001.083984375,0.637860059738159,18,26,1,24,41,0,0,1,0,0,barkhetri,natun chaprapara
11-18-323-02134-303799,Assam,Nalbari,1.8282001,449,67701.5703125,12582.91796875,0.503030300140381,21,43,12,31,40,0,0,0,0,0,barkhetri,no-2 natun chaprapara
11-18-323-02134-303800,Assam,Nalbari,2.8395002,674,55081.69921875,8889.5048828125,0.781297147274017,21,38,10,28,40,0,0,0,0,0,barkhetri,no-3 natun chaprapara
11-18-323-02134-303801,Assam,Nalbari,3.2329998,432,57081.21875,10534.3017578125,0.645922720432282,10,20,7,13,43,0,0,1,0,0,barkhetri,puran chaprapara
11-18-323-02134-303802,Assam,Nalbari,1.2451,564,58368.23046875,9134.865234375,0.817073166370392,32,37,10,27,44,0,0,0,0,1,barkhetri,tupkar char
11-18-323-02134-303803,Assam,Nalbari,43.599598,15252,63960.015625,12150.0771484375,0.534852623939514,751,1142,164,921,43,1,1,1,0,1,barkhetri,bhanganmari
11-18-323-02134-303804,Assam,Nalbari,1.8698,909,71761.6796875,13384.7626953125,0.440449446439743,47,86,5,81,29,0,0,1,0,0,barkhetri,hamlakur
11-18-323-02134-303805,Assam,Nalbari,0.78800005,35,82634.8203125,16526.962890625,0.228571429848671,,,,,30,0,0,0,0,0,barkhetri,chakirghat
11-18-323-02134-303806,Assam,Nalbari,1.365,793,85149.0859375,16765.7890625,0.116279073059559,56,77,2,75,25,0,0,1,0,0,barkhetri,hanapara
11-18-323-02134-303807,Assam,Nalbari,1.2718,1359,78664.796875,14682.50390625,0.365705609321594,44,104,11,85,,0,0,1,0,0,barkhetri,burlitpar
11-18-323-02134-303808,Assam,Nalbari,2.4811,3406,85601.53125,16658.001953125,0.24801878631115,83,147,15,127,30,0,0,1,0,0,barkhetri,sutarkuchi
11-18-323-02134-303809,Assam,Nalbari,3.0514998,5031,75024.4453125,14258.376953125,0.409353226423264,313,476,63,380,30,1,1,1,1,1,barkhetri,ghoga
11-18-323-02134-303810,Assam,Nalbari,1.6787,2111,71991.5703125,13549.744140625,0.506178736686707,122,216,22,176,28,0,0,1,1,0,barkhetri,lawtola
11-18-323-02134-303811,Assam,Nalbari,2.0536,1634,63695.55078125,11695.95703125,0.614764273166657,105,125,10,111,29,0,0,1,1,0,barkhetri,badaniakhia
11-18-323-02134-303812,Assam,Nalbari,0.9473,200,45213.26953125,8073.7978515625,0.846938788890839,6,6,0,6,32,0,0,0,0,0,barkhetri,bhelamari no-4
11-18-323-02134-303813,Assam,Nalbari,2.7067,518,60390.95703125,11169.080078125,0.621505379676819,11,15,0,15,32,0,0,0,0,0,barkhetri,no-3 bhelamari
11-18-323-02134-303814,Assam,Nalbari,2.1659,1430,81894.046875,15630.478515625,0.330140024423599,30,60,0,60,31,0,0,1,1,0,barkhetri,puran akhia
11-18-323-02134-303815,Assam,Nalbari,3.0035,2460,70927.953125,14203.1611328125,0.398018181324005,123,234,1,211,25,0,0,1,1,1,barkhetri,satemari
11-18-323-02134-303816,Assam,Nalbari,3.8663,6384,74193.578125,13711.60546875,0.442078500986099,563,827,79,728,28,1,1,1,1,1,barkhetri,loharkhatha
11-18-323-02134-303817,Assam,Nalbari,3.6064003,19,43909.21484375,15436.833984375,0.359375,,,,,25,0,0,0,0,0,barkhetri,angradi
11-18-323-02134-303818,Assam,Nalbari,2.5217,32,41071.52734375,22817.513671875,0.16666667163372,,,,,30,0,0,0,0,0,barkhetri,no-1 balattari
11-18-323-02134-303819,Assam,Nalbari,2.4922,214,52083.59375,14234.025390625,0.484472036361694,13,15,1,14,,0,0,0,0,1,barkhetri,no-1 bhelamari
11-18-323-02134-303820,Assam,Nalbari,1.9571,263,39509.796875,8053.92041015625,0.892307698726654,19,21,1,19,32,0,0,0,0,1,barkhetri,no-2 bhelamari
11-18-323-02134-303821,Assam,Nalbari,1.732,2166,72796.3359375,13933.9384765625,0.422035485506058,282,531,80,450,26,1,0,1,1,0,barkhetri,adabari
11-18-323-02134-303822,Assam,Nalbari,2.042,2147,76002.203125,13696.0087890625,0.444444447755814,78,145,12,133,29,0,0,1,1,0,barkhetri,sungarbari
11-18-323-02134-303823,Assam,Nalbari,2.246,2314,73346.0859375,13279.5693359375,0.465692788362503,166,267,6,214,33,0,0,1,1,0,barkhetri,goldighala
11-18-323-02134-303824,Assam,Nalbari,1.3678,307,62313.2109375,10946.916015625,0.621621608734131,,,,,40,0,0,1,0,0,barkhetri,no-2 balattari
11-18-323-02134-303825,Assam,Nalbari,4.5015,1617,92173.046875,14888.205078125,0.389594674110413,16,36,1,35,40,0,0,1,0,0,barkhetri,na para pam
11-18-323-02134-303826,Assam,Nalbari,1.6617,242,68641.03125,14400.216796875,0.279720276594162,40,60,8,41,40,0,0,0,0,0,barkhetri,kaorekhaiti
11-18-323-02134-303827,Assam,Nalbari,3.562,843,71698.3125,11246.7939453125,0.59746253490448,95,144,77,49,40,0,0,1,0,0,barkhetri,tilardia
11-18-323-02134-303828,Assam,Nalbari,0.8223,103,72131.9375,14426.3876953125,0.388888895511627,21,28,11,13,40,0,0,1,0,0,barkhetri,sarusulia
11-18-323-02134-303829,Assam,Nalbari,1.9101,319,59254.7890625,10910.9384765625,0.694050967693329,1,1,0,1,40,0,0,1,0,0,barkhetri,barsulia
11-18-323-02134-303830,Assam,Nalbari,1.3412,626,63804.890625,10026.482421875,0.72857141494751,7,12,0,12,40,0,0,1,0,0,barkhetri,no-1 barbala
11-18-323-02134-303831,Assam,Nalbari,1.2045,1008,61828.43359375,11327.3466796875,0.59828245639801,4,5,0,5,40,0,0,1,0,0,barkhetri,no-2 barbala
11-18-323-02134-303832,Assam,Nalbari,1.7500999,1654,53761.94921875,10722.521484375,0.640555560588837,12,38,1,37,40,0,0,1,0,0,barkhetri,no-3 barbala
11-18-323-02134-303833,Assam,Nalbari,2.4789999,559,56679.09375,11042.6513671875,0.620689630508423,2,8,0,8,40,0,0,0,0,0,barkhetri,no-4 barbala
11-18-323-02134-303834,Assam,Nalbari,0.53900003,272,43016.21484375,8422.7548828125,0.825174808502197,30,47,0,26,40,0,0,0,0,0,barkhetri,no-5 barbala
11-18-323-02134-303835,Assam,Nalbari,24.603798,23867,66486.1640625,11421.6279296875,0.581506788730621,1255,1991,338,1575,40,1,1,1,0,1,barkhetri,kurihamari
11-18-323-02135-303836,Assam,Nalbari,1.1469,726,99372.1875,19311.712890625,0.177606180310249,34,87,2,85,7,0,0,1,0,0,barbhag,bajali udaypur
11-18-323-02135-303837,Assam,Nalbari,0.21,340,116035.328125,25822.890625,0.080924853682518,23,38,0,38,7,0,0,1,0,0,barbhag,baushi udaypur
11-18-323-02135-303838,Assam,Nalbari,0.8638,1101,88202.2578125,18273.94921875,0.214548796415329,80,147,8,134,8,0,0,1,0,0,barbhag,bari datara
11-18-323-02135-303839,Assam,Nalbari,0.66129994,529,89691.21875,16262.693359375,0.311355322599411,18,24,0,24,8,0,0,1,0,0,barbhag,nanoi
11-18-323-02135-303840,Assam,Nalbari,0.4077,269,95726.5546875,20002.5625,0.123134329915047,9,11,0,11,9,0,0,1,0,0,barbhag,saru barara
11-18-323-02135-303841,Assam,Nalbari,0.22760001,261,84038.2109375,15657.3095703125,0.433460086584091,9,12,1,11,11,0,0,1,0,0,barbhag,jugurkuchi
11-18-323-02135-303842,Assam,Nalbari,0.2356,77,126747.109375,22884.89453125,0,7,10,0,10,11,0,0,0,0,0,barbhag,pajipar
11-18-323-02135-303843,Assam,Nalbari,0.2868,124,96734.5390625,22442.4140625,0.287999987602234,,,,,12,0,0,1,0,0,barbhag,sonkuriha no-1
11-18-323-02135-303844,Assam,Nalbari,1.4274001,1043,104983.875,19578.07421875,0.209909915924072,74,156,17,139,13,0,0,1,0,0,barbhag,sonkani
11-18-323-02135-303845,Assam,Nalbari,0.1612,66,94579.2578125,24736.115234375,0.0769230797886848,7,12,3,9,15,0,0,0,0,0,barbhag,panbari
11-18-323-02135-303846,Assam,Nalbari,0.4076,254,71635.6875,12529.4365234375,0.539923965930939,7,10,0,10,9,0,0,1,0,0,barbhag,bar barara
11-18-323-02135-303847,Assam,Nalbari,0.6536,713,104111.484375,17907.17578125,0.301333338022232,15,44,1,43,13,0,0,1,0,0,barbhag,khudra kulhati
11-18-323-02135-303848,Assam,Nalbari,0.65559995,580,88296.203125,17901.515625,0.297256112098694,20,43,3,33,13,0,0,1,0,0,barbhag,bangalmur
11-18-323-02135-303849,Assam,Nalbari,0.5868,239,89285.5625,15895.5361328125,0.420454531908035,15,21,3,18,13,0,0,1,0,0,barbhag,dhaniagog dhanigog
11-18-323-02135-303850,Assam,Nalbari,1.6882001,572,103271.9765625,20234.435546875,0.179297596216202,61,160,2,158,7,0,0,1,1,0,barbhag,sonkuriha no-2
11-18-323-02135-303851,Assam,Nalbari,1.2093,1035,92222.0625,17456.94921875,0.250477999448776,64,149,10,129,13,0,0,1,0,0,barbhag,simalia
11-18-323-02135-303852,Assam,Nalbari,0.85730004,1055,96363.578125,18979.31640625,0.210275933146477,60,138,27,111,12,0,0,1,0,0,barbhag,moura
11-18-323-02135-303853,Assam,Nalbari,1.7022,2166,84337.671875,17578.30859375,0.252378791570663,236,478,40,438,12,1,0,1,0,1,barbhag,kalag
11-18-323-02135-303854,Assam,Nalbari,1.0802,1071,97844.46875,19178.2265625,0.179673314094543,106,177,28,148,13,0,0,1,0,0,barbhag,barkulhati
11-18-323-02135-303855,Assam,Nalbari,1.7958,2154,75677.125,16817.138671875,0.358768403530121,102,167,14,151,10,0,0,1,0,0,barbhag,ranakuchi
11-18-323-02135-303856,Assam,Nalbari,0.7432,693,88230.7265625,16842.87109375,0.361233472824097,65,121,15,106,14,0,0,1,0,0,barbhag,athgharia
11-18-323-02135-303857,Assam,Nalbari,0.8278,810,87447.484375,17567.57421875,0.256696432828903,46,89,8,81,16,0,0,1,0,0,barbhag,pandula
11-18-323-02135-303858,Assam,Nalbari,0.4303,733,86168.7734375,16440.861328125,0.346414059400558,38,83,5,78,13,0,0,1,0,0,barbhag,ukhara
11-18-323-02135-303859,Assam,Nalbari,0.749,2477,77660.8203125,15385.6337890625,0.414274007081986,139,235,23,211,15,0,0,1,1,0,barbhag,raimadha
11-18-323-02135-303860,Assam,Nalbari,1.9562,2231,86415.6328125,18139.498046875,0.288288295269012,240,537,53,474,15,0,0,1,1,0,barbhag,kamarkuchi
11-18-323-02135-303861,Assam,Nalbari,0.8218,1053,78739.765625,16857.94140625,0.316299557685852,54,71,1,68,15,0,0,1,1,0,barbhag,khudra dingdingi
11-18-323-02135-303862,Assam,Nalbari,1.1926999,874,92417.9375,18091.248046875,0.200471699237824,69,90,5,85,15,0,0,1,1,0,barbhag,porakuchi
11-18-323-02135-303863,Assam,Nalbari,0.8836,822,73230.90625,15685.7080078125,0.38149556517601,75,119,5,111,15,0,0,1,1,0,barbhag,ding dingi
11-18-323-02135-303864,Assam,Nalbari,1.795,2915,86137.984375,18056.013671875,0.252624452114105,172,236,26,209,8,0,0,1,1,0,barbhag,barkuriha
11-18-323-02135-303865,Assam,Nalbari,0.9453,1297,71481.3828125,14837.8876953125,0.441199690103531,31,87,3,84,10,0,0,1,1,0,barbhag,bala
11-18-323-02135-303866,Assam,Nalbari,2.2375,1807,73439.9375,15289.68359375,0.336700350046158,65,136,9,127,16,0,0,1,0,0,barbhag,katpuha
11-18-323-02135-303867,Assam,Nalbari,1.5332,1997,88647.609375,17864.51953125,0.367512702941895,321,505,45,451,12,0,0,1,0,0,barbhag,arikuchi
11-18-323-02135-303868,Assam,Nalbari,1.6737,2281,74773.34375,15048.935546875,0.344439446926117,74,114,30,84,13,0,0,1,0,0,barbhag,tarmatha
11-18-323-02135-303869,Assam,Nalbari,1.1216,383,76820.8515625,16172.810546875,0.273684203624725,15,27,5,22,16,0,0,1,0,0,barbhag,bhabanipur
11-18-323-02135-303870,Assam,Nalbari,2.8607998,187,59175.234375,19828.3515625,0.387434542179108,9,16,0,13,19,0,0,0,0,0,barbhag,jugurbari
11-18-323-02135-303871,Assam,Nalbari,1.6069,636,71854.9140625,15438.0224609375,0.39968404173851,10,34,5,29,17,0,0,0,0,0,barbhag,bezkuchi
11-18-323-02135-303872,Assam,Nalbari,1.5197,121,64316.1484375,14883.076171875,0.471074372529984,2,7,0,7,14,0,0,0,0,0,barbhag,kahikuchi
11-18-323-02135-303873,Assam,Nalbari,4.5535,4080,73932.6835446589,14741.5449503661,0.441381773097114,379,756,77,639,14,0,0,1,1,0,barbhag,karia
11-18-323-02135-303875,Assam,Nalbari,1.6947999,1744,87484.1484375,17673.0703125,0.254057079553604,115,190,14,171,16,0,0,1,0,0,barbhag,ulabari
11-18-323-02135-303876,Assam,Nalbari,1.7388,1414,78299.9609375,15458.81640625,0.374577403068543,123,166,19,125,14,0,0,1,0,0,barbhag,nakheti
11-18-323-02135-303877,Assam,Nalbari,1.6638,601,69244.0234375,13960.48828125,0.422580659389496,25,37,7,24,15,0,0,1,0,0,barbhag,raitkuchi
11-18-323-02135-303878,Assam,Nalbari,2.9557998,2261,73422.015625,14724.7451171875,0.373626381158829,87,220,20,200,14,0,0,1,0,0,barbhag,arangamou
11-18-323-02135-303879,Assam,Nalbari,1.6285001,1512,69340.046875,14799.8525390625,0.431488811969757,51,103,0,103,17,0,0,1,0,0,barbhag,katalkuchi
11-18-323-02135-303880,Assam,Nalbari,1.728,1394,55002.2109375,11643.921875,0.580083549022675,154,257,7,199,18,0,0,1,0,0,barbhag,barsimaliya
11-18-323-02135-303881,Assam,Nalbari,2.7212,936,67494.0390625,13360.359375,0.478974372148514,60,121,20,96,19,0,0,1,0,0,barbhag,barbukia
11-18-323-02135-303882,Assam,Nalbari,2.537,1437,64675.8046875,12908.0810546875,0.519888341426849,115,197,26,163,20,0,0,1,0,0,barbhag,dokoha
11-18-323-02135-303883,Assam,Nalbari,1.6347001,1203,89135.453125,19204.291015625,0.214592278003693,82,272,12,260,18,0,0,1,0,1,barbhag,sanekuchi
11-18-323-02135-303884,Assam,Nalbari,0.56439996,666,95853.6953125,20303.984375,0.134646967053413,33,53,3,50,15,0,0,1,0,1,barbhag,samarkuchi chamankuchi
11-18-323-02135-303885,Assam,Nalbari,0.72589993,347,81446.6171875,15950.96875,0.290801197290421,15,23,3,20,17,0,0,1,0,1,barbhag,uttarkuchi
11-18-323-02135-303886,Assam,Nalbari,2.0397,986,81319.015625,16614.458984375,0.317248463630676,42,83,1,82,16,0,0,0,0,0,barbhag,bargacha bargarh
11-18-323-02135-303887,Assam,Nalbari,1.5243,661,104310.0859375,19328.044921875,0.152941182255745,26,30,0,29,16,0,0,1,0,0,barbhag,thanpatkuchi
11-18-323-02135-303888,Assam,Nalbari,1.7475,1717,76241.9375,16172.5322265625,0.338680922985077,212,380,22,349,16,0,0,1,0,0,barbhag,barkhola
11-18-323-02135-303889,Assam,Nalbari,1.7358,1622,84680.1484375,17308.8359375,0.295597493648529,111,189,8,181,15,0,0,1,0,1,barbhag,chatma
11-18-323-02135-303890,Assam,Nalbari,1.2824,1785,64228.234375,13422.4189453125,0.495565414428711,121,206,23,170,18,0,0,1,0,1,barbhag,larmabatakuchi
11-18-323-02135-303891,Assam,Nalbari,0.2771,289,72429.59375,14949.880859375,0.348754435777664,12,52,3,49,18,0,0,1,0,0,barbhag,purna kamdev
11-18-323-02135-303892,Assam,Nalbari,1.2479,875,82283.8125,17072.791015625,0.24705882370472,75,143,14,129,18,1,0,1,0,1,barbhag,purna daichapara
11-18-323-02135-303893,Assam,Nalbari,0.26049998,237,92845.8046875,18142.283203125,0.199233710765839,27,60,9,51,18,0,0,1,0,0,barbhag,kismat
11-18-323-02135-303894,Assam,Nalbari,0.7406,651,88547.1015625,17806.326171875,0.357045143842697,56,104,4,100,318,0,0,1,0,0,barbhag,dehar kuchi
11-18-323-02136-303896,Assam,Nalbari,0.5073,191,80442.5859375,18301.751953125,0.428571432828903,13,22,0,22,4,0,0,1,0,1,nalbari,dhekiabari
11-18-323-02136-303897,Assam,Nalbari,4.7026997,3516,103204.375,22865.640625,0.154262900352478,343,513,32,481,,0,0,1,1,0,nalbari,barkura
11-18-323-02136-303898,Assam,Nalbari,2.3659,1796,73058.3203125,15460.806640625,0.326206147670746,86,123,9,114,4,0,0,1,0,0,nalbari,haripur
11-18-323-02136-303899,Assam,Nalbari,5.2971,3830,74042.984375,15331.8427734375,0.355416983366013,164,324,38,286,3,0,0,1,1,1,nalbari,sariahtali
11-18-323-02136-303900,Assam,Nalbari,0.6696,742,63770.4609375,13303.9912109375,0.492350488901138,46,76,0,74,2,0,0,1,1,0,nalbari,bardhantali
11-18-323-02136-303901,Assam,Nalbari,1.4732001,2330,84754.1640625,18232.212890625,0.377537786960602,182,311,11,298,10,0,0,1,0,0,nalbari,barsarkuchi
11-18-323-02136-303902,Assam,Nalbari,0.4999,999,69452.296875,16620.458984375,0.387983709573746,62,144,29,115,1,0,0,0,1,0,nalbari,bhuyarkuchi
11-18-323-02136-303903,Assam,Nalbari,0.3183,479,51162.26953125,12713.048828125,0.533333361148834,20,30,2,28,4,0,0,1,1,0,nalbari,pitnipara
11-18-323-02136-303904,Assam,Nalbari,2.4262,2159,68703.2265625,14728.6142578125,0.373180419206619,131,266,83,183,4,0,0,1,0,0,nalbari,khudrakatla barkuchi
11-18-323-02136-303905,Assam,Nalbari,1.5784,1538,85476.171875,18682.0859375,0.2560895383358,141,233,31,201,2,0,0,1,1,1,nalbari,katla barkuchi
11-18-323-02136-303906,Assam,Nalbari,0.31350002,103,79681.40625,18212.892578125,0.18095238506794,2,3,0,3,3,0,0,0,1,0,nalbari,niz batahgila
11-18-323-02136-303907,Assam,Nalbari,1.0566001,564,79446.125,17220.5625,0.307832419872284,71,129,1,124,4,0,0,1,0,0,nalbari,mairadonga
11-18-323-02136-303908,Assam,Nalbari,0.2599,484,63523.74609375,14238.0810546875,0.415708810091019,70,171,0,171,5,0,0,1,1,0,nalbari,garemara
11-18-323-02136-303909,Assam,Nalbari,0.5868,287,72045.3046875,16168.583984375,0.30033004283905,17,25,2,23,6,0,0,1,0,0,nalbari,khudra katra
11-18-323-02136-303911,Assam,Nalbari,4.2764997,1532,76963.90625,15163.8916015625,0.349442392587662,109,193,16,171,7,0,0,1,0,0,nalbari,chengnoi
11-18-323-02136-303912,Assam,Nalbari,1.1129,911,74343.6171875,15362.224609375,0.309421837329865,106,269,6,257,6,0,0,1,1,0,nalbari,dhantala
11-18-323-02136-303913,Assam,Nalbari,2.2903,1221,,,,85,130,11,118,7,0,0,1,1,0,nalbari,bar agra
11-18-323-02136-303914,Assam,Nalbari,5.6415997,3807,71075.703125,14478.041015625,0.407658249139786,101,221,57,162,6,0,0,1,1,0,nalbari,namati
11-18-323-02136-303915,Assam,Nalbari,1.9131,699,67529.140625,15260.8232421875,0.406779646873474,12,24,0,24,6,0,0,0,0,0,nalbari,khat katra
11-18-323-02136-303916,Assam,Nalbari,0.3441,91,121245.6953125,31116.15234375,0,5,9,0,9,8,0,0,0,0,0,nalbari,jamtola
11-18-323-02136-303917,Assam,Nalbari,0.5385,451,90637.7265625,16298.8896484375,0.344298243522644,35,46,9,35,8,0,0,0,1,0,nalbari,gobindapur
11-18-323-02136-303918,Assam,Nalbari,0.3738,323,78505.9453125,16527.568359375,0.321329653263092,32,35,10,25,8,0,0,0,0,0,nalbari,bistupur
11-18-323-02136-303919,Assam,Nalbari,0.47959998,458,64952.96875,12378.6171875,0.612419724464417,31,38,2,36,7,0,0,0,0,0,nalbari,dehar katara
11-18-323-02136-303920,Assam,Nalbari,0.512,787,87758.46875,18480.900390625,0.252941191196442,53,124,3,103,10,0,0,1,1,0,nalbari,nankar bhaira
11-18-323-02136-303921,Assam,Nalbari,0.6441,137,75980.484375,14419.6533203125,0.189781025052071,4,6,2,4,5,0,0,0,0,1,nalbari,bhutkatra
11-18-323-02136-303922,Assam,Nalbari,0.2165,183,64344.23046875,14925.2080078125,0.22164948284626,30,31,0,31,7,0,0,0,0,0,nalbari,barpipalia
11-18-323-02136-303923,Assam,Nalbari,0.8853,302,81085.453125,17720.662109375,0.115894041955471,11,13,0,13,5,0,0,0,0,0,nalbari,katahkuchi
11-18-323-02136-303924,Assam,Nalbari,1.3436999,552,82503.15625,17131.802734375,0.182149365544319,49,83,2,81,4,0,0,0,0,0,nalbari,bar khanajan
11-18-323-02136-303925,Assam,Nalbari,1.4889,720,88603.625,21604.71875,0.0863013714551925,65,150,2,148,3,0,0,0,0,0,nalbari,kendukuchi
11-18-323-02136-303926,Assam,Nalbari,0.2892,343,73258.21875,16050.9580078125,0.314606755971909,27,59,0,59,6,0,0,0,0,0,nalbari,khudrapipalia
11-18-323-02136-303927,Assam,Nalbari,1.283,1351,83307.2265625,17553.8125,0.216349542140961,88,162,34,126,9,0,0,1,0,0,nalbari,sahpur
11-18-323-02136-303928,Assam,Nalbari,0.804,826,81921.421875,16227.87109375,0.344868749380112,102,134,25,109,6,0,0,1,1,1,nalbari,jaijabari
11-18-323-02136-303929,Assam,Nalbari,1.1432,873,89231.4765625,18893.662109375,0.220943614840508,48,109,6,103,5,0,0,1,1,0,nalbari,khudrachenikuchi
11-18-323-02136-303930,Assam,Nalbari,0.9878,1077,96018.5859375,19966.05859375,0.153119087219238,81,154,11,143,5,0,0,1,1,1,nalbari,paikarkuchi
11-18-323-02136-303931,Assam,Nalbari,1.2401,493,80885.1328125,16435.5625,0.349315077066422,53,103,17,74,4,0,0,1,0,0,nalbari,balakuchi
11-18-323-02136-303932,Assam,Nalbari,0.9825,690,86763.7421875,19409.37109375,0.183703705668449,28,48,11,37,5,0,0,1,1,1,nalbari,sandha kairara
11-18-323-02136-303933,Assam,Nalbari,1.0363,2104,83863.0546875,21128.650390625,0.150388464331627,84,135,5,116,2,0,0,1,1,0,nalbari,paila
11-18-323-02136-303934,Assam,Nalbari,4.4135,3428,81608.171875,19542.1875,0.219029366970062,188,361,38,309,5,0,0,1,1,0,nalbari,sandha
11-18-323-02136-303935,Assam,Nalbari,1.1347001,1150,103463.765625,20295.85546875,0.172624230384827,24,41,3,38,5,0,0,1,1,0,nalbari,porakuchi
11-18-323-02136-303936,Assam,Nalbari,0.7264,434,88589.5078125,17160.1953125,0.355932205915451,21,27,0,27,8,0,0,1,0,1,nalbari,barchenikuchi
11-18-323-02136-303937,Assam,Nalbari,0.9965,614,89714.953125,18049.955078125,0.396423250436783,53,72,10,61,10,0,0,1,1,0,nalbari,guakuchi
11-18-323-02136-303938,Assam,Nalbari,1.357,749,89725.4375,18507.3359375,0.206266313791275,76,111,10,100,4,0,0,1,1,0,nalbari,tantra sankara
11-18-323-02136-303939,Assam,Nalbari,1.2494,690,97020.359375,18927.3828125,0.0982658937573432,50,79,1,75,7,0,0,1,1,0,nalbari,balikuchi
11-18-323-02136-303940,Assam,Nalbari,1.2015,734,100731.3984375,20066.015625,0.147410362958908,58,81,4,75,7,0,0,1,1,0,nalbari,namdonga
11-18-323-02136-303941,Assam,Nalbari,1.4025999,1773,84771.65625,18601.486328125,0.153545498847961,168,231,31,200,5,0,0,1,1,0,nalbari,balilesha
11-18-323-02136-303942,Assam,Nalbari,0.3704,365,85984.0859375,17974.07421875,0.223163843154907,109,177,39,138,3,0,0,1,1,1,nalbari,khudra sankara
11-18-323-02136-303943,Assam,Nalbari,1.4885001,4626,121322.2578125,26592.3046875,0.122121892869473,286,599,44,554,2,0,0,1,1,0,nalbari,japarkuchi
11-18-323-02136-303944,Assam,Nalbari,0.5766,2369,146987.25,34431.26171875,0.0333333350718021,156,415,23,391,1,0,0,1,1,1,nalbari,nalbari gaon
11-18-323-02136-303945,Assam,Nalbari,0.4724,3361,147509.9375,33308.6953125,0.086464911699295,343,562,82,480,2,0,0,1,1,0,nalbari,balikoria kharjara
11-18-323-02136-303946,Assam,Nalbari,1.8189999,1956,84550.3828125,17769.78125,0.21879255771637,196,271,14,257,3,0,0,1,1,0,nalbari,joy mangla
11-18-323-02136-303947,Assam,Nalbari,1.5181,2049,107973.5703125,23834.318359375,0.126070410013199,124,206,21,184,2,0,0,1,1,0,nalbari,majdia
11-18-323-02136-303948,Assam,Nalbari,1.5361,960,89669.3046875,17933.861328125,0.267317086458206,67,106,52,53,3,0,0,1,0,0,nalbari,terechia
11-18-323-02136-303949,Assam,Nalbari,1.5863,1419,88657.0703125,17487.68359375,0.25085911154747,213,418,194,222,6,0,0,1,0,0,nalbari,kardohola
11-18-323-02136-303950,Assam,Nalbari,0.22530001,127,89871.5703125,17974.314453125,0.251851856708527,28,56,5,51,8,0,0,1,0,0,nalbari,parowa
11-18-323-02136-303951,Assam,Nalbari,1.9431,1146,87784.0625,18408.791015625,0.181975737214088,93,149,11,138,5,0,0,1,0,0,nalbari,barmurikona
11-18-323-02136-303952,Assam,Nalbari,0.2953,454,83315.4765625,17393.626953125,0.283924847841263,32,75,10,65,8,0,0,1,1,0,nalbari,dhamdhama
11-18-323-02136-303953,Assam,Nalbari,0.2187,294,73026.2109375,15490.408203125,0.286195278167725,7,17,0,17,7,0,0,1,0,0,nalbari,pajipar
11-18-323-02136-303954,Assam,Nalbari,3.5932,2823,99013.1640625,20814.88671875,0.142180100083351,124,200,39,161,7,0,0,1,0,0,nalbari,arara
11-18-323-02136-303955,Assam,Nalbari,0.2583,510,91713.3671875,17833.154296875,0.212301582098007,30,64,8,56,6,0,0,1,1,0,nalbari,bhadra
11-18-323-02136-303956,Assam,Nalbari,0.6383,483,100106.0078125,22177.95703125,0.085365854203701,28,38,3,32,5,0,0,1,0,0,nalbari,nanda gaon
11-18-323-02136-303957,Assam,Nalbari,1.4600999,1456,81924.0078125,15986.6005859375,0.288062900304794,117,210,116,91,4,0,0,1,1,0,nalbari,tilana
11-18-323-02136-303958,Assam,Nalbari,1.363,2423,79596.0390625,17646.6953125,0.30147323012352,225,335,72,263,3,0,0,1,1,1,nalbari,mugkuchi
11-18-323-02136-303959,Assam,Nalbari,0.681,683,85175.8828125,18733.697265625,0.192082107067108,45,62,2,60,4,0,0,1,1,0,nalbari,madan mohan sakhowa
11-18-323-02136-303960,Assam,Nalbari,1.5461999,1341,,,,58,93,14,79,6,0,0,1,1,1,nalbari,bar agra
11-18-323-02136-303961,Assam,Nalbari,1.1622,710,85163.1171875,16937.8671875,0.240611955523491,27,46,3,43,10,0,0,0,1,0,nalbari,dokuchi
11-18-323-02136-303962,Assam,Nalbari,3.7156,3400,81262.3828125,17792.8203125,0.310876399278641,297,560,107,443,10,1,0,1,1,1,nalbari,chandra kuchi
11-18-323-02136-303963,Assam,Nalbari,0.81,745,78848.3828125,16208.884765625,0.338196277618408,50,89,1,88,5,0,0,1,1,0,nalbari,dakhin bejera
11-18-323-02136-303964,Assam,Nalbari,1.3223,1901,81152.2734375,18737.119140625,0.195247933268547,310,596,94,494,5,1,0,1,1,1,nalbari,alengidal
11-18-323-02136-303965,Assam,Nalbari,2.3212,3795,80734.109375,16205.37109375,0.38357937335968,355,720,347,361,6,0,0,1,0,0,nalbari,janigog jarigog
11-18-323-02136-303966,Assam,Nalbari,1.4954,1463,101424.546875,19230.5703125,0.2152269333601,134,212,29,183,6,0,0,1,0,1,nalbari,amaya pur
11-18-323-02136-303967,Assam,Nalbari,1.9327999,2565,83449.828125,18652.7265625,0.245716512203217,253,404,31,369,9,0,0,1,0,0,nalbari,budru kuchi
11-18-323-02136-303968,Assam,Nalbari,1.2896,1989,87987.4921875,18769.4453125,0.242455780506134,123,200,20,176,10,0,0,1,1,0,nalbari,khudra sonkara
11-18-323-02136-303969,Assam,Nalbari,2.0317,1577,59195.46875,13201.6328125,0.574339210987091,87,144,35,107,14,0,0,1,1,0,nalbari,pachimkhatar kalakuchi
11-18-323-02136-303970,Assam,Nalbari,2.0714998,324,67121.890625,12073.7548828125,0.594512224197388,28,64,0,20,13,0,0,0,0,0,nalbari,cherabari
11-18-323-02136-303971,Assam,Nalbari,0.9424,1029,78602.328125,14946.0576171875,0.357635468244553,54,84,4,76,11,0,0,1,1,0,nalbari,jaha
11-18-323-02136-303972,Assam,Nalbari,1.8887,2477,72668.96875,15666.3720703125,0.345727860927582,264,368,106,230,11,0,0,1,1,0,nalbari,charia
11-18-323-02136-303973,Assam,Nalbari,2.50565,3100,84817.421875,19166.87890625,0.22973395884037,279,346,21,322,10,0,0,1,0,1,nalbari,madhapur
11-18-323-02136-303974,Assam,Nalbari,2.3525999,2567,79089.015625,16945.548828125,0.285926461219788,156,244,11,212,11,0,0,1,1,0,nalbari,pub kalakuchi
11-18-323-02136-303975,Assam,Nalbari,1.8891001,321,62342.64453125,13086.5029296875,0.501457750797272,20,70,0,44,15,0,0,0,0,1,nalbari,makal daba
11-18-323-02136-303976,Assam,Nalbari,2.7949,2802,67604.640625,13991.8505859375,0.481915593147278,186,435,22,318,15,0,0,1,1,0,nalbari,deharkalakuchi
11-18-323-02136-303977,Assam,Nalbari,1.1773,2029,81493.1484375,19348.154296875,0.182706400752068,320,550,99,419,15,0,0,1,1,0,nalbari,kumarikata
11-18-323-02137-303981,Assam,Nalbari,2.3649,1334,79826.359375,15145.90234375,0.437791615724564,50,100,13,87,7,0,0,1,0,0,banekuchi,sandheli
11-18-323-02137-303982,Assam,Nalbari,6.3526,3831,84892.3671875,17745.74609375,0.299661666154861,308,483,50,424,15,1,0,1,0,1,banekuchi,kaithalkuchi
11-18-323-02137-303983,Assam,Nalbari,2.5339,936,95459.1875,19025.083984375,0.311188817024231,59,71,8,60,10,0,0,1,0,0,banekuchi,bechimari
11-18-323-02137-303984,Assam,Nalbari,2.4259,2113,87121.453125,18751.173828125,0.202918380498886,,,,,15,0,0,1,0,0,banekuchi,ja-1
11-18-323-02137-303985,Assam,Nalbari,0.81949997,543,86640.171875,17114.107421875,0.207818925380707,22,29,0,29,10,0,0,1,0,0,banekuchi,khata numbarbhog
11-18-323-02137-303986,Assam,Nalbari,1.4499,1154,84389.34375,17172.25,0.269933551549912,74,101,3,96,8,0,0,1,0,0,banekuchi,madhupur
11-18-323-02137-303987,Assam,Nalbari,1.4049001,951,72016.1171875,13459.66015625,0.51445084810257,88,135,7,127,7,0,0,1,0,0,banekuchi,kharsitha
11-18-323-02137-303988,Assam,Nalbari,2.4569001,1351,77547.8359375,15835.2578125,0.394641578197479,159,234,15,219,6,0,0,1,0,0,banekuchi,balizar
11-18-323-02137-303989,Assam,Nalbari,1.7017999,920,83812.4609375,17358.6484375,0.230125516653061,53,66,3,63,5,0,0,1,0,0,banekuchi,baushipara
11-18-323-02137-303990,Assam,Nalbari,2.7075,1409,99730.5703125,20608.53125,0.0885608866810798,45,96,8,88,11,0,0,1,0,0,banekuchi,bangnabari
11-18-323-02137-303991,Assam,Nalbari,2.6855,1770,82528.7578125,16620.681640625,0.206213176250458,88,209,40,150,12,0,0,1,0,0,banekuchi,kathalbari
11-18-323-02137-303992,Assam,Nalbari,2.2675,1286,79228.3828125,15716.849609375,0.337398380041122,78,119,32,87,16,0,0,1,1,0,banekuchi,suplekuchi
11-18-323-02137-303993,Assam,Nalbari,2.8651001,2390,69939.3984375,14074.9404296875,0.434854775667191,150,258,9,249,16,0,0,1,1,0,banekuchi,kendukuchi
11-18-323-02137-303994,Assam,Nalbari,7.07,4996,73308.75,14619.4619140625,0.355995059013367,184,375,25,347,12,0,0,1,1,1,banekuchi,kachimpur
11-18-323-02137-303995,Assam,Nalbari,1.7073,1337,91178.9140625,18124.248046875,0.168960243463516,101,362,218,142,16,0,0,1,1,0,banekuchi,taumura
11-18-323-02137-303996,Assam,Nalbari,2.4661,1795,76951.6953125,16933.66015625,0.337604463100433,118,253,17,236,10,0,0,1,0,0,banekuchi,khukhundi
11-18-323-02137-303997,Assam,Nalbari,2.6592999,1883,77363.25,16258.9794921875,0.332451045513153,79,133,10,122,10,0,0,1,0,0,banekuchi,banbhag solmari
11-18-323-02137-303998,Assam,Nalbari,4.084,2555,85011.890625,16858.345703125,0.235271468758583,155,290,29,260,10,0,0,1,1,0,banekuchi,buri nagar
11-18-323-02137-303999,Assam,Nalbari,2.9013,2305,89845.2421875,19848.46484375,0.125,116,238,7,230,9,0,0,1,0,1,banekuchi,danguapara
11-18-323-02137-304000,Assam,Nalbari,2.0663002,1595,87661.2109375,19302.05859375,0.197476342320442,102,192,1,191,5,0,0,1,1,0,banekuchi,barkhetri banekuchi
11-18-323-02137-304001,Assam,Nalbari,1.0533,360,87706.109375,17876.404296875,0.184713378548622,,,,,5,0,0,1,1,1,banekuchi,niz banekuchi
11-18-323-02137-304002,Assam,Nalbari,2.7844,2462,70376.234375,15215.751953125,0.407834112644196,209,321,12,307,7,0,0,1,1,0,banekuchi,barnagar banekuchi
11-18-323-02137-304003,Assam,Nalbari,2.5323,1283,85557.1796875,16142.8642578125,0.264150947332382,92,111,1,108,8,0,0,1,0,0,banekuchi,rajakhat banekuchi
11-18-323-02138-304004,Assam,Nalbari,0.8892,972,87131.1796875,17426.236328125,0.263681590557098,62,151,3,145,10,0,0,1,0,0,ghograpar part,kathora
11-18-323-02138-304005,Assam,Nalbari,0.9492,737,78334.921875,17663.7578125,0.289915978908539,94,125,17,108,11,0,0,1,1,0,ghograpar part,barigaon
11-18-323-02138-304006,Assam,Nalbari,0.36200002,713,74478.4765625,14558.9580078125,0.369680851697922,87,116,12,102,16,0,0,1,0,0,ghograpar part,narpara
11-18-323-02138-304007,Assam,Nalbari,1.6227001,16,52801.12890625,11478.5068359375,0.826086938381195,1,1,0,1,15,0,0,0,0,1,ghograpar part,bardhanara no-2
11-18-323-02138-304008,Assam,Nalbari,1.7833999,343,78114.359375,15208.10546875,0.342182904481888,25,34,2,32,16,0,0,1,0,0,ghograpar part,barjabari hati
11-18-323-02138-304009,Assam,Nalbari,1.5511999,868,82445.59375,15934.86328125,0.261704683303833,35,54,5,48,16.5,0,0,1,0,0,ghograpar part,amara
11-18-323-02138-304010,Assam,Nalbari,0.635,639,85011.1171875,16430.720703125,0.250700294971466,36,49,8,40,16,0,0,1,0,0,ghograpar part,bardhanara no-1
11-18-323-02138-304011,Assam,Nalbari,0.5783,502,90974.34375,18055.9765625,0.188931301236153,33,49,4,45,16,0,0,1,0,1,ghograpar part,datara
11-18-323-02138-304012,Assam,Nalbari,0.975,818,87310.4765625,17899.642578125,0.289293855428696,83,154,8,142,17,0,0,1,0,0,ghograpar part,dhurkuchi
11-18-323-02138-304013,Assam,Nalbari,1.2734,460,55012.0625,14262.38671875,0.327485382556915,51,80,13,56,10,0,0,1,0,0,ghograpar part,nagaon
11-18-323-02138-304014,Assam,Nalbari,2.8737,1692,67129.4296875,15236.74609375,0.450386226177216,53,89,26,63,10,0,0,1,0,1,ghograpar part,hahdali haholgili
11-18-323-02138-304015,Assam,Nalbari,3.0903,2193,61958.71875,13143.6416015625,0.496237069368362,93,153,9,144,10,0,0,1,0,0,ghograpar part,naharbari
11-18-323-02138-304016,Assam,Nalbari,3.0291,2471,66975.90625,14077.39453125,0.371867418289185,236,327,27,297,10,0,0,1,0,1,ghograpar part,rangafali rangbali
11-18-323-02138-304017,Assam,Nalbari,2.0731,1581,67923.5390625,13895.412109375,0.454256683588028,82,109,24,83,15,0,0,1,0,0,ghograpar part,velamari bhatumari
11-18-323-02138-304018,Assam,Nalbari,2.9959,2542,75346.7265625,16214.9677734375,0.330214411020279,142,218,27,186,10,0,0,1,1,0,ghograpar part,balitara no-1
11-18-323-02138-304019,Assam,Nalbari,1.2236,257,60726.703125,13611.158203125,0.469827592372894,5,6,1,5,10,0,0,1,0,0,ghograpar part,balitara no-2
11-18-323-02138-304020,Assam,Nalbari,3.1220999,767,84500.5625,16876.994140625,0.217510253190994,31,57,0,56,10,0,0,1,0,0,ghograpar part,balitara no-3
11-18-323-02138-304021,Assam,Nalbari,3.1679,1584,76146.453125,16323.955078125,0.346784353256226,59,99,7,92,10,0,0,1,0,0,ghograpar part,balitara no-4
11-18-323-02138-304022,Assam,Nalbari,3.6125,1778,79894.671875,15902.8037109375,0.302276343107224,55,79,3,75,16,0,0,1,0,0,ghograpar part,sataibari
11-18-323-02138-304023,Assam,Nalbari,3.1371,2035,61546.13671875,12972.9599609375,0.495989292860031,75,109,4,104,25,0,0,1,0,0,ghograpar part,mayusiral
11-18-323-02138-304024,Assam,Nalbari,1.8506,1409,65071.2109375,13081.54296875,0.535229504108429,95,188,19,162,22,0,0,1,1,1,ghograpar part,bangaon
11-18-323-02138-304025,Assam,Nalbari,1.3855001,1068,66123.3828125,13604.900390625,0.479784369468689,95,132,10,122,22,0,0,1,0,0,ghograpar part,madhapur
11-18-323-02138-304026,Assam,Nalbari,1.9958999,1733,60989.61328125,11218.4765625,0.597949862480164,212,458,34,317,20,0,0,1,0,1,ghograpar part,choto alliya
11-18-323-02138-304027,Assam,Nalbari,2.82,2008,99570.21875,19809.533203125,0.136927485466003,107,138,16,79,19,0,0,1,0,1,ghograpar part,namati
11-18-323-02138-304028,Assam,Nalbari,1.5419999,1256,70782.7890625,13868.1015625,0.432601869106293,100,154,70,84,25,0,0,1,0,1,ghograpar part,baralkuchi
11-18-323-02138-304029,Assam,Nalbari,2.8493,2786,69278.4765625,13046.2724609375,0.479680687189102,144,246,27,207,20,0,0,1,0,1,ghograpar part,narayangaon
11-18-323-02138-304030,Assam,Nalbari,3.4344,1995,69548.84375,13080.615234375,0.438848912715912,172,230,38,160,2,0,0,1,0,1,ghograpar part,gorguri
11-18-323-02138-304031,Assam,Nalbari,2.5086,2652,68357.6875,12510.4072265625,0.550920724868774,205,325,24,254,18,0,0,1,0,0,ghograpar part,arora arra
11-18-323-02138-304032,Assam,Nalbari,3.6859,1555,66458.8359375,13332.7919921875,0.479629635810852,104,184,69,89,9,0,0,1,0,0,ghograpar part,pub barsiral
11-18-323-02138-304033,Assam,Nalbari,2.6219,1545,60673.15625,11873.416015625,0.547945201396942,55,75,10,61,25,0,0,1,0,0,ghograpar part,bhadra bangal
11-18-323-02138-304034,Assam,Nalbari,1.4347,1506,55391.28125,9916.88671875,0.748127996921539,61,88,15,62,18,0,0,1,0,0,ghograpar part,panimazkuchi
11-18-323-02138-304035,Assam,Nalbari,1.2099,1531,65673.5234375,12059.892578125,0.555412352085114,100,126,16,106,17,0,0,1,0,1,ghograpar part,sankuriha
11-18-323-02138-304036,Assam,Nalbari,1.0839,982,61639.61328125,12450.5888671875,0.445771157741547,53,66,9,49,16,0,0,1,1,1,ghograpar part,balipara
11-18-323-02138-304037,Assam,Nalbari,2.2292,2049,69344.9375,14812.5498046875,0.369184583425522,192,252,80,158,13,0,0,1,0,0,ghograpar part,khatikuchi
11-18-323-02138-304038,Assam,Nalbari,1.1416,402,79523.2421875,14644.5361328125,0.374732345342636,40,78,12,66,13,0,0,1,0,0,ghograpar part,barbhag nalbari
11-18-323-02138-304039,Assam,Nalbari,1.2247,809,69986.1484375,14324.650390625,0.412865489721298,151,231,23,205,12,0,0,1,1,0,ghograpar part,no-3 sagarkuchi
11-18-323-02138-304040,Assam,Nalbari,1.2476001,376,61453.44921875,13254.666015625,0.468137264251709,21,30,3,27,13,0,0,1,0,0,ghograpar part,no-4 sagarkuchi
11-18-323-02138-304041,Assam,Nalbari,1.7277,766,65775.3828125,13742.6953125,0.389048993587494,21,48,2,39,11,0,0,1,0,0,ghograpar part,keherua
11-18-323-02138-304042,Assam,Nalbari,0.559,286,73186.203125,13648.8740234375,0.51446944475174,7,19,0,18,12,0,0,1,0,0,ghograpar part,barghopa
11-18-323-02138-304043,Assam,Nalbari,1.1870999,950,82036.140625,17544.36328125,0.211881190538406,38,61,9,46,11,0,0,1,0,0,ghograpar part,no-2 sagarkuchi
11-18-323-02138-304044,Assam,Nalbari,0.4666,390,69473.1328125,15304.724609375,0.311881184577942,19,36,2,33,10,0,0,1,0,0,ghograpar part,no-1 sagarkuchi
11-18-323-02138-304045,Assam,Nalbari,0.5134,128,89728.6796875,17540.9453125,0.263157904148102,10,15,7,5,13,0,0,1,0,0,ghograpar part,pachim nalbari
11-18-323-02138-304046,Assam,Nalbari,1.2801,714,70578.640625,15200.064453125,0.304526746273041,12,18,0,18,13,0,0,1,0,1,ghograpar part,hablakha halelukha
11-18-323-02138-304047,Assam,Nalbari,0.86160004,662,75767.2109375,15310.47265625,0.369170993566513,32,68,9,59,12,0,0,1,0,0,ghograpar part,nilpur
11-18-323-02138-304048,Assam,Nalbari,1.2709,709,68719.3515625,13465.2783203125,0.439189195632935,32,42,5,37,11,0,0,1,0,1,ghograpar part,bar bistupur
11-18-323-02138-304049,Assam,Nalbari,0.74300003,495,68774.3984375,15116.7490234375,0.334653466939926,19,41,6,35,10,0,0,1,0,0,ghograpar part,sahanbistupur
11-18-323-02138-304050,Assam,Nalbari,0.6344,500,73158.28125,14347.294921875,0.427561849355698,24,42,5,37,10,0,0,1,0,0,ghograpar part,khudra bistupur
11-18-323-02138-304051,Assam,Nalbari,1.5964,1078,67897.390625,13380.3291015625,0.396883606910706,67,114,31,83,10,0,0,1,0,1,ghograpar part,ghohkuchi gathiakuchi
11-18-323-02138-304052,Assam,Nalbari,1.6888001,654,76522.5859375,17194.806640625,0.160714283585548,30,43,6,37,10,0,0,1,0,0,ghograpar part,jugurkuchi sripur
11-18-323-02138-304053,Assam,Nalbari,0.8796,649,61957.02734375,13061.2119140625,0.509909927845001,8,16,2,14,12,0,0,1,0,0,ghograpar part,jab jab kuchi
11-18-323-02138-304054,Assam,Nalbari,1.8045,1588,75202.03125,16011.916015625,0.3702152967453,76,176,13,158,8,0,0,1,0,0,ghograpar part,dihjari
11-18-323-02138-304055,Assam,Nalbari,0.889,1159,70622.953125,15352.81640625,0.279503107070923,48,56,1,54,16,0,0,1,0,1,ghograpar part,dalbari kaniha
11-18-323-02138-304056,Assam,Nalbari,2.6022,1412,73352.6171875,14550.109375,0.384404927492142,51,75,7,68,15,0,0,1,0,1,ghograpar part,bhitha mahal
11-18-323-02138-304057,Assam,Nalbari,1.2858,452,79420.296875,15884.0595703125,0.318811893463135,38,41,4,37,14,0,0,1,0,0,ghograpar part,panbari
11-18-323-02138-304058,Assam,Nalbari,5.7541,3687,74630.0234375,14173.0615234375,0.413272202014923,372,554,49,480,13,1,0,1,0,1,ghograpar part,barajal
11-18-323-02138-304059,Assam,Nalbari,2.3655,1459,74158.6796875,14537.19140625,0.410634219646454,78,107,6,89,13,0,0,1,0,0,ghograpar part,akna
11-18-323-02138-304060,Assam,Nalbari,1.3037,616,89539.2109375,18576.044921875,0.220895528793335,36,50,3,47,12,0,0,1,0,1,ghograpar part,rampur agagara
11-18-323-02138-304061,Assam,Nalbari,1.2451999,660,99487.7734375,22687.50390625,0.169491529464722,54,89,3,86,11,0,0,1,0,0,ghograpar part,ponar kowniya pahar kowhiya
11-18-323-02138-304062,Assam,Nalbari,1.1691,258,74839.15625,14065.515625,0.361702114343643,26,28,2,26,12,0,0,1,0,0,ghograpar part,ghongar kuchi bhongharkuchi
11-18-323-02138-304063,Assam,Nalbari,1.1039,604,79481.2421875,16175.5380859375,0.28550511598587,46,54,11,43,13,0,0,1,0,0,ghograpar part,majarbari
11-18-323-02138-304064,Assam,Nalbari,1.9303,1683,78923.59375,15225.9677734375,0.339233040809631,113,150,15,124,10,0,0,1,1,0,ghograpar part,kayakuchi
11-18-323-02138-304065,Assam,Nalbari,0.706,1022,81246.1484375,16778.197265625,0.292980670928955,105,152,1,151,8,0,0,1,0,0,ghograpar part,dolua
11-18-323-02138-304066,Assam,Nalbari,2.2052,1010,91729.3828125,19249.779296875,0.215328469872475,103,120,10,110,12,0,0,1,0,1,ghograpar part,sathamou
11-18-323-02138-304067,Assam,Nalbari,1.4678,791,72231.1640625,15100.2568359375,0.37949401140213,34,49,5,44,11,0,0,1,0,0,ghograpar part,katuriya
11-18-323-02138-304068,Assam,Nalbari,1.9472001,803,81653.8984375,16077.4375,0.437947481870651,96,117,1,116,12,0,0,1,1,1,ghograpar part,narikuchi
11-18-323-02138-304069,Assam,Nalbari,2.0514,1101,68245.734375,14389.16015625,0.422547340393066,44,51,1,50,15,0,0,1,0,0,ghograpar part,burburi
11-18-323-02138-304070,Assam,Nalbari,0.9861,428,68496.375,14078.9306640625,0.427251726388931,16,21,1,20,15,0,0,1,0,1,ghograpar part,kayajeni kanyaguri
11-18-323-02138-304071,Assam,Nalbari,1.6180999,1164,77122.9140625,16814.78125,0.303004294633865,45,60,6,54,15,0,0,1,0,0,ghograpar part,niz kh agta
11-18-323-02138-304072,Assam,Nalbari,1.379,1214,77797.703125,16304.138671875,0.248349830508232,45,76,9,67,12,0,0,1,1,0,ghograpar part,bilpar
11-18-323-02138-304073,Assam,Nalbari,1.2152,726,76306.15625,16151.642578125,0.314789682626724,41,84,0,82,11,0,0,1,0,0,ghograpar part,katakiya katirkiya
11-18-323-02138-304074,Assam,Nalbari,2.24,2204,88684,19983.99609375,0.285067886114121,391,741,65,674,10,1,0,1,1,1,ghograpar part,baghmara
11-18-323-02138-304075,Assam,Nalbari,2.0678,1767,61343.77734375,12886.220703125,0.554157555103302,182,311,8,303,10,0,0,1,0,0,ghograpar part,paisara
11-18-323-02138-304076,Assam,Nalbari,1.3919001,1056,75674.25,14505.37109375,0.396021693944931,85,175,44,123,10,0,0,1,0,0,ghograpar part,satra
11-18-323-02138-304077,Assam,Nalbari,0.1865,203,86578.796875,17478.349609375,0.267605632543564,15,33,6,27,5,0,0,1,0,0,ghograpar part,patkata
11-18-323-02138-304078,Assam,Nalbari,0.2933,280,61513.43359375,14574.611328125,0.435540080070496,14,19,0,18,10,0,0,1,0,0,ghograpar part,chenikuchi
11-18-323-02138-304079,Assam,Nalbari,0.3071,122,49639.18359375,11516.291015625,0.592000007629395,3,3,0,3,8,0,0,1,0,0,ghograpar part,gatiyan
11-18-323-02138-304080,Assam,Nalbari,0.17,154,62801.48828125,11229.4052734375,0.642384111881256,7,11,1,10,10,0,0,1,0,0,ghograpar part,bhanukuchi
11-18-323-02138-304081,Assam,Nalbari,2.5268,2022,59082.11328125,12017.216796875,0.558187425136566,64,190,3,187,8,0,0,1,0,0,ghograpar part,guakuchi ghyakuchi
11-18-323-02138-304082,Assam,Nalbari,1.0884,357,96996.9453125,20230.791015625,0.131428569555283,13,20,6,14,14,0,0,1,0,0,ghograpar part,niz barigog
11-18-323-02138-304083,Assam,Nalbari,0.6214,546,55133.01171875,11506.8896484375,0.660617053508759,28,43,2,39,15,0,0,1,0,0,ghograpar part,nimualatima no-1
11-18-323-02138-304084,Assam,Nalbari,1.3292,1000,97590.6640625,21727.388671875,0.115060806274414,61,96,3,93,15,0,0,1,0,0,ghograpar part,ciling
11-18-323-02138-304085,Assam,Nalbari,2.3056,1295,72805.5625,14089.630859375,0.39457830786705,159,199,16,175,15,0,0,1,0,1,ghograpar part,kundar gaon
11-18-323-02138-304086,Assam,Nalbari,0.83980006,253,85312.59375,19389.2265625,0.17768594622612,39,63,9,51,15,0,0,1,0,0,ghograpar part,no-2 nimualatima
11-18-323-02138-304087,Assam,Nalbari,1.5610001,669,96167.3203125,18472.021484375,0.239002928137779,87,131,11,113,15,0,0,1,0,0,ghograpar part,kundargaon jaberihati jubrihati
11-18-323-02139-304088,Assam,Nalbari,4.1107,3261,72190.359375,14618.0537109375,0.391000300645828,163,308,23,280,40,0,0,1,1,0,baganpara part,mohina
11-18-323-02139-304089,Assam,Nalbari,4.1107,4327,90447.53125,18869.443359375,0.236439496278763,613,1211,153,1043,40,0,0,1,1,0,baganpara part,dhamdhama dhemdhema
11-18-323-02142-303625,Assam,Nalbari,4.2419,3508,93679.0625,20713.36328125,0.292048066854477,199,494,80,414,15,0,0,1,1,1,barama part,borjhar
11-18-323-02142-303626,Assam,Nalbari,3.6645002,4470,70504.03125,14968.025390625,0.419785499572754,326,556,53,487,15,0,0,1,0,0,barama part,dipta
11-18-323-02142-303627,Assam,Nalbari,5.0341,3550,64216.96875,14545.8818359375,0.441385179758072,153,516,99,411,15,0,0,1,1,0,barama part,suradi
11-18-323-02142-303628,Assam,Nalbari,2.9318,1221,78839.59375,18088.197265625,0.196993663907051,13,24,1,23,20,0,0,1,1,0,barama part,dahkaunia dahakaria
11-18-323-02142-303629,Assam,Nalbari,1.7906,893,81024.859375,18780.59765625,0.230684325098991,89,165,15,149,5,0,0,1,1,0,barama part,akhara
11-18-325-02145-304782,Assam,Darrang,1.4685,692,59911.69140625,12082.330078125,0.534075081348419,73,174,12,162,5,0,0,1,0,1,khoirabari part,no-2 boinara satra
11-18-325-02145-304783,Assam,Darrang,3.2914999,1388,73245.390625,17848.876953125,0.266894191503525,26,50,4,46,30,0,0,1,0,0,khoirabari part,barangabari
11-18-325-02145-304784,Assam,Darrang,1.8001,1186,83691.8515625,18940.443359375,0.199686765670776,128,262,36,225,10,0,0,1,0,0,khoirabari part,salaipara
11-18-325-02145-304785,Assam,Darrang,1.6895,746,71724.9140625,16448.9140625,0.236000001430511,16,28,5,22,30,0,0,0,0,1,khoirabari part,gomthapara
11-18-325-02145-304786,Assam,Darrang,3.5981,1990,68015.875,16451.130859375,0.276847302913666,59,73,15,58,30,0,0,1,0,0,khoirabari part,athiabari khat
11-18-325-02145-304787,Assam,Darrang,2.8560998,1337,62486.53125,14603.5947265625,0.402247190475464,27,36,9,26,6,0,0,1,0,0,khoirabari part,borora khat
11-18-325-02145-304788,Assam,Darrang,2.4076,1059,73997.75,17648.2890625,0.202816903591156,18,23,1,22,2.5,0,0,1,0,1,khoirabari part,kaljuri
11-18-325-02146-304789,Assam,Darrang,2.0776,893,75604.734375,16792.037109375,0.241416305303574,97,150,18,129,25,0,0,0,1,0,pathorighat part,mahtali
11-18-325-02146-304790,Assam,Darrang,2.2764,1551,75184.046875,15805.18359375,0.357697278261185,46,126,9,117,35,0,0,1,1,0,pathorighat part,hangalpara
11-18-325-02146-304791,Assam,Darrang,1.7993,1081,,,,41,61,9,52,,0,0,1,0,0,pathorighat part,borigaon
11-18-325-02146-304792,Assam,Darrang,1.089,678,72611.6015625,14761.103515625,0.36920776963234,13,15,1,14,30,0,0,1,1,0,pathorighat part,sonarisal
11-18-325-02146-304793,Assam,Darrang,1.3826,640,79282.9296875,17276.578125,0.229850739240646,6,16,0,16,,0,0,1,0,1,pathorighat part,balikuchi
11-18-325-02146-304794,Assam,Darrang,4.259,2435,72307.015625,15406.3251953125,0.270698040723801,59,116,12,104,20,0,0,1,0,0,pathorighat part,burahdaichapara
11-18-325-02146-304795,Assam,Darrang,1.935,1555,69084.265625,13701.564453125,0.394095003604889,42,59,10,49,35,0,0,1,1,0,pathorighat part,jayantipur
11-18-325-02146-304796,Assam,Darrang,1.8456,913,78323.7578125,15525.19921875,0.244988858699799,46,80,21,59,35,0,0,1,0,0,pathorighat part,chakarmukh
11-18-325-02146-304797,Assam,Darrang,2.0099,782,68139.25,13714.65234375,0.389808923006058,24,561,527,33,35,0,0,1,0,0,pathorighat part,naodingerdal
11-18-325-02146-304798,Assam,Darrang,2.5403,2057,84960.2734375,17276.51171875,0.207287043333054,97,482,302,180,18,0,0,1,0,0,pathorighat part,bishnupur
11-18-325-02146-304799,Assam,Darrang,2.1167,1305,86511.5546875,18560.890625,0.188831746578217,4,5,0,5,18,0,0,1,0,0,pathorighat part,burhagaon
11-18-325-02146-304800,Assam,Darrang,2.1042,600,77893.015625,15578.603515625,0.329850733280182,2,8,0,8,25,0,0,1,0,0,pathorighat part,padmajhar
11-18-325-02146-304801,Assam,Darrang,2.1942,1508,73917.1484375,15278.4326171875,0.314874440431595,26,56,1,43,25,0,0,1,0,0,pathorighat part,barpathar
11-18-325-02146-304802,Assam,Darrang,1.1481,916,83077.5703125,18216.34375,0.179401993751526,15,29,0,29,35,0,0,1,0,0,pathorighat part,titkuchi
11-18-325-02146-304803,Assam,Darrang,1.5016999,753,90385.0859375,18877.107421875,0.147994473576546,71,122,30,92,35,0,0,1,0,0,pathorighat part,barbari
11-18-325-02146-304804,Assam,Darrang,2.1508,2032,82273.6484375,17429.8828125,0.22538498044014,76,156,18,138,35,0,0,1,0,0,pathorighat part,salikajhar
11-18-325-02146-304805,Assam,Darrang,0.8879,261,93903.3515625,19930.5078125,0.146938771009445,31,101,5,96,30,0,0,1,0,0,pathorighat part,jayapur
11-18-325-02146-304806,Assam,Darrang,1.3814,713,85259.3984375,18986.3359375,0.176470592617989,16,44,1,43,35,0,0,1,0,0,pathorighat part,malibaritari
11-18-325-02146-304807,Assam,Darrang,1.0620999,195,82936.5703125,17521.810546875,0.150234743952751,8,22,0,22,25,0,0,1,0,0,pathorighat part,karaibari
11-18-325-02146-304808,Assam,Darrang,1.8971001,1262,71942.90625,15705.115234375,0.334293961524963,36,69,1,64,25,0,0,1,0,0,pathorighat part,kahitali
11-18-325-02146-304809,Assam,Darrang,2.9699,1021,65511.5,15603.9921875,0.32594022154808,45,82,7,74,22,0,0,1,0,1,pathorighat part,hussain chuburi
11-18-325-02146-304810,Assam,Darrang,2.1491,955,77883.078125,18461.810546875,0.210584342479706,33,62,9,53,22,0,0,1,0,0,pathorighat part,bheruadal
11-18-325-02146-304811,Assam,Darrang,3.0733,1314,84682.515625,18912.2109375,0.18879508972168,78,165,31,134,20,0,0,1,0,0,pathorighat part,bheruadolgaon
11-18-325-02146-304812,Assam,Darrang,3.1382,1777,78725.3671875,18403.33203125,0.217391297221184,49,136,16,120,25,0,0,1,0,0,pathorighat part,ghavara
11-18-325-02146-304813,Assam,Darrang,2.353,1601,96332.1171875,21844.830078125,0.150557622313499,180,365,54,308,21,1,0,1,0,1,pathorighat part,duni
11-18-325-02146-304814,Assam,Darrang,2.2226,678,72706.0625,15835.9775390625,0.217808216810226,8,33,2,31,,0,0,1,0,0,pathorighat part,tengara
11-18-325-02146-304815,Assam,Darrang,3.5612,1133,70563.0390625,15839.466796875,0.283544301986694,12,19,3,16,27,0,0,1,0,0,pathorighat part,bagachala
11-18-325-02146-304816,Assam,Darrang,0.8365,328,71862.1015625,16042.609375,0.25382262468338,7,13,0,13,27,0,0,1,0,0,pathorighat part,naopota
11-18-325-02146-304817,Assam,Darrang,2.2426,585,65335.26953125,14957.5185546875,0.260731309652329,5,7,1,6,28,0,0,1,0,0,pathorighat part,durduria
11-18-325-02146-304818,Assam,Darrang,1.8507,159,78576.5,16036.01953125,0.306122452020645,2,4,0,4,26,0,0,1,0,0,pathorighat part,chamukha dol
11-18-325-02146-304819,Assam,Darrang,1.8103,867,76008.5546875,16352.111328125,0.203243240714073,21,92,0,92,20,0,0,1,0,0,pathorighat part,ghopeli
11-18-325-02146-304820,Assam,Darrang,1.4255999,803,64991.046875,14554.8818359375,0.376047909259796,16,142,122,18,20,0,0,1,0,0,pathorighat part,baghmarapukhuri
11-18-325-02146-304821,Assam,Darrang,1.4896001,1721,83753.6640625,18912.1171875,0.160138249397278,50,139,5,130,18,0,0,1,0,0,pathorighat part,kenduguri
11-18-325-02146-304822,Assam,Darrang,1.9998,837,87318.1875,19177.357421875,0.105140186846256,39,66,7,59,18,0,0,1,0,0,pathorighat part,haripur
11-18-325-02146-304823,Assam,Darrang,1.9152,824,90109.25,20393.73046875,0.157441571354866,12,17,0,17,25,0,0,1,0,0,pathorighat part,maharipara
11-18-325-02146-304824,Assam,Darrang,2.697,1606,71904.796875,16028.5908203125,0.335616439580917,35,120,22,98,21,1,0,1,0,0,pathorighat part,kamargaon
11-18-325-02146-304825,Assam,Darrang,1.8309,1162,76442.5859375,18431.587890625,0.203045681118965,37,74,19,52,22,0,0,1,0,1,pathorighat part,dagiapara
11-18-325-02146-304826,Assam,Darrang,0.42700002,514,80780.7890625,19047.259765625,0.0884210541844368,17,29,3,25,22,0,0,0,0,0,pathorighat part,bihaigaon
11-18-325-02146-304827,Assam,Darrang,3.2396,1492,,,,69,124,0,124,20,0,0,1,0,0,pathorighat part,nagaon
11-18-325-02146-304828,Assam,Darrang,1.9775,923,73734.171875,17435.05859375,0.186458334326744,40,70,7,58,20,0,0,1,0,0,pathorighat part,khatara
11-18-325-02146-304829,Assam,Darrang,1.5024,1012,84527.1875,19864.3046875,0.122910521924496,245,572,88,476,18,1,0,1,0,1,pathorighat part,khasdipila
11-18-325-02146-304830,Assam,Darrang,1.5613999,986,74838.109375,16803.568359375,0.261954247951508,24,27,0,27,18,0,0,1,0,0,pathorighat part,goalpara
11-18-325-02146-304831,Assam,Darrang,2.792,1330,78719,16527.8125,0.298788696527481,53,86,4,82,17,0,0,1,0,0,pathorighat part,taragaon
11-18-325-02146-304832,Assam,Darrang,1.7446,568,,,,37,51,19,32,,0,0,1,0,0,pathorighat part,kumarpara
11-18-325-02146-304833,Assam,Darrang,4.283,2240,79167.2421875,19506.431640625,0.181933835148811,96,124,3,121,16,0,0,1,0,0,pathorighat part,ghorasal
11-18-325-02146-304834,Assam,Darrang,2.4083,1658,81356.5546875,19238.16015625,0.1943019926548,30,44,5,34,12,0,0,1,0,0,pathorighat part,niranchuba
11-18-325-02146-304835,Assam,Darrang,2.0021,948,79117.625,18654.4140625,0.192347466945648,14,24,0,23,12,0,0,1,0,0,pathorighat part,alikhapara
11-18-325-02146-304836,Assam,Darrang,3.0601,1788,74452.2734375,16766.287109375,0.259754747152329,91,170,15,155,16,0,0,1,0,0,pathorighat part,chengapara no-1
11-18-325-02146-304837,Assam,Darrang,2.472,1136,75824.6640625,16628.779296875,0.26587638258934,51,63,0,63,13,0,0,1,0,0,pathorighat part,sarabari barampur
11-18-325-02146-304838,Assam,Darrang,2.2759,1378,,,,34,72,3,69,,0,0,1,0,0,pathorighat part,nagaon
11-18-325-02146-304839,Assam,Darrang,0.8365,875,86052.4453125,19588.3828125,0.155152887105942,35,44,1,43,25,0,0,1,0,0,pathorighat part,naptapara
11-18-325-02146-304840,Assam,Darrang,1.3492999,735,84364.2578125,21209.552734375,0.0856741592288017,23,42,4,38,24,0,0,1,0,0,pathorighat part,lathapara
11-18-325-02146-304841,Assam,Darrang,2.3394,1224,70106.1171875,15621.4716796875,0.310559004545212,51,67,4,63,22,0,0,1,0,0,pathorighat part,katahi
11-18-325-02146-304842,Assam,Darrang,3.2493,2269,79398.28125,17283.267578125,0.152154788374901,99,173,21,151,30,0,0,1,0,0,pathorighat part,santipukhuri
11-18-325-02146-304843,Assam,Darrang,1.5372,635,77009.1484375,17588.509765625,0.165123462677002,11,17,3,14,22,0,0,1,0,0,pathorighat part,gangapukhuri
11-18-325-02146-304844,Assam,Darrang,1.4550999,378,61326.9140625,12699.0078125,0.530303001403809,5,8,0,8,22,0,0,1,0,0,pathorighat part,burahkhat
11-18-325-02146-304845,Assam,Darrang,2.7073002,1286,74647.8203125,16841.27734375,0.280487805604935,95,165,12,146,25,0,0,1,0,1,pathorighat part,niz sarabari
11-18-325-02146-304846,Assam,Darrang,1.8817999,1012,73519.296875,16810.388671875,0.264705896377564,84,144,14,129,25,0,0,1,0,0,pathorighat part,sakiapara
11-18-325-02146-304847,Assam,Darrang,1.5539,840,72745.1171875,17529.96484375,0.221187427639961,47,83,1,82,15,0,0,0,0,0,pathorighat part,bairagipara
11-18-325-02146-304848,Assam,Darrang,2.4937,1122,70723.625,16316.3212890625,0.342738598585129,54,92,1,86,15,0,0,1,0,0,pathorighat part,sanapatipara sentipukhuri
11-18-325-02146-304849,Assam,Darrang,2.0683,1345,79953.015625,18354.7421875,0.188707277178764,152,335,56,279,15,0,0,1,0,0,pathorighat part,mohaliapara
11-18-325-02146-304850,Assam,Darrang,1.8174001,954,67276.5078125,15881.2568359375,0.323420077562332,11,35,1,34,22,0,0,1,0,0,pathorighat part,samatiapara
11-18-325-02146-304851,Assam,Darrang,1.5251,1151,71548.4375,16293.802734375,0.275630265474319,36,82,9,73,20,0,0,1,0,0,pathorighat part,baneikuchi
11-18-325-02146-304852,Assam,Darrang,2.0913,1067,78072.90625,17978.7109375,0.213055297732353,22,37,6,31,18,0,0,1,0,0,pathorighat part,ramgaon
11-18-325-02146-304853,Assam,Darrang,1.5839,1450,68742.65625,16324.11328125,0.223614782094955,26,35,1,34,25,0,0,1,0,0,pathorighat part,potapukhuri
11-18-325-02146-304854,Assam,Darrang,2.2707,976,86417.265625,19852.615234375,0.126819133758545,58,141,1,137,12,0,0,1,0,0,pathorighat part,niz barampur
11-18-325-02146-304855,Assam,Darrang,1.9871001,1321,66166.859375,15539.927734375,0.307976365089417,51,74,4,68,,0,0,1,0,0,pathorighat part,ghilakuri
11-18-325-02146-304856,Assam,Darrang,1.8404,1255,80272.1953125,17593.90625,0.192541852593422,58,83,8,73,,0,0,1,0,0,pathorighat part,athkuria
11-18-325-02146-304857,Assam,Darrang,1.222,694,83211.9921875,17335.83203125,0.290322571992874,74,179,16,154,17,1,0,1,0,1,pathorighat part,patharighat
11-18-325-02146-304858,Assam,Darrang,1.8644,988,85049.5546875,20016.62890625,0.100297912955284,34,52,0,47,,0,0,1,0,1,pathorighat part,ramraipara
11-18-325-02146-304859,Assam,Darrang,3.5110002,705,66941.625,14248.6201171875,0.386880844831467,40,55,35,20,12,0,0,0,0,0,pathorighat part,hirapara
11-18-325-02146-304860,Assam,Darrang,1.862,676,73340.34375,16830.5390625,0.350486785173416,19,64,1,63,15,0,0,0,0,0,pathorighat part,bareri
11-18-325-02146-304861,Assam,Darrang,2.3644,1165,98438.1796875,21093.896484375,0.216867476701736,165,440,19,416,16,1,0,1,0,0,pathorighat part,kharkhowapara
11-18-325-02146-304862,Assam,Darrang,1.7013,1418,,,,74,164,16,148,,0,0,1,0,1,pathorighat part,kumarpara
11-18-325-02146-304863,Assam,Darrang,2.0093,1121,,,,42,63,0,58,,0,0,1,0,0,pathorighat part,borigaon
11-18-325-02146-304864,Assam,Darrang,2.5994,1632,83752.8046875,19216.01171875,0.192949905991554,43,61,4,53,16,0,0,1,0,1,pathorighat part,patidarrang
11-18-325-02146-304865,Assam,Darrang,2.5726998,1603,73525.53125,16073.6650390625,0.306683331727982,110,154,16,118,16,0,0,1,0,0,pathorighat part,lozora
11-18-325-02146-304866,Assam,Darrang,2.8585,1498,73544.9765625,15739.9130859375,0.312891125679016,97,144,23,120,,0,0,1,1,0,pathorighat part,kaoikaragaon
11-18-325-02146-304867,Assam,Darrang,1.8853999,1135,75861.25,18065.158203125,0.236497551202774,62,131,31,99,,0,0,1,0,0,pathorighat part,pipirakuchi
11-18-325-02146-304868,Assam,Darrang,1.2941,733,87526.078125,20866.396484375,0.131443291902542,85,116,18,98,18,0,0,0,0,0,pathorighat part,batabari
11-18-325-02146-304869,Assam,Darrang,2.4094,1036,83306.3046875,17903.90625,0.223748773336411,30,70,25,45,14,0,0,1,0,0,pathorighat part,no-2 chengapara
11-18-325-02146-304870,Assam,Darrang,1.7446,1354,,,,18,41,5,36,,0,0,1,0,0,pathorighat part,kumarpara
11-18-325-02146-304871,Assam,Darrang,2.2417998,1506,78807.75,17811.66796875,0.264005154371262,45,61,16,45,10,0,0,1,0,0,pathorighat part,barkaliajhar
11-18-325-02146-304872,Assam,Darrang,1.735,2705,83942.59375,19176.794921875,0.203223541378975,202,286,5,279,,0,0,1,0,0,pathorighat part,muslimghopa
11-18-325-02147-304873,Assam,Darrang,2.9705,5400,80765.4609375,19259.99609375,0.253785908222199,512,939,129,809,10,1,1,1,1,1,sipajhar,bhuktabari
11-18-325-02147-304874,Assam,Darrang,2.3589,1336,55504.6015625,13448.251953125,0.442731291055679,76,155,21,90,16,0,0,1,0,0,sipajhar,nizsipajhar
11-18-325-02147-304875,Assam,Darrang,3.082,579,73455.671875,16728.775390625,0.284246563911438,14,48,9,39,20,0,0,1,0,0,sipajhar,hatimuria -46 hatimuria
11-18-325-02147-304876,Assam,Darrang,2.4913,1,46177.89453125,46177.89453125,0,4,9,0,9,16,0,0,0,0,0,sipajhar,mahariadal
11-18-325-02147-304877,Assam,Darrang,2.6479998,5353,84911.9765625,19506.806640625,0.189929649233818,218,341,23,315,18,1,1,1,0,1,sipajhar,maroi
11-18-325-02147-304878,Assam,Darrang,2.6560998,2455,74095.2109375,14981.162109375,0.385332256555557,94,139,10,129,20,0,0,1,0,0,sipajhar,satkhali
11-18-325-02147-304879,Assam,Darrang,1.772,707,72954.453125,15425.2099609375,0.304521262645721,90,131,5,126,20,0,0,1,0,0,sipajhar,ruparikash
11-18-325-02147-304880,Assam,Darrang,2.0224001,1427,78636.0546875,17148.21484375,0.254755437374115,80,149,12,137,26,0,0,1,0,0,sipajhar,dostany
11-18-325-02147-304881,Assam,Darrang,4.3055,709,75487.0859375,16237.2509765625,0.254985749721527,10,16,1,15,26,0,0,1,0,0,sipajhar,cholardal
11-18-325-02147-304882,Assam,Darrang,7.7997,5214,66770.3828125,11351.75390625,0.63872492313385,67,97,9,88,,1,1,1,0,1,sipajhar,dhalpur no-1 dijolpur no 1
11-18-325-02147-304883,Assam,Darrang,3.42,278,83039.4765625,15155.4931640625,0.376425862312317,18,21,4,17,,0,0,0,0,0,sipajhar,dhalpur no-2 dijolpur no 2
11-18-325-02147-304884,Assam,Darrang,17.833399,6115,63005.87109375,10719.2939453125,0.647782385349274,173,260,32,228,,1,1,1,0,1,sipajhar,dhalpur no-3 dijolpur no 3
11-18-325-02147-304885,Assam,Darrang,1.844,1076,72041.25,15926.3349609375,0.298212617635727,40,54,17,37,26,0,0,1,0,1,sipajhar,rajapukhuri
11-18-325-02147-304886,Assam,Darrang,0.8124,23,73259.9140625,19979.9765625,0,,,,,25,0,0,0,0,0,sipajhar,naljhahi
11-18-325-02147-304887,Assam,Darrang,2.6119,555,80646.1875,14328.935546875,0.528473794460297,20,20,2,18,,0,0,0,0,0,sipajhar,kamarchuba
11-18-325-02147-304888,Assam,Darrang,4.3986998,2741,74122.1015625,16044.3193359375,0.304472267627716,40,106,6,100,26,0,0,1,0,0,sipajhar,sanowatari
11-18-325-02147-304889,Assam,Darrang,1.2754,599,78374.25,16613.896484375,0.261136710643768,10,12,2,10,,0,0,0,0,0,sipajhar,sanowa
11-18-325-02147-304890,Assam,Darrang,1.68,941,100861.9609375,18192.28125,0.228220865130425,17,21,1,20,,0,0,0,0,0,sipajhar,niz salmara
11-18-325-02147-304891,Assam,Darrang,2.3718,131,95015.921875,21926.75,0,1,1,0,1,24,0,0,0,0,0,sipajhar,ganakbari
11-18-325-02147-304892,Assam,Darrang,1.6466,1798,76814.390625,12617.34375,0.574901461601257,29,42,6,36,25,0,0,1,0,0,sipajhar,barbari
11-18-325-02147-304893,Assam,Darrang,2.4428,207,55250.875,12891.87109375,0.476190477609634,3,35,0,35,27,0,0,0,1,0,sipajhar,majar chuba no-1
11-18-325-02147-304894,Assam,Darrang,4.1225,1037,58221.24609375,12239.6943359375,0.524621188640595,37,63,0,63,32,0,0,1,0,0,sipajhar,khalihai gaon
11-18-325-02147-304895,Assam,Darrang,1.3025,774,72975.890625,15016.3681640625,0.392722696065903,19,28,3,25,32,0,0,1,0,0,sipajhar,khalihai pathar
11-18-325-02147-304896,Assam,Darrang,6.99,1363,67954.234375,15013.14453125,0.339389532804489,43,150,102,48,26,0,0,1,0,0,sipajhar,kuwari gaon
11-18-325-02147-304897,Assam,Darrang,1.9429,717,63085.5078125,13138.0947265625,0.561938941478729,42,179,93,86,25,0,0,1,1,0,sipajhar,gandhia pathar
11-18-325-02147-304898,Assam,Darrang,2.728,511,70743.9609375,16315.490234375,0.30811807513237,16,21,1,19,28,0,0,1,0,1,sipajhar,bajana pathar
11-18-325-02147-304899,Assam,Darrang,1.1477,95,69911.0859375,12484.1220703125,0.46428570151329,,,,,,0,0,0,0,0,sipajhar,khatar pathar
11-18-325-02147-304900,Assam,Darrang,2.2493,2413,75039.765625,17438.166015625,0.259579718112946,66,122,6,116,33,0,0,1,0,0,sipajhar,upper kuruwa
11-18-325-02147-304901,Assam,Darrang,1.9692,438,64996.62890625,14839.4130859375,0.413242012262344,14,43,2,41,,0,0,1,1,1,sipajhar,veheni chapari
11-18-325-02147-304902,Assam,Darrang,0.8582,132,44088.65234375,6980.703125,0.925000011920929,,,,,,0,0,0,0,0,sipajhar,k kuruwa kuruwagaon
11-18-325-02147-304903,Assam,Darrang,5.6362,4370,64618.05859375,10045.87109375,0.723560750484467,59,96,29,67,45,0,0,1,0,0,sipajhar,phuhuratali
11-18-325-02147-304904,Assam,Darrang,61.063797,6190,69060.3515625,11474.423828125,0.576539397239685,115,232,11,213,40,1,1,1,0,1,sipajhar,kira kara n c
11-18-325-02147-304905,Assam,Darrang,1.9649,1477,86841.765625,18839.2890625,0.155700325965881,32,62,12,50,33,0,0,1,0,0,sipajhar,bhati kuruah
11-18-325-02147-304906,Assam,Darrang,1.4806,623,79602.640625,19262.4453125,0.129737615585327,16,40,0,40,34,0,0,1,0,0,sipajhar,pachim kuruah
11-18-325-02147-304907,Assam,Darrang,5.5934997,33,78112.2578125,17087.056640625,0,20,33,7,26,34,0,0,0,0,0,sipajhar,dakhin kuruah
11-18-325-02147-304908,Assam,Darrang,0.5279,34,73164.2734375,24388.091796875,0,,,,,33,0,0,0,0,0,sipajhar,dakhin kuruah no-2
11-18-325-02147-304909,Assam,Darrang,0.4568,10,87880.375,55923.875,0,,,,,33,0,0,0,0,0,sipajhar,dakhin kuruah no-1
11-18-325-02147-304910,Assam,Darrang,2.0117998,24,46177.89453125,15392.6318359375,0,,,,,23,0,0,0,0,0,sipajhar,kurua chapari
11-18-325-02147-304911,Assam,Darrang,1.6519,105,64982.26171875,12519.517578125,0.385321110486984,10,15,0,15,30,0,0,1,0,0,sipajhar,suktaguri pathar
11-18-325-02147-304912,Assam,Darrang,1.1909,450,65214.60546875,13624.6474609375,0.504694819450378,8,11,0,10,27,0,0,1,0,0,sipajhar,tekeliakur grant
11-18-325-02147-304913,Assam,Darrang,1.9675,966,60909.76171875,13395.3427734375,0.455621302127838,21,32,2,30,25,0,0,1,0,1,sipajhar,baman pathar
11-18-325-02147-304915,Assam,Darrang,1.1707,1282,73793.734375,15984.0009765625,0.268679231405258,77,157,41,116,32,0,0,1,0,0,sipajhar,salmara
11-18-325-02147-304916,Assam,Darrang,1.8916,1082,79052.15625,16810.357421875,0.17048579454422,28,41,4,37,15,0,0,1,0,0,sipajhar,hetemtola
11-18-325-02147-304917,Assam,Darrang,1.17,866,75713.4765625,15242.6474609375,0.418041795492172,52,95,32,63,28,0,0,1,1,0,sipajhar,khanapara pt-1
11-18-325-02147-304918,Assam,Darrang,1.5906,261,71622.9609375,14738.2978515625,0.505415141582489,13,31,0,25,28,0,0,1,0,0,sipajhar,khanapara pt-2
11-18-325-02147-304919,Assam,Darrang,2.3619,1314,89434.1484375,19794.41015625,0.155588015913963,28,51,4,46,30,0,0,1,0,0,sipajhar,kalitapara
11-18-325-02147-304920,Assam,Darrang,2.5447,647,59838.59765625,13087.0029296875,0.490647494792938,7,9,0,9,22,0,0,1,0,0,sipajhar,chamuapara
11-18-325-02147-304921,Assam,Darrang,1.9129,585,70814.953125,14758.2822265625,0.422066539525986,69,111,28,81,30,0,0,0,0,0,sipajhar,kowarijan
11-18-325-02147-304922,Assam,Darrang,3.927,590,54576.62109375,10308.9169921875,0.682539701461792,34,47,10,33,50,0,0,1,0,0,sipajhar,suktaguri no-2
11-18-325-02147-304923,Assam,Darrang,3.1141,4070,61139.1640625,12557.7529296875,0.458677679300308,307,383,24,271,45,0,0,1,0,0,sipajhar,suktaguri no-1
11-18-325-02147-304924,Assam,Darrang,1.2026,680,78401.96875,17511.681640625,0.162043794989586,47,138,63,75,22,0,0,1,0,1,sipajhar,majar chuba majar chuba no-2
11-18-325-02147-304925,Assam,Darrang,3.1426,2750,86237.5859375,19713.283203125,0.220774382352829,212,407,74,333,13,1,0,1,1,1,sipajhar,kabai chuba
11-18-325-02147-304926,Assam,Darrang,1.9621,2444,97870.09375,22554.2578125,0.116673558950424,150,402,28,373,15,0,0,1,0,0,sipajhar,dakhin chuburi
11-18-325-02147-304927,Assam,Darrang,2.1861,1809,90527.1015625,21549.38671875,0.0847826078534126,133,416,34,382,16,0,0,1,0,1,sipajhar,satgharia
11-18-325-02147-304928,Assam,Darrang,1.9674001,1058,83026.734375,17268.328125,0.208913654088974,47,63,8,55,10,0,0,1,1,0,sipajhar,ghopa
11-18-325-02147-304929,Assam,Darrang,1.9954,1198,86762.390625,18753.51953125,0.174095883965492,67,98,10,87,15,0,0,1,1,0,sipajhar,barathiabari
11-18-325-02147-304930,Assam,Darrang,1.393,755,103074.3515625,23011.314453125,0.087186262011528,68,73,13,60,15,0,0,1,0,0,sipajhar,chotoathiabari
11-18-325-02147-304931,Assam,Darrang,2.4261,2179,93820.4765625,21516.9375,0.127264693379402,147,211,17,192,13,0,0,1,1,1,sipajhar,pakabangipara
11-18-325-02147-304932,Assam,Darrang,1.1146,781,90661.875,19217.60546875,0.233167082071304,47,72,13,59,15,0,0,1,0,0,sipajhar,satmadar
11-18-325-02147-304933,Assam,Darrang,2.2879,2769,81062.515625,18405.6328125,0.25856164097786,146,273,24,248,15,0,0,1,0,1,sipajhar,hazarikapara
11-18-325-02147-304934,Assam,Darrang,2.4809,2870,78112.4609375,18011.689453125,0.199728727340698,110,174,22,150,10,0,0,1,1,0,sipajhar,pithakhowa
11-18-325-02147-304935,Assam,Darrang,3.0693,2258,77087.2421875,16033.0634765625,0.299254059791565,64,103,5,98,15,0,0,1,0,0,sipajhar,jhakuwapara
11-18-325-02147-304936,Assam,Darrang,1.5178,2096,70091.984375,15515.068359375,0.31891393661499,86,113,17,96,15,0,0,1,1,1,sipajhar,debananda satra
11-18-325-02147-304937,Assam,Darrang,2.2948,864,68538.0546875,15081.53125,0.361751139163971,35,61,0,53,15,0,0,1,0,0,sipajhar,kachari para
11-18-325-02147-304938,Assam,Darrang,1.4748,712,81459.03125,21142.857421875,0.126482218503952,21,67,3,63,12,0,0,1,0,0,sipajhar,balipara
11-18-325-02147-304939,Assam,Darrang,1.5436,1645,84357.1484375,20108.6796875,0.184814602136612,82,153,10,142,20,0,0,1,0,0,sipajhar,byas para
11-18-325-02147-304940,Assam,Darrang,1.503,894,99920.9140625,26108.3671875,0.0860215052962303,52,133,9,124,16,0,0,1,1,0,sipajhar,pachim chuba
11-18-325-02147-304941,Assam,Darrang,2.1784,1228,78120.765625,20989.4296875,0.158490568399429,54,92,13,79,18,0,0,1,0,0,sipajhar,nayak para
11-18-325-02147-304942,Assam,Darrang,2.01,702,83164.5,22208.044921875,0.151599436998367,36,104,4,97,18,0,0,1,0,0,sipajhar,meta para
11-18-325-02147-304943,Assam,Darrang,2.2993,1432,84814.984375,20759.6875,0.174738213419914,33,54,4,50,22,0,0,1,0,1,sipajhar,gharoa sonapur
11-18-325-02147-304944,Assam,Darrang,2.8835998,813,76961.2421875,18633.744140625,0.194199249148369,19,83,0,83,21,0,0,1,0,0,sipajhar,dheki para
11-18-325-02147-304945,Assam,Darrang,1.58,1078,76035.6484375,19795.48828125,0.206034481525421,16,31,0,31,20,0,0,1,0,0,sipajhar,khatikuchi
11-18-325-02147-304946,Assam,Darrang,1.2988,1183,73954.625,18337.671875,0.19450631737709,8,33,0,33,16,0,0,1,0,0,sipajhar,dhoka para
11-18-325-02147-304947,Assam,Darrang,1.22213,946,79426.171875,19635.244140625,0.234042555093765,12,22,0,22,20,0,0,1,0,0,sipajhar,duari para
11-18-325-02147-304948,Assam,Darrang,2.1023,1291,71372.171875,16674.748046875,0.325148820877075,12,36,1,35,22,0,0,1,0,0,sipajhar,gopalpur
11-18-325-02147-304949,Assam,Darrang,2.1149,801,77187.625,17489.34765625,0.193670883774757,7,12,1,11,25,0,0,1,0,0,sipajhar,solpam
11-18-325-02147-304950,Assam,Darrang,2.2115,1131,78342.875,16830.693359375,0.281329929828644,21,35,2,31,22,0,0,1,0,0,sipajhar,bachachuba
11-18-325-02147-304951,Assam,Darrang,2.288,937,80250.9375,18600.673828125,0.208502024412155,46,98,6,92,27,0,0,0,0,0,sipajhar,patgirichuba
11-18-325-02147-304952,Assam,Darrang,3.0441,877,90902.1953125,19881.65234375,0.134160086512566,18,57,7,50,32,0,0,1,0,0,sipajhar,khas sonapur
11-18-325-02147-304953,Assam,Darrang,0.1285,98,85497.25,19862.998046875,0.0808080807328224,6,18,0,18,26,0,0,0,0,0,sipajhar,malibaritari
11-18-325-02147-304954,Assam,Darrang,0.9485,487,81841.9140625,17724.70703125,0.175141245126724,43,73,4,69,25,0,0,1,0,0,sipajhar,haldha
11-18-325-02147-304955,Assam,Darrang,1.5795,457,67217.1015625,15555.5498046875,0.265392780303955,14,16,0,16,25,0,0,1,0,0,sipajhar,maijali
11-18-325-02147-304956,Assam,Darrang,1.9494001,1961,79097.125,17115.96875,0.344827592372894,185,347,25,318,16,1,0,1,1,1,sipajhar,dumunichoki
11-18-325-02147-304957,Assam,Darrang,3.1320999,2509,76833.6484375,16118.52734375,0.328375726938248,165,349,43,304,16,0,0,1,0,0,sipajhar,maruwa chuburi
11-18-325-02147-304958,Assam,Darrang,3.9134,867,71740.171875,15606.076171875,0.311875700950623,29,37,0,33,24,0,0,1,0,0,sipajhar,badiasisa
11-18-325-02147-304959,Assam,Darrang,2.5738,346,58818.05859375,14414.56640625,0.41126760840416,8,14,1,13,25,0,0,1,0,0,sipajhar,kanidal
11-18-325-02147-304960,Assam,Darrang,1.9345,1681,70666.046875,16329.8662109375,0.341935485601425,27,46,4,42,25,0,0,1,0,0,sipajhar,singmari
11-18-325-02147-304961,Assam,Darrang,2.0115,230,54622.70703125,14876.9169921875,0.585365831851959,3,7,2,5,23,0,0,1,0,0,sipajhar,sutiakata
11-18-325-02147-304962,Assam,Darrang,2.4923,866,77158.53125,18806.29296875,0.239179953932762,10,32,0,27,23,0,0,1,0,0,sipajhar,punia
11-18-325-02147-304963,Assam,Darrang,3.1608999,2272,73135.140625,17908.69140625,0.227848097681999,117,233,111,117,18,0,0,1,1,0,sipajhar,bijulibari
11-18-325-02147-304964,Assam,Darrang,2.8207002,1412,72509.25,17813.69140625,0.229757785797119,108,193,14,170,23,0,0,1,0,0,sipajhar,narikali
11-18-325-02147-304965,Assam,Darrang,3.1044,27,61931.578125,17418.255859375,0.3125,1,284,284,0,,0,0,0,1,1,sipajhar,bhotardal
11-18-325-02148-304966,Assam,Darrang,3.17,1284,79156.9609375,16801.8984375,0.226819917559624,36,76,2,74,10,0,0,1,0,0,mangaldoi part,barampur
11-18-325-02148-304967,Assam,Darrang,1.3147999,570,71347.28125,15740.0615234375,0.293075680732727,17,30,0,30,10,0,0,0,0,0,mangaldoi part,jaberikuchi
11-18-325-02148-304968,Assam,Darrang,1.6000999,868,72732.46875,17219.90234375,0.251891881227493,31,68,3,65,10,0,0,0,0,0,mangaldoi part,dekargaon
11-18-325-02148-304969,Assam,Darrang,1.52,740,75332.5546875,15744.1064453125,0.257936507463455,8,16,1,15,14,0,0,0,0,0,mangaldoi part,kachomari
11-18-325-02148-304970,Assam,Darrang,1.6586,1085,63342.75390625,14817.970703125,0.364181667566299,15,28,0,28,12,0,0,1,0,0,mangaldoi part,bologaratuk
11-18-325-02148-304971,Assam,Darrang,2.0528998,587,79167.9453125,16291.3623046875,0.214285716414452,68,152,17,135,8,0,0,0,0,0,mangaldoi part,ramhari chuba
11-18-325-02148-304972,Assam,Darrang,2.5596,500,79539,17359.703125,0.22420634329319,20,53,14,39,12,0,0,0,0,0,mangaldoi part,dewanagaon
11-18-325-02148-304973,Assam,Darrang,2.8673,731,78418.5,17997.689453125,0.209016397595406,14,102,87,15,12,0,0,0,0,0,mangaldoi part,barangabari
11-18-325-02148-304974,Assam,Darrang,2.4435,1295,68910.2109375,16332.7783203125,0.277249455451965,44,90,9,81,6,0,0,1,0,0,mangaldoi part,daha chuburi
11-18-325-02148-304975,Assam,Darrang,1.19,408,75710.828125,18071.6796875,0.236180901527405,8,11,0,11,10,0,0,0,0,0,mangaldoi part,maz chuburi
11-18-325-02148-304976,Assam,Darrang,2.07,629,69522.1015625,17303.279296875,0.174814820289612,9,13,0,13,10,0,0,0,0,0,mangaldoi part,jogipara
11-18-325-02148-304977,Assam,Darrang,1.7778,695,83038.125,18230.75,0.0892351269721984,19,48,4,44,11,0,0,0,0,0,mangaldoi part,naharbari
11-18-325-02148-304978,Assam,Darrang,1.4968,824,83052.21875,18615.15234375,0.139162555336952,34,85,6,79,10,0,0,0,0,0,mangaldoi part,niz chapai
11-18-325-02148-304979,Assam,Darrang,2,1694,85535.3125,21046.6953125,0.0985360369086265,23,53,12,41,7,0,0,1,1,0,mangaldoi part,adhikari
11-18-325-02148-304980,Assam,Darrang,2.78,2300,82484.0546875,19111.72265625,0.206582933664322,100,143,17,126,5,0,0,1,1,0,mangaldoi part,chamuapara
11-18-325-02148-304981,Assam,Darrang,2.2755,1046,80544.8125,18432.185546875,0.193087011575699,35,75,26,48,6,0,0,1,0,1,mangaldoi part,adhamapara
11-18-325-02148-304982,Assam,Darrang,1.2955,667,71038.6484375,15808.6005859375,0.233802810311317,15,38,21,16,10,0,0,0,0,0,mangaldoi part,lankapuri
11-18-325-02148-304983,Assam,Darrang,2.28,2647,82952.7265625,18675.017578125,0.316674441099167,25,72,2,70,15,0,0,1,0,0,mangaldoi part,salaipara
11-18-325-02148-304984,Assam,Darrang,2.4299002,1634,75375.03125,15503.63671875,0.335148215293884,61,85,10,67,7,0,0,1,0,0,mangaldoi part,gadhiapara
11-18-325-02148-304985,Assam,Darrang,3.15,2443,85733.8359375,20874.021484375,0.101957581937313,62,125,23,102,6,0,0,1,0,0,mangaldoi part,bezpara
11-18-325-02148-304986,Assam,Darrang,1.45,1431,94547.46875,22468.626953125,0.193635746836662,107,198,18,180,1,0,0,1,0,0,mangaldoi part,saikiapara
11-18-325-02148-304987,Assam,Darrang,2.03,2057,85177.09375,20531.556640625,0.198935136198998,125,204,33,168,4,0,0,1,0,0,mangaldoi part,medhipara
11-18-325-02148-304988,Assam,Darrang,0.8376,2879,102051.296875,25276.189453125,0.165922358632088,108,216,21,195,1,0,0,1,0,1,mangaldoi part,mangaldai gaon
11-18-325-02148-304989,Assam,Darrang,0.4432,760,110911.9453125,27354.29296875,0.105121292173862,7,8,0,8,1,0,0,0,0,0,mangaldoi part,tengabari
11-18-325-02148-304990,Assam,Darrang,2.421,1419,82502.375,18991.744140625,0.264048755168915,33,56,16,40,7,0,0,1,0,0,mangaldoi part,barathiabari
11-18-325-02148-304991,Assam,Darrang,2.2119,838,67138.2734375,16802.67578125,0.329018324613571,87,155,13,142,8,0,0,0,0,0,mangaldoi part,choto athiabari
11-18-325-02148-304992,Assam,Darrang,1.6391001,798,81455.8515625,17533.548828125,0.34194341301918,43,56,3,53,7,0,0,0,0,0,mangaldoi part,patalsingpara
11-18-325-02148-304993,Assam,Darrang,2.162,995,78304.265625,16866.70703125,0.245614036917686,16,27,2,25,6,0,0,0,0,0,mangaldoi part,na hawli
11-18-325-02148-304994,Assam,Darrang,2.7,1639,83073.96875,18622.625,0.245317220687866,41,57,14,40,5,0,0,1,0,1,mangaldoi part,gakhir khowa para
11-18-325-02148-304995,Assam,Darrang,1.89,694,,,,10,12,2,10,6,0,0,0,0,0,mangaldoi part,kumar para
11-18-325-02148-304996,Assam,Darrang,1.58,668,72502.5546875,17528.08984375,0.284340649843216,27,39,16,23,7,0,0,0,0,0,mangaldoi part,keot para
11-18-325-02148-304997,Assam,Darrang,1.9327999,824,86777.859375,18172.3046875,0.13882352411747,75,171,19,152,12,0,0,1,0,0,mangaldoi part,kabikara kalikara
11-18-325-02148-304998,Assam,Darrang,1.9025999,576,73369.6640625,16691.91015625,0.242784380912781,15,26,2,24,8,0,0,1,0,0,mangaldoi part,ganak para
11-18-325-02148-304999,Assam,Darrang,1.6506,1577,83812.078125,20311.734375,0.147407874464989,69,129,33,96,8,0,0,1,0,1,mangaldoi part,niz dahi
11-18-325-02148-305000,Assam,Darrang,1.84,1095,78793.21875,18547.91015625,0.190476194024086,74,148,24,118,10,0,0,1,0,0,mangaldoi part,bar satra
11-18-325-02148-305001,Assam,Darrang,2.33,1482,70281.109375,15751.86328125,0.311140418052673,161,279,18,203,5,0,0,1,0,0,mangaldoi part,baranga bari
11-18-325-02148-305002,Assam,Darrang,1.37,596,72065.9453125,15178.0673828125,0.320066332817078,49,62,8,21,10,0,0,0,0,0,mangaldoi part,tamulipara
11-18-325-02148-305003,Assam,Darrang,2.68,1829,65050.67578125,16151.921875,0.320586681365967,119,161,11,106,8,0,0,1,0,0,mangaldoi part,nagaon
11-18-325-02148-305004,Assam,Darrang,2.167,1015,65734.453125,15498.857421875,0.301834851503372,31,98,2,96,10,0,0,1,0,0,mangaldoi part,jhargaon
11-18-325-02148-305005,Assam,Darrang,1.45,580,64409.66015625,14634.0341796875,0.301391035318375,16,38,0,38,10,0,0,0,0,0,mangaldoi part,sareng chuburi
11-18-325-02148-305006,Assam,Darrang,2.05,776,78723.4296875,19023.142578125,0.245501279830933,32,48,0,48,25,0,0,0,0,0,mangaldoi part,kameipara
11-18-325-02148-305007,Assam,Darrang,2.3344,1545,78823.0234375,17532.416015625,0.224892169237137,65,112,3,109,25,0,0,1,0,0,mangaldoi part,gariapara
11-18-325-02148-305008,Assam,Darrang,2.2994,815,79278.109375,18425.783203125,0.205005958676338,66,115,2,113,25,0,0,0,0,0,mangaldoi part,alagjhari
11-18-325-02148-305009,Assam,Darrang,1.35,959,61750.85546875,15131.00390625,0.337748348712921,9,32,0,32,10,0,0,0,0,0,mangaldoi part,barnagaon
11-18-325-02148-305010,Assam,Darrang,1.9394001,588,76173.3359375,17312.12109375,0.194357365369797,5,7,0,7,13,0,0,0,1,0,mangaldoi part,choto nagaon
11-18-325-02148-305011,Assam,Darrang,1.41,2149,75075.8125,16273.263671875,0.265938073396683,41,86,5,81,13,0,0,1,1,0,mangaldoi part,barthekera bari
11-18-325-02148-305012,Assam,Darrang,0.8609,312,77064.546875,18557.349609375,0.314381271600723,10,17,0,17,14,0,0,0,1,0,mangaldoi part,garkhowa para
11-18-325-02148-305013,Assam,Darrang,0.945,894,71997.90625,16398.654296875,0.225596532225609,26,34,1,33,10,0,0,1,0,0,mangaldoi part,bhaluk khowa para
11-18-325-02148-305014,Assam,Darrang,1.0999,1153,70171.2421875,15559.974609375,0.427955120801926,25,81,2,79,9,0,0,1,0,0,mangaldoi part,daria para
11-18-325-02148-305015,Assam,Darrang,1.8883001,2636,71769.0546875,16128.482421875,0.289364904165268,100,149,15,130,18,0,0,1,0,0,mangaldoi part,niz rangamari
11-18-325-02148-305016,Assam,Darrang,1.9675,432,69864.7890625,15680.763671875,0.266666680574417,7,12,0,12,11,0,0,1,0,0,mangaldoi part,bhokelimara dal
11-18-325-02148-305017,Assam,Darrang,0.77779996,119,68655.0234375,15756.890625,0.213114753365517,1,1,0,1,7,0,0,0,0,0,mangaldoi part,bhanguri chuba
11-18-325-02148-305018,Assam,Darrang,2.4719,2427,66228.828125,14275.7548828125,0.496776789426804,65,111,27,83,5,0,0,1,0,0,mangaldoi part,saruthekerabari
11-18-325-02148-305019,Assam,Darrang,1.78,517,68740.875,18082.953125,0.367537319660187,28,42,4,38,10,0,0,0,1,0,mangaldoi part,ghatua para
11-18-325-02148-305020,Assam,Darrang,3.51,1826,96760.3125,25536.107421875,0.051404345780611,100,321,38,283,8,0,0,1,0,0,mangaldoi part,bainaojha para
11-18-325-02148-305021,Assam,Darrang,1.75,1602,71656.171875,15676.076171875,0.400115132331848,241,423,47,374,8,0,0,1,0,0,mangaldoi part,kuyapanipara
11-18-325-02148-305022,Assam,Darrang,1.9908999,853,67716.3359375,15765.4443359375,0.492239475250244,46,123,7,114,5,0,0,1,0,1,mangaldoi part,chengeliapara
11-18-325-02148-305023,Assam,Darrang,2.1966,1264,81244.0703125,18490.466796875,0.154325798153877,50,125,30,95,7,0,0,1,0,0,mangaldoi part,pakabangipara
11-18-325-02148-305024,Assam,Darrang,1.7,1214,60243.05859375,13173.880859375,0.514806389808655,15,26,11,15,6,0,0,1,0,0,mangaldoi part,barkumar para
11-18-325-02148-305025,Assam,Darrang,2.3525,2214,106603.109375,25260.71875,0.203237414360046,110,900,327,573,3,0,0,1,0,0,mangaldoi part,kowar para
11-18-325-02148-305026,Assam,Darrang,1.925,1491,,,,14,30,0,30,3,0,0,1,0,1,mangaldoi part,kumar para
11-18-325-02148-305027,Assam,Darrang,1.32,1923,138947.1875,33146.796875,0.0780829265713691,64,274,63,210,2,0,0,1,0,1,mangaldoi part,upahupara
11-18-325-02148-305028,Assam,Darrang,1.3598,857,80388.578125,19363.00390625,0.142694070935249,17,25,2,23,4,0,0,1,0,1,mangaldoi part,hengerajhar
11-18-325-02148-305029,Assam,Darrang,2.13,1246,79129.015625,17992.072265625,0.206083655357361,33,60,3,57,6,0,0,1,0,0,mangaldoi part,kanai chuba kania para
11-18-325-02148-305030,Assam,Darrang,2.23,2110,84577.6484375,18873.01953125,0.186721995472908,88,151,23,128,6,0,0,1,0,0,mangaldoi part,mollapara
11-18-325-02148-305031,Assam,Darrang,1.68,938,87823.46875,19241.150390625,0.152928411960602,23,43,3,40,4,0,0,1,0,0,mangaldoi part,no-2 bezpara
11-18-325-02148-305032,Assam,Darrang,1.7,2295,88171.296875,18858.111328125,0.272370129823685,75,121,12,109,2.5,0,0,1,0,1,mangaldoi part,mohanpur
11-18-325-02148-305033,Assam,Darrang,1.33,625,112465.96875,26659.908203125,0.0329670347273349,19,29,9,20,2,0,0,0,0,1,mangaldoi part,bamunpara
11-18-325-02148-305034,Assam,Darrang,0.71,1529,106803.4375,24602.935546875,0.152976185083389,62,91,5,82,1,0,0,1,0,0,mangaldoi part,bhebarghat
11-18-325-02148-305035,Assam,Darrang,2.0202,919,84779.109375,19116.859375,0.169117644429207,24,42,1,41,2,0,0,0,0,0,mangaldoi part,no-1 bezpara
11-18-325-02148-305036,Assam,Darrang,0.49,149,70181.0546875,13866.728515625,0.320526897907257,1,4,0,4,20,0,0,1,0,0,mangaldoi part,kaniatari
11-18-325-02148-305037,Assam,Darrang,2.38,204,54308.984375,24379.18359375,0.122244492173195,,,,,20,0,0,1,0,0,mangaldoi part,no-1 ghotarah chapori
11-18-325-02148-305038,Assam,Darrang,1.63,765,58230.57421875,12309.5009765625,0.586075961589813,11,23,0,23,,0,0,1,0,0,mangaldoi part,no-2 ghotarah chapori
11-18-325-02148-305039,Assam,Darrang,2.58,379,66772.1953125,14403.1474609375,0.298210740089417,15,29,0,29,20,0,0,0,0,0,mangaldoi part,no-1 rowmari
11-18-325-02148-305040,Assam,Darrang,0.49,98,62453.6171875,12687.8154296875,0.465483248233795,2,4,0,4,,0,0,0,0,0,mangaldoi part,no-2 rowmari
11-18-325-02148-305041,Assam,Darrang,3.87,1480,60967.125,13972.453125,0.426726907491684,9,24,0,24,20,0,0,1,0,0,mangaldoi part,bhokeli kanda
11-18-325-02148-305042,Assam,Darrang,2.2244,111,66863.5625,52868.859375,0,1,1,0,1,13,0,0,0,0,0,mangaldoi part,medhi chapori
11-18-325-02148-305043,Assam,Darrang,3.5567002,205,64342.03515625,35166.69921875,0.0769230797886848,0,0,0,0,8,0,0,0,0,0,mangaldoi part,khodoumara
11-18-325-02148-305044,Assam,Darrang,2.0798,586,55517.8828125,12252.8046875,0.549467265605927,4,9,0,9,7,0,0,1,0,0,mangaldoi part,monitari
11-18-325-02148-305045,Assam,Darrang,4.37,529,58792.1015625,12878.26953125,0.470476180315018,7,19,0,19,20,0,0,1,0,0,mangaldoi part,no-1 borolekhaiti
11-18-325-02148-305046,Assam,Darrang,0.5293,600,51811.82421875,8593.587890625,0.805152952671051,3,11,0,11,42,0,0,1,1,0,mangaldoi part,no-2 borolekhaiti
11-18-325-02148-305047,Assam,Darrang,4.3712,846,70648.9921875,12457.220703125,0.531442642211914,47,132,10,122,20,0,0,1,0,0,mangaldoi part,no-3 borolekhaiti
11-18-325-02148-305048,Assam,Darrang,1.7339,267,70330.5625,14732.8544921875,0.264525979757309,3,3,0,2,14,0,0,0,0,0,mangaldoi part,bherpori chapori
11-18-325-02148-305049,Assam,Darrang,1.9077001,43,46576.69140625,25405.466796875,0.145454540848732,,,,,16,0,0,0,0,0,mangaldoi part,no-1 bhokelimara chapori
11-18-325-02148-305050,Assam,Darrang,0.3404,58,41368.83984375,35577.19921875,0.0799999982118606,,,,,12,0,0,0,0,0,mangaldoi part,no-2 bhokelimara chapori
11-18-325-02148-305051,Assam,Darrang,1.617,178,44309.0078125,21576.560546875,0.413043469190598,,,,,12,0,0,0,0,0,mangaldoi part,no-1 bangalpota
11-18-325-02148-305052,Assam,Darrang,2.0586,841,63782.62890625,14416.6220703125,0.423515975475311,15,20,0,12,15,0,0,0,0,0,mangaldoi part,no-2 bangalpota
11-18-325-02148-305053,Assam,Darrang,3.3438,145,68052.1484375,25611.021484375,0.430107533931732,2,2,0,1,12,0,0,0,0,0,mangaldoi part,no-3 bangalpota
11-18-325-02148-305054,Assam,Darrang,3.18,217,55416.87109375,8094.59912109375,0.842696607112885,,,,,12,0,0,0,0,0,mangaldoi part,no-1 hetow chapori
11-18-325-02148-305055,Assam,Darrang,7.55,144,51200.1796875,9409.7626953125,0.781081080436707,,,,,15,0,0,0,0,0,mangaldoi part,no-2 hetow chapori
11-18-325-02148-305056,Assam,Darrang,1.6250999,1470,51133.0390625,12188.3154296875,0.553459107875824,36,45,3,37,6,0,0,1,0,0,mangaldoi part,dalgaon grant
11-18-325-02148-305057,Assam,Darrang,1.1132,1129,58444.51171875,13558.3056640625,0.481546580791473,41,54,14,34,11,0,0,1,0,0,mangaldoi part,kacharibari bagicha
11-18-325-02148-305058,Assam,Darrang,1.5757,1484,61461.92578125,14454.791015625,0.452711224555969,8,30,0,30,5,0,0,1,0,0,mangaldoi part,chalani kuchi
11-18-325-02148-305059,Assam,Darrang,0.64589995,1188,71519.1484375,15686.5712890625,0.311941504478455,30,50,0,50,6,0,0,1,0,0,mangaldoi part,rajapukhuri bagicha
11-18-325-02148-305060,Assam,Darrang,2.1978,1819,80661.5,16612.98046875,0.24255096912384,27,39,6,33,8,0,0,1,0,0,mangaldoi part,grand land bagicha
11-18-325-02148-305061,Assam,Darrang,1.0541,1044,54596.0625,12348.0595703125,0.484652668237686,22,38,22,16,10,0,0,1,0,0,mangaldoi part,kanmuzi bagicha
11-18-325-02148-305062,Assam,Darrang,1.1372,874,59257.546875,13212.384765625,0.502787053585053,53,72,6,66,6,0,0,0,0,0,mangaldoi part,kehotali kendutali
11-18-325-02148-305063,Assam,Darrang,1.33,1219,91916.421875,19701.787109375,0.152514427900314,49,59,2,56,7,0,0,1,0,0,mangaldoi part,bandia chapori
11-18-325-02148-305064,Assam,Darrang,6.35,6107,67931.6171875,13107.203125,0.498834848403931,164,321,13,308,4,1,1,1,0,1,mangaldoi part,bandia gaon
11-18-325-02148-305065,Assam,Darrang,2.809,79,38378.51953125,15930.7060546875,0.320754706859589,,,,,5,0,0,0,0,0,mangaldoi part,ganderi mari
11-18-325-02148-305066,Assam,Darrang,3.0570002,1206,53961.50390625,10733.21875,0.658759117126465,51,63,5,26,4,0,0,1,0,0,mangaldoi part,chereng chapori
11-18-325-02148-305067,Assam,Darrang,17.342,5619,67637.6171875,13355.708984375,0.437087208032608,133,201,27,159,3,1,1,1,0,1,mangaldoi part,mowamari
11-18-325-02148-305068,Assam,Darrang,6.88,5789,56424.06640625,9786.0654296875,0.734924376010895,92,141,10,131,50,1,1,1,0,1,mangaldoi part,aparia
11-18-325-02148-305069,Assam,Darrang,5.64,2447,47460.65234375,8252.2587890625,0.830406844615936,41,76,0,64,10,0,0,1,0,0,mangaldoi part,no-1 chaulkhowa
11-18-325-02148-305070,Assam,Darrang,2.34,748,61103.46875,10403.7080078125,0.713429272174835,29,47,8,36,10,0,0,1,0,0,mangaldoi part,no-2 chaulkhowa
11-18-325-02148-305071,Assam,Darrang,3.32,969,50397.2421875,11548.517578125,0.663157880306244,37,42,1,37,10,0,0,1,0,0,mangaldoi part,no-1 dhariakhaiti
11-18-325-02148-305072,Assam,Darrang,4.9609,1837,55307.20703125,9923.2685546875,0.735780775547028,33,52,3,43,16,0,0,1,0,0,mangaldoi part,no-2 dhariakhaiti
11-18-325-02148-305073,Assam,Darrang,2.33,1817,52363.2578125,9915.77734375,0.733586549758911,27,43,1,41,22,0,0,1,0,0,mangaldoi part,n c gasbari
11-18-325-02148-305074,Assam,Darrang,2.07,486,50374.90234375,8778.2001953125,0.768316805362701,17,17,3,11,22,0,0,0,0,0,mangaldoi part,n c hiloikhunda
11-18-325-02148-305075,Assam,Darrang,5.0738,3770,54959.71875,9675.0224609375,0.721955358982086,44,110,6,100,18,0,0,1,0,0,mangaldoi part,n c no-4 nanglichar
11-18-325-02148-305076,Assam,Darrang,5.7383003,266,58111.4375,10689.39453125,0.63545149564743,3,5,0,5,15,0,0,0,0,0,mangaldoi part,n c no-5 nanglichar
11-18-325-02148-305077,Assam,Darrang,2.06,426,63184.453125,10929.2021484375,0.643243253231049,7,14,4,10,18,0,0,0,0,0,mangaldoi part,n c piajorchar
11-18-325-02148-305078,Assam,Darrang,4.7479,246,59739.30859375,10211.84765625,0.743589758872986,11,19,2,17,18,0,0,0,0,0,mangaldoi part,n c kajiachar
11-18-325-02148-305079,Assam,Darrang,0.2888,662,58702.37890625,10636.806640625,0.594005465507507,14,28,4,24,18,0,0,0,0,1,mangaldoi part,n c kayamari
11-18-325-02148-305080,Assam,Darrang,2,981,46176.4140625,8666.9580078125,0.757948696613312,3,5,0,5,18,0,0,0,0,0,mangaldoi part,n c no-1 nanglichar
11-18-325-02148-305081,Assam,Darrang,4.27,681,37906.125,6135.69677734375,0.932784616947174,8,15,0,15,18,0,0,0,0,0,mangaldoi part,n c no-3 nanglichar
11-18-325-02148-305082,Assam,Darrang,6.98,9927,56944.765625,10923.5703125,0.638221025466919,399,854,20,786,0.5,1,1,1,0,1,mangaldoi part,baghpori chapori
11-18-325-02148-305083,Assam,Darrang,1.62,2431,51972.5625,9725.1689453125,0.728787899017334,35,80,0,78,5,0,0,1,0,1,mangaldoi part,kharpori chapori
11-18-325-02148-305085,Assam,Darrang,5.65,112,41087.1328125,9548.41796875,0.739436626434326,2,2,0,2,10,0,0,0,0,0,mangaldoi part,n c arikati
11-18-325-02148-305086,Assam,Darrang,1.64,2760,42831.67578125,7529.98388671875,0.849780678749085,23,38,3,34,9,0,0,1,0,0,mangaldoi part,n c chatihara
11-18-325-02148-305087,Assam,Darrang,2,3111,59270.7578125,11086.046875,0.646626591682434,25,39,2,37,18,0,0,1,0,0,mangaldoi part,algachar n c
11-18-325-02148-305088,Assam,Darrang,5.55,1992,41790.61328125,8148.52783203125,0.821391999721527,67,149,15,134,18,0,0,1,0,0,mangaldoi part,no-2 nanglichar n c
11-18-325-02148-305089,Assam,Darrang,4.59,935,58808.77734375,11529.794921875,0.596287727355957,17,45,5,40,22,0,0,0,0,0,mangaldoi part,puthimari n c
11-18-325-02148-305091,Assam,Darrang,1.17,39,68171.359375,12607.03125,0.479452043771744,,,,,45,0,0,0,0,0,mangaldoi part,n c aparia
11-18-325-02148-305092,Assam,Darrang,1.9339,206,41542.703125,7477.6865234375,0.899999976158142,1,2,0,2,40,0,0,1,0,0,mangaldoi part,n c chaulkhowa
11-18-325-02148-305095,Assam,Darrang,2.13,965,69366.2734375,14976.80859375,0.346074372529984,24,37,0,36,12,0,0,0,0,0,mangaldoi part,kapili satra
11-18-325-02148-305096,Assam,Darrang,2.0349,1037,60967.25390625,14432.13671875,0.432432442903519,24,38,4,34,14,0,0,1,0,0,mangaldoi part,bechimari
11-18-325-02148-305097,Assam,Darrang,1.3289,1005,61636.7265625,13107.7119140625,0.435212671756744,55,142,8,134,10,0,0,1,0,0,mangaldoi part,bangabara chuburi
11-18-325-02148-305098,Assam,Darrang,2.1025999,768,62813.06640625,14162.9462890625,0.419108271598816,4,12,0,12,10,0,0,1,0,0,mangaldoi part,mathanga chuburi
11-18-325-02148-305099,Assam,Darrang,1.81,599,72047.6640625,15532.6650390625,0.240464344620705,36,60,1,59,10,0,0,0,0,0,mangaldoi part,ahaka chuburi
11-18-325-02148-305100,Assam,Darrang,1.53,964,83478.890625,17556.0234375,0.178759202361107,45,66,7,59,20,0,0,1,1,0,mangaldoi part,bora chuba
11-18-325-02148-305101,Assam,Darrang,1.9006,111,37340.5390625,10582.3388671875,0.724696338176727,10,17,0,17,20,0,0,1,0,0,mangaldoi part,ruperi kash
11-18-325-02148-305102,Assam,Darrang,1.87,503,43546.0546875,7903.376953125,0.909252643585205,,,,,10,0,0,0,0,1,mangaldoi part,hatipori
11-18-325-02148-305103,Assam,Darrang,1.9065,1142,52247.65234375,10006.681640625,0.692746520042419,,,,,8,0,0,1,0,1,mangaldoi part,misamari
11-18-325-02149-305130,Assam,Darrang,0.845,1649,65088.97265625,14056.7734375,0.352699518203735,153,244,61,182,22,0,0,1,1,0,dalgaon part,grandland bagicha
11-18-325-02149-305131,Assam,Darrang,0.807,1374,78363.125,16580.046875,0.272337377071381,32,43,7,36,21,0,0,1,1,0,dalgaon part,barkala bagicha
11-18-325-02149-305132,Assam,Darrang,0.931,436,67310.5390625,15092.048828125,0.307174891233444,14,23,6,17,23,0,0,1,1,0,dalgaon part,dalgaon grant
11-18-325-02149-305133,Assam,Darrang,0.61,709,73304.0546875,14285.427734375,0.344238966703415,32,47,10,36,24,0,0,1,1,0,dalgaon part,outala outala grant
11-18-325-02149-305134,Assam,Darrang,1.2,3435,62777.390625,12767.9716796875,0.482637882232666,233,327,27,297,17,0,0,1,1,0,dalgaon part,kawadanga
11-18-325-02149-305135,Assam,Darrang,0.28,1139,55750.2109375,10749.568359375,0.652173936367035,48,67,14,53,17,0,0,1,0,0,dalgaon part,bher bheri jhar
11-18-325-02149-305136,Assam,Darrang,0.51,1320,58622.54296875,10443.7529296875,0.644428133964539,59,99,6,90,17,0,0,1,1,0,dalgaon part,chamuakhat
11-18-325-02149-305137,Assam,Darrang,2.9910002,3692,75857.390625,14450.921875,0.335345059633255,189,304,43,259,27,0,0,1,0,0,dalgaon part,bherbheri bil
11-18-325-02149-305138,Assam,Darrang,0.189,1459,62977.9765625,13015.4482421875,0.46000000834465,29,43,6,36,24,0,0,1,1,0,dalgaon part,raja hauli
11-18-325-02149-305139,Assam,Darrang,0.813,3700,74324.1953125,15761.6904296875,0.254172027111053,134,191,37,149,30,0,0,1,1,0,dalgaon part,chenibari
11-18-325-02149-305140,Assam,Darrang,0.512,2313,70331.796875,13735.740234375,0.443589746952057,212,249,47,175,37,0,0,1,1,1,dalgaon part,barjhar
11-18-325-02149-305141,Assam,Darrang,3.05,2896,65028.125,12403.810546875,0.515718817710877,134,182,1,163,32,0,0,1,1,1,dalgaon part,paschim padokhat
11-18-325-02149-305142,Assam,Darrang,1.617,1799,64459.24609375,11603.396484375,0.566723465919495,123,164,6,156,15,0,0,1,1,1,dalgaon part,begar kash
11-18-325-02149-305143,Assam,Darrang,0.85,2208,66952.65625,12746.9365234375,0.534764349460602,110,179,1,178,24,0,0,1,1,1,dalgaon part,barkhat
11-18-325-02149-305144,Assam,Darrang,3.2710001,4634,57288.1015625,10651.1904296875,0.656349360942841,256,462,87,326,10,0,0,1,1,1,dalgaon part,dhansiri kash
11-18-325-02149-305145,Assam,Darrang,1.77,2324,68437.015625,12123.1279296875,0.541098892688751,62,93,6,87,27,0,0,1,1,0,dalgaon part,pub padokhat
11-18-325-02149-305146,Assam,Darrang,0.449,1013,57250.30078125,9223.6591796875,0.803333342075348,17,30,0,30,26,0,0,1,1,1,dalgaon part,lao duar
11-18-325-02149-305147,Assam,Darrang,0.54,2049,55789.3125,10065.79296875,0.720711827278137,142,227,24,202,19,0,0,1,1,1,dalgaon part,mauchitha gasor gor
11-18-325-02149-305148,Assam,Darrang,1.6589999,2373,73272.109375,13943.8232421875,0.427721858024597,66,132,43,89,32,0,0,1,1,1,dalgaon part,gulandi kash habi
11-18-325-02149-305149,Assam,Darrang,2.147,2894,58321.11328125,11256.4423828125,0.611799001693726,71,111,23,88,19,0,0,1,1,0,dalgaon part,gulandi t e
11-18-325-02149-305150,Assam,Darrang,2.4,2129,57927.578125,11354.4814453125,0.58560311794281,98,180,17,163,29,0,0,1,1,0,dalgaon part,panbari habi
11-18-325-02149-305151,Assam,Darrang,1.625,1369,63633.3984375,12298.892578125,0.475935816764832,18,34,5,29,23,0,0,1,1,1,dalgaon part,panbari gaon
11-18-325-02149-305152,Assam,Darrang,0.759,1228,61264.0390625,12382.0986328125,0.538149356842041,25,32,3,28,21,0,0,1,1,1,dalgaon part,kadamtala bagicha
11-18-325-02149-305153,Assam,Darrang,0.749,1132,66388.5234375,12871.244140625,0.557513892650604,47,72,16,56,22,0,0,1,1,0,dalgaon part,raja pukhuri habi
11-18-325-02149-305154,Assam,Darrang,1.008,3181,69632.984375,13828.9287109375,0.431941330432892,235,332,48,272,17,0,0,1,1,1,dalgaon part,raja pukhuri grant
11-18-325-02149-305155,Assam,Darrang,0.29799998,531,66519.671875,14278.4990234375,0.412265747785568,15,21,2,19,24,0,0,1,1,1,dalgaon part,barbari
11-18-325-02149-305156,Assam,Darrang,2.735,2209,54400.87109375,10837.9482421875,0.650280296802521,76,88,2,86,18,0,0,1,1,0,dalgaon part,bagdia
11-18-325-02149-305157,Assam,Darrang,1.7939999,3390,52111.61328125,10903.6689453125,0.644607126712799,69,114,4,110,15,0,0,1,1,0,dalgaon part,latakhat
11-18-325-02149-305158,Assam,Darrang,2.2410002,2907,,,,228,401,54,333,13,0,0,1,1,1,dalgaon part,batabari
11-18-325-02149-305159,Assam,Darrang,2.147,2978,57625.60546875,13988.2734375,0.432387858629227,188,407,50,351,18,0,0,1,1,0,dalgaon part,serpur
11-18-325-02149-305160,Assam,Darrang,1.977,1323,70314.4921875,16001.888671875,0.314306885004044,94,113,5,102,9,0,0,1,1,1,dalgaon part,niz shyamabari
11-18-325-02149-305161,Assam,Darrang,1.7,125,73431.875,13768.4765625,0.453125,7,7,0,1,9,0,0,1,1,1,dalgaon part,karmipara
11-18-325-02149-305162,Assam,Darrang,2.815,1334,,,,31,66,10,56,6,0,0,1,1,0,dalgaon part,no-2 mazgaon
11-18-325-02149-305163,Assam,Darrang,2.889,5432,53748.38671875,12367.673828125,0.56282240152359,358,627,58,569,8,1,1,1,1,1,dalgaon part,hirapara
11-18-325-02149-305164,Assam,Darrang,1.493,2359,70639.8203125,15493.0419921875,0.399743467569351,95,186,8,178,11,0,0,1,1,0,dalgaon part,balabari
11-18-325-02149-305165,Assam,Darrang,1.725,1977,58646.40234375,13113.6630859375,0.529382467269898,135,176,3,164,3,0,0,1,1,1,dalgaon part,no-2 thekerabari
11-18-325-02149-305166,Assam,Darrang,3.1629999,3906,54206.5,11631.89453125,0.58388763666153,177,257,19,233,5,0,0,1,1,0,dalgaon part,jogipara
11-18-325-02149-305167,Assam,Darrang,1.651,1202,56279.99609375,14713.7236328125,0.41094771027565,127,172,22,150,3,0,0,1,1,0,dalgaon part,no-3 thekerabari
11-18-325-02149-305168,Assam,Darrang,1.3110001,3759,65645.2578125,13136.23046875,0.563422620296478,269,714,188,526,2,1,0,1,1,1,dalgaon part,bologara
11-18-325-02149-305169,Assam,Darrang,1.842,2504,44123.40234375,9177.66796875,0.806315779685974,194,296,25,262,4,0,0,1,1,1,dalgaon part,niz kharupetia
11-18-325-02149-305170,Assam,Darrang,0.53,461,51936.1796875,9919.1416015625,0.716738224029541,41,55,0,55,5,0,0,1,1,0,dalgaon part,pub chuba
11-18-325-02149-305171,Assam,Darrang,0.582,1869,65630.1015625,13455.244140625,0.478734999895096,194,295,47,248,8,0,0,1,1,0,dalgaon part,no-1 thekerabari
11-18-325-02149-305172,Assam,Darrang,2.175,4251,60848.20703125,13046.3564453125,0.568978190422058,224,408,31,377,11,0,0,1,1,0,dalgaon part,paniakhat
11-18-325-02149-305173,Assam,Darrang,0.26,1131,48375.36328125,10977.326171875,0.656600534915924,48,101,2,99,4,0,0,1,1,0,dalgaon part,tangni jhar
11-18-325-02149-305174,Assam,Darrang,0.35447463,1417,51357.94140625,11761.0791015625,0.536970555782318,52,113,8,105,11,0,0,1,1,1,dalgaon part,atakata chapori
11-18-325-02149-305175,Assam,Darrang,2.11,5968,59180.44921875,12820.3193359375,0.507137775421143,605,1002,197,732,8,1,1,1,1,1,dalgaon part,khataniapara
11-18-325-02149-305176,Assam,Darrang,2.6379998,3929,78593.3359375,15094.9111328125,0.34206348657608,205,311,45,254,6,0,0,1,1,0,dalgaon part,ondolajar
11-18-325-02149-305177,Assam,Darrang,2.391,2305,79363.765625,16516.5546875,0.317238062620163,154,197,23,173,5,0,0,1,1,1,dalgaon part,gelaidingi
11-18-325-02149-305178,Assam,Darrang,0.354,2357,49739.296875,9759.517578125,0.732357978820801,94,144,2,135,9,0,0,1,1,0,dalgaon part,no-1 garapari chapori
11-18-325-02149-305179,Assam,Darrang,1.0669999,458,63979.5078125,13032.8623046875,0.475308656692505,24,48,0,48,8,0,0,1,1,0,dalgaon part,garapari chapori
11-18-325-02149-305180,Assam,Darrang,3.3760002,3879,53700.69921875,10219.11328125,0.686921715736389,176,265,1,224,5,0,0,1,1,1,dalgaon part,dhansiri kash chapari
11-18-325-02149-305181,Assam,Darrang,0.126,3354,65182.03125,11216.2587890625,0.609614193439484,233,317,4,299,4,0,0,1,1,0,dalgaon part,no-1 gadhowa chapori
11-18-325-02149-305182,Assam,Darrang,1.51,1399,56432.69140625,10711.986328125,0.661777377128601,18,19,0,19,5,0,0,1,1,0,dalgaon part,gadhowa chapori no-2 gadhowa chapori
11-18-325-02149-305183,Assam,Darrang,2.067,1294,45024.328125,9554.0341796875,0.694235563278198,30,37,0,33,5,0,0,1,1,1,dalgaon part,gorapari nispi
11-18-325-02149-305184,Assam,Darrang,1.275,1132,65899.53125,12844.3330078125,0.438103586435318,29,41,1,38,6,0,0,1,1,0,dalgaon part,no-1 atakata chapori
11-18-325-02149-305185,Assam,Darrang,1.526,1428,54661.25,10399.875,0.653454124927521,58,82,0,80,1,0,0,1,1,0,dalgaon part,keot chuba
11-18-325-02149-305186,Assam,Darrang,1.474,2501,46763.90625,9352.78125,0.743339598178864,184,284,0,119,9,0,0,1,1,0,dalgaon part,kashichar
11-18-325-02149-305187,Assam,Darrang,1.881,701,65030.9140625,12739.974609375,0.497076034545898,29,30,0,22,9,0,0,1,1,1,dalgaon part,no-2 atakata chapori
11-18-325-02149-305188,Assam,Darrang,2.3439999,4560,60191.6875,10589.404296875,0.675140619277954,138,180,1,169,15,0,0,1,1,0,dalgaon part,no-1 magurmari
11-18-325-02149-305189,Assam,Darrang,2.441,8032,56488.1875,9957.712890625,0.733697056770325,197,257,13,229,13,1,1,1,1,1,dalgaon part,no-2 magurmari
11-18-325-02149-305190,Assam,Darrang,0.796,441,54010.4296875,9347.958984375,0.796703279018402,4,5,0,5,6,0,0,1,1,1,dalgaon part,no-2 kharupetia
11-18-325-02149-305191,Assam,Darrang,1.6489999,494,48192.25390625,9882.9775390625,0.72515857219696,15,16,0,7,9,0,0,1,1,0,dalgaon part,no-1 kharupetia
11-18-325-02149-305192,Assam,Darrang,1.45,2227,,,,74,103,0,93,3,0,0,1,1,0,dalgaon part,islampur
11-18-325-02149-305193,Assam,Darrang,2.119,5329,58694.953125,11521.13671875,0.584760904312134,175,274,21,236,2,1,1,1,1,1,dalgaon part,ozagaon
11-18-325-02149-305194,Assam,Darrang,0.823,323,46723.1953125,8708.76171875,0.849112451076508,13,25,8,9,1,0,0,1,1,0,dalgaon part,ganakar mati
11-18-325-02149-305195,Assam,Darrang,2.075,3079,54191.69140625,10458.0458984375,0.659053266048431,54,117,11,76,5,0,0,1,1,0,dalgaon part,baigurmari
11-18-325-02149-305196,Assam,Darrang,1.048,3493,88447.3671875,19458.421875,0.292424231767654,529,963,192,769,8,1,0,1,1,1,dalgaon part,dalgaon town
11-18-325-02149-305197,Assam,Darrang,2.1069999,2318,66543.4375,13968.474609375,0.467619478702545,79,102,7,89,12,0,0,1,1,0,dalgaon part,chakaragaon
11-18-325-02149-305198,Assam,Darrang,2.637,2150,54488.328125,10811.1767578125,0.642857134342194,51,73,3,70,12,0,0,1,1,1,dalgaon part,gerakhat
11-18-325-02149-305199,Assam,Darrang,3.256,2355,67807.125,15614.619140625,0.376590341329575,45,70,2,68,13,0,0,1,1,0,dalgaon part,niz dalgaon
11-18-325-02149-305200,Assam,Darrang,1.998,1654,47965.19140625,10774.7900390625,0.673913061618805,27,43,0,38,14,0,0,1,1,0,dalgaon part,no-1 borgara khuti
11-18-325-02149-305201,Assam,Darrang,0.472,887,55809.51953125,10124.736328125,0.720132768154144,21,36,7,28,14,0,0,1,1,0,dalgaon part,no-2 borgara khuti
11-18-325-02149-305202,Assam,Darrang,0.81,1518,48912.7109375,10092.5966796875,0.692755520343781,20,32,0,32,17,0,0,1,1,0,dalgaon part,baruapara
11-18-325-02149-305203,Assam,Darrang,0.33200002,2283,45429.98046875,8600.072265625,0.77334463596344,74,139,13,126,15,0,0,1,1,0,dalgaon part,chakara basti
11-18-325-02149-305204,Assam,Darrang,2.436,1055,72970.78125,13518.2158203125,0.479206055402756,26,740,697,43,17,0,0,1,1,1,dalgaon part,chikonmati bagicha
11-18-325-02149-305205,Assam,Darrang,0.444,749,76998.5234375,14954.2578125,0.504132211208344,146,308,32,276,14,0,0,1,1,0,dalgaon part,bechimari jangle
11-18-325-02149-305206,Assam,Darrang,0.21,1748,65439.48828125,12549.4970703125,0.545674502849579,35,70,0,70,17,0,0,1,1,1,dalgaon part,no-1 chikonmati
11-18-325-02149-305207,Assam,Darrang,0.46,386,78213.5625,17140,0.214105799794197,8,18,0,18,24,0,0,1,1,0,dalgaon part,madhabgohain grant
11-18-325-02149-305208,Assam,Darrang,0.291,1515,73796.828125,13172.8544921875,0.508143305778503,26,34,2,26,17,0,0,1,1,1,dalgaon part,no-3 madhabgohain
11-18-325-02149-305209,Assam,Darrang,1.5830001,1926,66763.9375,12950.984375,0.547555088996887,17,20,0,20,15,0,0,1,1,1,dalgaon part,takimari
11-18-325-02149-305210,Assam,Darrang,2.3860002,1298,58581.9609375,12026.1572265625,0.615085542201996,19,71,35,36,17,0,0,1,1,1,dalgaon part,borgora bagicha
11-18-325-02149-305212,Assam,Darrang,2.003,1684,58487.2421875,13725.2666015625,0.445930868387222,71,127,27,100,32,0,0,1,1,0,dalgaon part,no-2 barjhar
11-18-325-02149-305213,Assam,Darrang,0.9,1304,65391.953125,14748.1845703125,0.404434263706207,26,48,2,46,31,0,0,1,1,1,dalgaon part,no-1 barjhar
11-18-325-02149-305214,Assam,Darrang,1.829,1894,69753.625,14641.84765625,0.343207359313965,19,36,0,36,32,0,0,1,1,0,dalgaon part,no-1 durangbazar
11-18-325-02149-305215,Assam,Darrang,1.996,1346,68145.203125,14321.509765625,0.365665882825851,21,32,0,32,27,0,0,1,1,0,dalgaon part,no-2 durangbazar
11-18-325-02149-305216,Assam,Darrang,2.9229999,1103,57095.76171875,11868.494140625,0.566295981407166,20,29,4,25,32,0,0,1,1,1,dalgaon part,barjhar grant
11-18-325-02149-305217,Assam,Darrang,1.9537057,694,62570.20703125,11991.943359375,0.606258153915405,14,18,2,16,33,0,0,1,1,0,dalgaon part,no-3 durangbazar
11-18-325-02149-305218,Assam,Darrang,1.061,1786,67504.265625,12790.2822265625,0.524653732776642,9,17,0,17,10,0,0,1,1,1,dalgaon part,khoirakata khirakata
11-18-325-02149-305219,Assam,Darrang,2.101,2519,45440.34375,9703.7548828125,0.732695162296295,131,319,223,86,14,0,0,1,1,1,dalgaon part,na mati gaon
11-18-325-02149-305220,Assam,Darrang,5.322,6035,54163.30859375,10668.1240234375,0.690605938434601,294,580,55,499,13,1,1,1,1,1,dalgaon part,daipangpara
11-18-325-02149-305221,Assam,Darrang,2.982,3682,51200.4609375,10029.4990234375,0.701799511909485,148,248,45,184,18,0,0,1,1,1,dalgaon part,chokabahi
11-18-325-02149-305222,Assam,Darrang,2.474,2040,47974.83203125,9961.9873046875,0.707650244235992,73,99,15,73,15,0,0,1,1,1,dalgaon part,podopari gaon
11-18-325-02149-305223,Assam,Darrang,0.35599998,2314,,,,67,125,4,121,,0,0,1,1,1,dalgaon part,no-2 mazgaon
11-18-325-02149-305224,Assam,Darrang,1.151,1252,54530.125,11079.6611328125,0.645943880081177,40,54,7,47,17,0,0,1,1,1,dalgaon part,alisinga janghal
11-18-325-02149-305225,Assam,Darrang,1.67,2275,77595.5,15439.0703125,0.488611936569214,93,161,24,135,18,0,0,1,1,1,dalgaon part,madhupur
11-18-325-02149-305226,Assam,Darrang,0.132,2238,72124.3046875,14631.7744140625,0.463114768266678,67,101,7,92,15,0,0,1,1,0,dalgaon part,borghulee
11-18-325-02149-305227,Assam,Darrang,2.444,3973,61032.734375,12016.728515625,0.57010281085968,81,157,4,135,25,0,0,1,1,0,dalgaon part,nadirkash
11-18-325-02149-305228,Assam,Darrang,0.309,2161,61047.74609375,12709.1298828125,0.51843523979187,32,82,9,73,17,0,0,1,1,1,dalgaon part,no-3 chikonmati
11-18-325-02149-305229,Assam,Darrang,0.934,1314,56651.76953125,11889.3623046875,0.568483054637909,50,100,4,96,16,0,0,1,1,1,dalgaon part,gendapukhuri jangle
11-18-325-02149-305230,Assam,Darrang,0.32,1170,53461.33203125,11311.609375,0.691874504089356,42,65,3,62,15,0,0,1,1,1,dalgaon part,alisinga gaon
11-18-325-02149-305231,Assam,Darrang,2.193,2279,54241.02734375,10111.08984375,0.717925786972046,88,114,4,107,14,0,0,1,1,0,dalgaon part,baligaon
11-18-325-02149-305232,Assam,Darrang,1.1769999,1500,49466.98828125,9137.21484375,0.766878962516785,72,89,0,79,16,0,0,1,1,1,dalgaon part,nawgaon
11-18-325-02149-305233,Assam,Darrang,3.8493,3327,,,,410,892,111,781,15,0,0,1,1,0,dalgaon part,bechimari
11-18-325-02149-305234,Assam,Darrang,4.241,4502,56523.21875,10354.3505859375,0.671525776386261,92,122,7,108,17,0,0,1,1,1,dalgaon part,baruajhar
11-18-325-02149-305235,Assam,Darrang,1.7969999,2815,56908.53125,10818.80859375,0.65906697511673,164,179,22,136,16,0,0,1,1,1,dalgaon part,no-3 baruajhar
11-18-325-02149-305236,Assam,Darrang,2.1660001,2348,52935.1328125,10048.6240234375,0.727312564849854,85,138,2,136,18,0,0,1,1,0,dalgaon part,no-4 baruajhar
11-18-325-02149-305237,Assam,Darrang,1.4410001,1865,66276.2265625,12739.7626953125,0.555555582046509,37,53,0,50,13,0,0,1,1,0,dalgaon part,dongpara
11-18-325-02149-305238,Assam,Darrang,1.4380001,1459,61359.40625,11262.46484375,0.693069279193878,158,223,20,196,8,0,0,1,1,1,dalgaon part,dowarpara
11-18-325-02149-305239,Assam,Darrang,2.461,3967,60437.34375,11793.8330078125,0.600640654563904,445,669,43,616,14,0,0,1,1,1,dalgaon part,no-5 baruajhar
11-18-325-02149-305240,Assam,Darrang,0.333,1788,,,,77,193,4,185,,0,0,1,1,1,dalgaon part,batabari
11-18-325-02149-305241,Assam,Darrang,0.376,2154,55068.28515625,10740.5478515625,0.70147830247879,32,67,16,51,15,0,0,1,1,1,dalgaon part,kakal bhangi jogi gaon
11-18-325-02149-305242,Assam,Darrang,3.316,1953,56045.36328125,10829.482421875,0.649900376796722,48,74,1,70,13,0,0,1,1,1,dalgaon part,jamalpur
11-18-325-02149-305243,Assam,Darrang,1.9239999,2360,75276.4921875,15294.580078125,0.428264617919922,94,123,18,105,8,0,0,1,1,0,dalgaon part,dalgaonkhuti
11-18-325-02149-305244,Assam,Darrang,1.1731,1497,64108.32421875,11525.580078125,0.581411123275757,172,222,17,202,6,0,0,1,1,1,dalgaon part,niz gadhaijhar
11-18-325-02149-305245,Assam,Darrang,1.127,1406,54683.46875,9638.5927734375,0.737029135227203,79,126,12,108,11,0,0,1,1,1,dalgaon part,sarichabari
11-18-325-02149-305246,Assam,Darrang,0.995,1209,53129.08203125,11206.560546875,0.631938517093658,6,10,0,10,7,0,0,1,1,1,dalgaon part,kahibari
11-18-325-02149-305247,Assam,Darrang,0.2,3620,63425.25390625,12153.8681640625,0.572379350662231,83,117,3,114,,0,0,1,1,1,dalgaon part,mazgaon no-1
11-18-325-02149-305248,Assam,Darrang,0.51,589,75208.5078125,16740.763671875,0.237541526556015,17,40,3,22,17,0,0,1,1,1,dalgaon part,no-2 chikonmati
11-18-325-02149-305249,Assam,Darrang,2.559,3140,53945.3671875,10695.6328125,0.673368394374847,111,172,30,140,10,0,0,1,1,1,dalgaon part,simaluguri kachari gaon
11-18-325-02149-305250,Assam,Darrang,4.178,4821,55347.390625,10531,0.677955687046051,82,133,17,116,12,0,0,1,1,1,dalgaon part,duliapara grant
11-18-325-02149-305251,Assam,Darrang,0.617,946,58073.40234375,11297.5556640625,0.638225257396698,14,30,7,23,8,0,0,1,1,1,dalgaon part,simalubari
11-18-325-02149-305252,Assam,Darrang,2.035,2914,63366.93359375,12965.81640625,0.484221249818802,177,321,20,301,8,0,0,1,1,1,dalgaon part,no-2 kuwari pukhuri
11-18-325-02149-305253,Assam,Darrang,2.13,2090,51567.98828125,10151.384765625,0.68746829032898,106,145,14,129,10,0,0,1,1,1,dalgaon part,no-3 galandikash
11-18-325-02149-305254,Assam,Darrang,0.233,245,43023.63671875,9248.0712890625,0.761682271957398,15,18,1,17,8,0,0,1,1,1,dalgaon part,no-1 galandikash
11-18-325-02149-305255,Assam,Darrang,1.979,1917,63812.2421875,12113.6279296875,0.57544618844986,47,94,2,84,7,0,0,1,1,1,dalgaon part,no-2 galandikash
11-18-325-02149-305256,Assam,Darrang,0.198,713,57721.375,12835.7216796875,0.64256477355957,17,31,0,31,6,0,0,1,1,1,dalgaon part,bagharbari
11-18-325-02149-305257,Assam,Darrang,1.755,2083,49993.50390625,10241.1240234375,0.690747141838074,58,96,0,94,8,0,0,1,1,1,dalgaon part,ulubari
11-18-325-02149-305258,Assam,Darrang,5.0829997,7185,51319.796875,10599.7646484375,0.667283058166504,260,442,50,383,13,1,1,1,1,1,dalgaon part,baruajhar-1 2
11-18-325-02149-305259,Assam,Darrang,2.586,3279,60798.22265625,12576.2822265625,0.543147206306458,164,267,23,241,8,0,0,1,1,0,dalgaon part,gadhaijhar
11-18-325-02149-305260,Assam,Darrang,3.596,3308,62988.5390625,13008.0693359375,0.534471869468689,106,208,17,191,5,0,0,1,1,1,dalgaon part,jangalpara
11-18-325-02149-305261,Assam,Darrang,0.59099996,1147,61420.23046875,12189.06640625,0.534364283084869,39,84,31,53,7,0,0,1,1,1,dalgaon part,no-1 mollapara
11-18-325-02149-305262,Assam,Darrang,0.48099998,359,53921.73046875,10325.4375,0.747340440750122,26,33,10,23,8,0,0,1,1,0,dalgaon part,no-2 mollapara
11-18-325-02149-305263,Assam,Darrang,1.2363,1511,48631.3671875,8563.2109375,0.785808145999908,19,37,0,37,,0,0,1,1,0,dalgaon part,no-5 arimari
11-18-325-02149-305264,Assam,Darrang,1.9604,1913,59454.28515625,10553.4521484375,0.689232409000397,36,70,9,46,,0,0,1,1,1,dalgaon part,no-4 arimari
11-18-325-02149-305266,Assam,Darrang,0.7536,2877,62519.8125,11824.908203125,0.562921345233917,250,431,61,358,2,0,0,1,1,1,dalgaon part,no-1 khetaswar
11-18-325-02149-305267,Assam,Darrang,4.099,5313,59545.91015625,12785.5048828125,0.552657186985016,160,343,136,200,2,1,1,1,1,1,dalgaon part,khetaswar
11-18-325-02149-305268,Assam,Darrang,11.231,2309,63350.59765625,12197.94140625,0.57101446390152,57,89,11,78,2,0,0,1,1,0,dalgaon part,bihdia
11-18-325-02149-305269,Assam,Darrang,1.6149001,890,59915.69140625,10713.4013671875,0.67108166217804,10,22,0,22,4,0,0,1,1,1,dalgaon part,no-2 arimari
11-18-325-02149-305270,Assam,Darrang,2.311,1796,53320.44921875,9250.7041015625,0.746302604675293,44,71,1,67,4,0,0,1,1,1,dalgaon part,no-3 arimari
11-18-325-02149-305271,Assam,Darrang,3.3918,3241,55300.8515625,10681.3251953125,0.668569624423981,101,157,14,142,3,0,0,1,1,0,dalgaon part,no-1 arimari
11-18-325-02149-305272,Assam,Darrang,0.9093,493,48661.37109375,10279.03125,0.721348285675049,28,36,4,32,4,0,0,1,1,0,dalgaon part,kasomarichar kachomari
11-18-325-02149-305273,Assam,Darrang,31.109,1398,52379.3984375,10924.4892578125,0.682791411876679,29,43,0,43,3,0,0,1,1,0,dalgaon part,ruhinikhuti
11-18-325-02149-305274,Assam,Darrang,3.181,3212,55345.84765625,9727.8544921875,0.733953237533569,49,72,5,65,11,0,0,1,1,0,dalgaon part,barkur
11-18-325-02149-305275,Assam,Darrang,1.61,797,57291.84765625,10236.1435546875,0.667999982833862,11,18,1,17,10,0,0,1,1,1,dalgaon part,dharanipur
11-18-325-02149-305276,Assam,Darrang,1.15,2893,66228.1640625,13856.2470703125,0.482978731393814,90,114,7,84,10,0,0,1,1,0,dalgaon part,konakatapara
11-18-325-02149-305277,Assam,Darrang,0.9093,465,71649.9765625,13631.7822265625,0.392111361026764,11,15,4,11,4,0,0,1,1,0,dalgaon part,kasomarichapari
11-18-325-02149-305278,Assam,Darrang,0.8759,1281,55580.4765625,10793.150390625,0.616972506046295,21,35,0,35,,0,0,1,1,0,dalgaon part,no-1 sialmarikhuti
11-18-325-02149-305279,Assam,Darrang,0.3114,631,78030.109375,17428.623046875,0.294890522956848,10,26,0,26,,0,0,1,1,0,dalgaon part,kacharipara
11-18-325-02149-305280,Assam,Darrang,0.806,1192,65685.9453125,13316.2314453125,0.48722317814827,11,20,2,18,10,0,0,1,1,1,dalgaon part,kacharipara jangal
11-18-325-02149-305281,Assam,Darrang,2.111,2516,72076.6328125,15191.7958984375,0.415690869092941,118,200,17,183,6,0,0,1,1,0,dalgaon part,dhekerigaon
11-18-325-02149-305282,Assam,Darrang,1.13,922,50992.99609375,10272.732421875,0.671858787536621,3,8,0,8,14,0,0,1,1,0,dalgaon part,nowrachisa naorasisa
11-18-325-02149-305283,Assam,Darrang,0.764,3563,49698.3828125,10209.25390625,0.69709986448288,87,133,20,113,12,0,0,1,1,1,dalgaon part,bagichakash
11-18-325-02149-305284,Assam,Darrang,71.342995,1430,64586.14453125,15136.740234375,0.416298180818558,50,156,4,152,13,0,0,1,1,0,dalgaon part,no-1 kopati grant
11-18-325-02149-305285,Assam,Darrang,0.337,1939,54958.6328125,10158.9306640625,0.687802255153656,51,80,13,67,23,0,0,1,1,0,dalgaon part,kharparichapari
11-18-325-02149-305286,Assam,Darrang,1.21,1348,65291.796875,12743.578125,0.4852254986763,153,246,36,207,23,0,0,1,1,0,dalgaon part,no-2 sialmarikhuti
11-18-325-02149-305287,Assam,Darrang,0.21,2100,57368.859375,10485.087890625,0.662458837032318,110,157,15,102,18,0,0,1,1,1,dalgaon part,bilpar
11-18-325-02149-305288,Assam,Darrang,0.49,1494,63436.0390625,12089.1572265625,0.558922529220581,28,35,0,35,,0,0,1,1,1,dalgaon part,sialmari sialmari mazgaon
11-18-325-02149-305289,Assam,Darrang,0.752,861,67079.03125,15336.7763671875,0.325635105371475,20,25,2,23,10,0,0,1,1,0,dalgaon part,sialmari mazgaon
11-18-325-02149-305290,Assam,Darrang,0.33400002,750,56226.87890625,10472.0546875,0.707736372947693,32,50,4,46,14,0,0,1,1,1,dalgaon part,no-3 sialmarikhuti
11-18-325-02149-305291,Assam,Darrang,1.487,1402,58695.2578125,10765.609375,0.652143359184265,36,41,0,41,14,0,0,1,1,1,dalgaon part,kasomari sonaribasti
11-18-325-02149-305292,Assam,Darrang,1.099,734,60535.02734375,12071.759765625,0.624454140663147,83,138,8,129,12,0,0,1,1,1,dalgaon part,sialmari nepali
11-18-325-02149-305293,Assam,Darrang,2.873,1309,68035.46875,13972.03515625,0.383908033370972,69,95,8,87,12,0,0,1,1,1,dalgaon part,thalthalibill
11-18-325-02149-305294,Assam,Darrang,2.561,298,56819.1796875,10884.193359375,0.633116900920868,,,,,13,0,0,1,1,1,dalgaon part,rangagarakhuti
11-18-325-02149-305295,Assam,Darrang,0.612,1886,67585.9921875,14414.9384765625,0.431965440511704,50,122,6,116,10,0,0,1,1,1,dalgaon part,koupatigrant no-2 koupatigrant
11-18-325-02149-305296,Assam,Darrang,2.375,2214,56548.8125,12200.7734375,0.554610550403595,26,49,2,47,11,0,0,1,1,1,dalgaon part,ghiladhari
11-18-325-02149-305297,Assam,Darrang,0.106000006,2292,52031.63671875,9248.9697265625,0.781844079494476,129,146,3,137,14,0,0,1,1,1,dalgaon part,rangagarapathar
11-18-325-02149-305298,Assam,Darrang,3.84,4035,,,,193,269,26,240,,1,0,1,1,1,dalgaon part,bechimari
11-18-325-02149-305299,Assam,Darrang,2.6074,2715,60936.01953125,12785.484375,0.606545448303223,87,189,9,177,15,0,0,1,1,1,dalgaon part,silbari
11-18-325-02149-305300,Assam,Darrang,4.088,4807,59652.8828125,11681.8662109375,0.63002735376358,227,372,51,313,15,1,0,1,1,1,dalgaon part,koupatigaon
11-18-325-02149-305301,Assam,Darrang,1.215,1528,49713.10546875,9711.8447265625,0.702127635478973,28,52,0,48,16,0,0,1,1,1,dalgaon part,no-3 kacharibhetitop
11-18-325-02149-305302,Assam,Darrang,1.298,1779,53659.23046875,9296.947265625,0.735376060009003,45,76,4,68,16,0,0,1,1,1,dalgaon part,no-2 kacharibhetitop
11-18-325-02149-305303,Assam,Darrang,1.9,1675,54286.73046875,10129.109375,0.674390256404877,23,36,1,34,20,0,0,1,1,0,dalgaon part,no-1 kacharibhetitop
11-18-325-02149-305304,Assam,Darrang,2.301,2182,53988.05859375,10538.9287109375,0.689440965652466,18,40,2,38,20,0,0,1,1,1,dalgaon part,nalbari
11-18-325-02149-305305,Assam,Darrang,1.088,1080,59956.95703125,11068.0654296875,0.602171778678894,15,20,6,14,12,0,0,1,1,1,dalgaon part,rahmanpur
11-18-325-02149-305306,Assam,Darrang,1.3280001,488,45189.65234375,7515.95068359375,0.923076927661896,8,14,0,14,12,0,0,1,1,1,dalgaon part,bhabapur
11-18-325-02149-305307,Assam,Darrang,0.98800004,1445,57086.765625,11548.87109375,0.61627072095871,45,62,6,54,14,0,0,1,1,1,dalgaon part,no-4 silamarikhuti
11-18-325-02149-305308,Assam,Darrang,0.4,1026,60679.4609375,11410.8291015625,0.63271301984787,16,25,3,20,10,0,0,1,1,1,dalgaon part,kasomari nepali
11-18-325-02149-305309,Assam,Darrang,0.346,293,52399.25390625,8764.2880859375,0.790035605430603,8,13,0,11,16,0,0,1,1,1,dalgaon part,nadirpar
11-18-325-02149-305310,Assam,Darrang,1.5589999,2123,53122.828125,9490.927734375,0.720099270343781,43,67,0,65,12,0,0,1,1,1,dalgaon part,badlichar
11-18-325-02149-305311,Assam,Darrang,3.188,2476,59886.4453125,9935.5361328125,0.73247617483139,123,176,12,164,15,0,0,1,1,1,dalgaon part,rowmari
11-18-325-02149-305312,Assam,Darrang,0.19,1222,,,,41,68,16,52,,0,0,1,1,1,dalgaon part,islampur
11-18-325-02149-305313,Assam,Darrang,1,2670,49019.15625,9641.56640625,0.727482676506043,28,65,8,57,12,0,0,1,1,0,dalgaon part,no-3 shyampurchapari
11-18-325-02149-305314,Assam,Darrang,0.872,1824,54273.10546875,9016.337890625,0.815053761005402,24,63,2,61,9,0,0,1,1,1,dalgaon part,no-1 shyampurchapari
11-18-325-02149-305315,Assam,Darrang,2.645,2522,48840.1875,7818.4091796875,0.872097730636597,30,42,3,39,18,0,0,1,1,1,dalgaon part,no-4 shyampurchapari
11-18-325-02149-305316,Assam,Darrang,2.216,4097,57151.9765625,9708.046875,0.773851573467255,62,87,2,79,6,0,0,1,1,0,dalgaon part,baralimari n c
11-18-325-02149-305318,Assam,Darrang,3.53,1322,52367.875,9575.83984375,0.716734707355499,26,37,1,33,18,0,0,1,0,1,dalgaon part,kherani n c
11-18-325-02149-305319,Assam,Darrang,2.63,3592,56722.359375,9616.9228515625,0.722872972488403,82,117,0,112,16,0,0,1,0,1,dalgaon part,no-2 shyampurchapari
11-18-325-02149-305320,Assam,Darrang,1.68,1163,42229.171875,7005.45947265625,0.890697658061981,91,112,3,97,15,0,0,1,0,0,dalgaon part,bagaribari nc
11-18-325-02149-305322,Assam,Darrang,1.629,2625,58053.84765625,11846.36328125,0.585758030414581,104,169,5,157,7,0,0,1,1,1,dalgaon part,no-1 kuwaripukhuri
11-18-325-02149-305323,Assam,Darrang,3.836,3429,57109.71875,11523.9248046875,0.619642853736877,74,130,6,116,8,0,0,1,1,1,dalgaon part,barangabari
11-18-325-02149-305324,Assam,Darrang,1.7,4452,52550.01953125,10585.95703125,0.680216789245606,151,244,9,231,5,0,0,1,1,1,dalgaon part,kaharpara
11-18-325-02149-305325,Assam,Darrang,2.485,4866,61993.00390625,12275.2060546875,0.574331343173981,109,170,2,165,2,0,0,1,1,1,dalgaon part,bahabari
11-18-325-02149-305326,Assam,Darrang,2.4910002,3705,59756.24609375,11976.3310546875,0.617523610591888,137,165,29,136,4,0,0,1,1,1,dalgaon part,niz baruajhar
11-18-325-02149-305327,Assam,Darrang,0.884,1947,54928.53515625,11390.0546875,0.553136348724365,89,120,13,104,8,0,0,1,1,1,dalgaon part,no-1 puniagaon
11-18-325-02149-305328,Assam,Darrang,0.40416142,176,49430.52734375,9125.6357421875,0.800000011920929,10,25,3,19,9,0,0,1,1,1,dalgaon part,no-2 puniagaon
11-18-325-02149-305329,Assam,Darrang,1.718,1740,42491.55859375,8579.3759765625,0.777424454689026,71,110,7,101,5,0,0,1,1,0,dalgaon part,ghenamari
11-18-325-02149-305330,Assam,Darrang,1.212,1940,63585.12890625,12665.8505859375,0.531690120697022,58,135,15,112,4,0,0,1,1,1,dalgaon part,fakirpara
11-18-325-02149-305331,Assam,Darrang,3.476,4067,60811.45703125,12406.5498046875,0.558657824993134,153,266,17,242,8,0,0,1,1,1,dalgaon part,bhotpukhuri
11-18-325-02149-305332,Assam,Darrang,1.55,1650,60250.51953125,12219.927734375,0.518995106220245,62,90,3,87,3,0,0,1,1,1,dalgaon part,nadirmukh
11-18-325-02149-305333,Assam,Darrang,13.384,2531,49834.10546875,9986.0986328125,0.715280473232269,139,253,25,228,1,0,0,1,1,1,dalgaon part,mowamari
11-18-325-02149-305334,Assam,Darrang,1.044,1396,60690.83984375,13272.0947265625,0.496107578277588,100,149,3,146,1,0,0,1,1,1,dalgaon part,niz nagazan
11-18-325-02149-305335,Assam,Darrang,23.01,3647,60562.4765625,11858.6201171875,0.636789858341217,189,362,26,336,2,0,0,1,1,0,dalgaon part,ghansimalu
11-18-325-02149-305336,Assam,Darrang,1.4610001,1593,49224.59375,9740.4462890625,0.689762771129608,67,81,1,78,5,0,0,1,1,1,dalgaon part,baraipara
11-18-325-02149-305337,Assam,Darrang,14.511,3037,52512.65625,9563.796875,0.755040347576141,141,218,6,210,4,0,0,1,1,1,dalgaon part,mandalpara
11-18-325-02149-305338,Assam,Darrang,1.45,2153,61568.08984375,12748.3544921875,0.503816783428192,63,110,1,109,4,0,0,1,1,1,dalgaon part,burigaon
11-18-325-02149-305339,Assam,Darrang,1.334,1967,66881.1015625,12924.875,0.492331296205521,117,578,387,189,5,0,0,1,1,0,dalgaon part,rohinikakh
11-18-325-02149-305340,Assam,Darrang,16.073,3290,60619.625,12556.6337890625,0.533355593681335,146,219,11,206,3,0,0,1,1,1,dalgaon part,khokjani sokhjani
11-18-325-02149-305341,Assam,Darrang,22.776001,2334,64613.96875,12320.20703125,0.540166199207306,224,413,48,358,2,0,0,1,1,0,dalgaon part,alikhash
11-18-325-02149-305342,Assam,Darrang,73.7,3533,76026.90625,15938.892578125,0.398058265447617,144,277,29,248,1,0,0,1,1,1,dalgaon part,nagazani
11-18-325-02149-305343,Assam,Darrang,105.242195,58,,,,,,,,,0,0,0,0,1,dalgaon part,orang protected area rf
11-18-325-02150-305105,Assam,Darrang,1.2308,483,77771.625,18480.384765625,0.217821776866913,36,75,2,73,4,0,0,1,0,1,kalaigaon part,tengabari bagicha
11-18-325-02150-305106,Assam,Darrang,2.8964002,1114,98319.15625,21468.978515625,0.0597147941589355,44,67,3,54,6,0,0,1,0,0,kalaigaon part,kachari para
11-18-325-02150-305107,Assam,Darrang,2.3608,1008,89525.984375,20106.513671875,0.125847041606903,50,69,8,59,10,0,0,1,0,1,kalaigaon part,kawaimari
11-18-325-02150-305108,Assam,Darrang,1.0620999,359,69109.4375,15166.16015625,0.418952614068985,22,33,8,25,6,0,0,0,0,0,kalaigaon part,hapamara
11-18-325-02150-305109,Assam,Darrang,2.272,983,84935.5703125,18276.2421875,0.157540827989578,75,149,27,120,6,0,0,0,0,0,kalaigaon part,bhakat para
11-18-325-02150-305110,Assam,Darrang,1.9750999,990,92978.1015625,18694.009765625,0.166137561202049,74,101,13,75,6,0,0,0,0,0,kalaigaon part,kaith para
11-18-325-02150-305111,Assam,Darrang,3.46,1670,74594.21875,16802.794921875,0.235494881868362,112,219,33,181,6,0,0,1,0,0,kalaigaon part,balipota
11-18-325-02150-305112,Assam,Darrang,3,1225,98564.21875,20667.953125,0.0730738714337349,60,117,8,95,6,0,0,1,0,0,kalaigaon part,lakhimpur
11-18-325-02150-305113,Assam,Darrang,3.3493,1192,88240.71875,19990.2890625,0.0769230797886848,41,76,4,71,10,0,0,1,0,0,kalaigaon part,jhakuapara
11-18-325-02150-305114,Assam,Darrang,1.4966999,628,92393.8359375,20323.517578125,0.153976306319237,25,39,6,33,12,0,0,1,0,0,kalaigaon part,gargari chuba
11-18-325-02150-305115,Assam,Darrang,2.196,1300,78734.1484375,18821.154296875,0.190622597932816,54,74,6,62,,0,0,1,1,0,kalaigaon part,samala khat
11-18-325-02150-305116,Assam,Darrang,1.757,916,78987.0859375,20913.4296875,0.0820568948984146,31,39,2,36,12,0,0,0,0,1,kalaigaon part,bagharbari
11-18-325-02150-305117,Assam,Darrang,2.5045,1186,76619.3359375,18239.529296875,0.131190270185471,97,113,0,84,10,0,0,1,0,0,kalaigaon part,pariapara
11-18-325-02150-305118,Assam,Darrang,2.2528,1143,70783.2265625,16253.92578125,0.246913582086563,88,134,9,95,6,0,0,1,0,0,kalaigaon part,garia para
11-18-325-02150-305119,Assam,Darrang,2.8284,1331,76760.671875,16810.53125,0.221899926662445,76,139,4,134,8,0,0,1,0,0,kalaigaon part,dakhin bokrajhar
11-18-325-02150-305120,Assam,Darrang,2.3211,1069,68881.6484375,14444.9619140625,0.311355322599411,63,94,9,79,10,0,0,1,0,0,kalaigaon part,neog para
11-18-325-02150-305121,Assam,Darrang,1.9129,707,77507.875,17779.966796875,0.230769231915474,24,56,6,50,6,0,0,0,0,0,kalaigaon part,durga gaon
11-18-325-02150-305122,Assam,Darrang,2.3293,1006,76466.015625,18206.1953125,0.250728875398636,40,58,4,48,4,0,0,1,0,0,kalaigaon part,choudhuri para
11-18-325-02150-305123,Assam,Darrang,2.5175,1498,92973.28125,21199.119140625,0.136807814240456,33,102,1,101,1,0,0,1,0,0,kalaigaon part,udmari
11-18-325-02150-305124,Assam,Darrang,2.3678,1208,78294.7109375,17733.14453125,0.248569086194038,40,54,6,48,6,0,0,1,0,0,kalaigaon part,kamarpara
11-18-325-02150-305125,Assam,Darrang,1.2383,538,74955.921875,17307.76171875,0.238010659813881,24,43,5,38,6,0,0,0,0,0,kalaigaon part,akalibari
11-18-325-02150-305126,Assam,Darrang,1.7942,954,74096.375,16104.541015625,0.305120170116425,23,47,6,41,6,0,0,0,0,0,kalaigaon part,bahjani
11-18-325-02150-305127,Assam,Darrang,2.3204,1257,67324.1015625,15138.5947265625,0.326207429170609,66,111,9,99,6,0,0,1,0,0,kalaigaon part,jabari kuchi
11-18-325-02150-305128,Assam,Darrang,1.5727,781,64365.67578125,14121.4384765625,0.438787877559662,100,172,33,139,3,0,0,0,0,1,kalaigaon part,garubandha
11-18-325-02150-305129,Assam,Darrang,1.7122,700,72846.8125,16050.9931640625,0.296610176563263,25,45,2,43,7,0,0,1,0,0,kalaigaon part,barkala khas
